k99_2304_1	562	340
k99_2589_1	1547	1317
k99_2589_2	1547	559
k99_2019_1	562	63
k99_2019_2	543	711
k99_2019_3	562	93
k99_2020_1	562	189
k99_2020_2	562	365
k99_1734_1	1547	601
k99_1734_2	1547	334
k99_2738_1	562	85
k99_2738_2	562	219
k99_2738_3	562	253
k99_2447_1	1547	243
k99_2447_2	1547	1382
k99_2447_3	1547	171
k99_2447_4	1547	286
k99_2447_5	1547	419
k99_2447_6	1547	280
k99_2447_7	1547	919
k99_2447_8	1547	597
k99_2447_9	1547	647
k99_2447_10	1547	279
k99_2447_11	1547	590
k99_2447_12	1547	572
k99_2590_1	1547	672
k99_2590_2	1547	638
k99_2590_3	1547	1289
k99_2590_4	1547	612
k99_2590_5	1547	53
k99_151_1	818	666
k99_151_2	818	211
k99_151_3	818	382
k99_2305_1	543	369
k99_2305_2	562	698
k99_2305_3	561	644
k99_2305_4	562	2043
k99_2305_5	562	214
k99_2305_6	562	213
k99_2305_7	562	974
k99_2305_8	562	647
k99_2305_9	543	716
k99_1874_1	572511	90
k99_1874_2	572511	826
k99_1874_3	572511	594
k99_1874_4	572511	376
k99_1874_5	572511	172
k99_1874_6	572511	579
k99_1874_7	572511	914
k99_1874_8	572511	286
k99_1874_9	572511	914
k99_1874_10	572511	949
k99_1874_11	572511	833
k99_1874_12	572511	588
k99_1874_13	572511	355
k99_26_1	186803	271
k99_26_2	207244	704
k99_2306_1	562	529
k99_2306_2	562	274
k99_2306_3	562	510
k99_2306_4	562	865
k99_2306_5	562	584
k99_2306_6	562	116
k99_2306_7	562	268
k99_2306_8	562	52
k99_2306_9	562	328
k99_2306_10	561	212
k99_2306_11	562	453
k99_2306_12	562	709
k99_2596_1	562	1248
k99_870_1	33035	170
k99_870_2	572511	478
k99_870_3	572511	813
k99_873_1	105841	355
k99_1878_1	562	501
k99_1878_2	543	568
k99_1878_3	562	1023
k99_1878_4	543	793
k99_1878_5	562	61
k99_1878_6	562	729
k99_1878_7	562	514
k99_162_1	3025755	85
k99_162_2	1547	288
k99_162_3	1547	279
k99_162_4	1547	536
k99_162_5	1547	783
k99_162_6	1547	741
k99_162_7	1547	428
k99_162_8	1547	278
k99_162_9	1547	88
k99_162_10	1547	375
k99_162_11	1547	324
k99_162_12	1547	195
k99_162_13	1547	570
k99_162_14	1547	137
k99_162_15	1547	608
k99_162_16	1547	813
k99_162_17	1547	689
k99_162_18	1547	173
k99_1443_1	816	1122
k99_1443_2	816	1246
k99_1443_3	818	372
k99_1443_4	818	504
k99_1443_5	816	726
k99_1443_6	818	900
k99_1443_7	816	863
k99_1443_8	816	263
k99_1443_9	818	1207
k99_1443_10	816	803
k99_1443_11	816	782
k99_1443_12	816	121
k99_1443_13	816	628
k99_1443_14	818	1221
k99_1443_15	818	686
k99_1443_16	818	347
k99_1443_17	818	1602
k99_1443_18	818	390
k99_1443_19	818	1083
k99_1443_20	816	884
k99_1443_21	816	795
k99_1443_22	818	690
k99_1443_23	816	1565
k99_1443_24	816	827
k99_1443_25	816	836
k99_1443_26	818	396
k99_1297_1	572511	118
k99_1297_2	2951970	73
k99_1297_4	572511	117
k99_2028_1	562	330
k99_2028_2	562	156
k99_2028_3	562	491
k99_2028_4	562	230
k99_2028_5	562	946
k99_2598_1	543	457
k99_2598_2	562	546
k99_2598_3	562	422
k99_167_1	572511	196
k99_1018_1	207244	553
k99_1448_1	562	394
k99_1448_2	562	600
k99_1448_3	562	414
k99_1448_4	562	1059
k99_1022_1	572511	97
k99_1022_2	572511	1582
k99_1022_3	572511	432
k99_172_1	1547	121
k99_172_2	1547	831
k99_172_3	1547	712
k99_172_4	1547	570
k99_172_5	1547	178
k99_173_1	562	304
k99_173_2	562	348
k99_433_1	1547	1396
k99_433_2	1547	2395
k99_433_3	1547	250
k99_437_1	1547	202
k99_437_2	1547	378
k99_437_3	1547	144
k99_437_4	1547	173
k99_437_5	1547	693
k99_28_1	572511	557
k99_28_2	572511	565
k99_28_3	572511	866
k99_28_4	572511	1162
k99_28_5	572511	654
k99_28_6	572511	964
k99_28_7	572511	487
k99_28_8	572511	593
k99_28_9	572511	1935
k99_28_10	572511	528
k99_28_11	572511	427
k99_28_12	572511	488
k99_28_13	33035	255
k99_28_14	572511	2335
k99_28_15	572511	266
k99_28_16	572511	1064
k99_28_17	572511	832
k99_28_18	572511	556
k99_28_19	572511	202
k99_28_21	572511	547
k99_28_22	572511	288
k99_28_23	572511	840
k99_28_24	572511	631
k99_28_25	572511	712
k99_28_26	572511	1699
k99_28_27	572511	2242
k99_28_28	572511	1055
k99_28_29	572511	461
k99_28_30	33035	224
k99_28_31	572511	1165
k99_28_32	572511	631
k99_28_33	572511	1049
k99_28_34	572511	1260
k99_28_35	33035	476
k99_28_36	186803	207
k99_587_1	562	749
k99_587_2	561	78
k99_587_3	562	195
k99_587_4	561	263
k99_587_5	543	437
k99_587_6	562	267
k99_587_7	562	354
k99_587_8	562	64
k99_30_1	1547	172
k99_30_2	1547	245
k99_30_3	1547	1222
k99_30_4	1547	1036
k99_30_5	1547	299
k99_30_6	3025755	57
k99_2604_1	572511	932
k99_2604_2	572511	714
k99_2604_3	572511	169
k99_2604_4	572511	476
k99_2604_5	572511	919
k99_2604_6	572511	517
k99_2604_7	572511	786
k99_2604_8	572511	403
k99_2604_9	572511	503
k99_2604_10	572511	1046
k99_2604_11	572511	962
k99_2604_12	572511	790
k99_2604_13	572511	818
k99_2604_14	572511	805
k99_2604_15	572511	288
k99_2604_16	572511	1249
k99_2604_18	572511	891
k99_2604_19	572511	1022
k99_2604_20	572511	886
k99_2604_21	33035	231
k99_2604_22	572511	568
k99_2604_23	33035	60
k99_2176_1	562	329
k99_2176_2	543	160
k99_2176_3	562	824
k99_2176_4	562	278
k99_2176_5	562	1040
k99_2176_6	562	128
k99_2454_1	572511	203
k99_2454_2	572511	206
k99_2454_3	572511	565
k99_2454_4	572511	364
k99_2454_5	572511	266
k99_2454_6	33035	391
k99_2454_7	572511	500
k99_2454_8	154046	114
k99_2454_9	572511	93
k99_2454_10	572511	275
k99_2454_11	572511	343
k99_2454_12	572511	159
k99_2454_13	572511	305
k99_2454_14	572511	510
k99_2454_15	1532	538
k99_2454_16	33035	342
k99_2454_17	33035	247
k99_2454_18	572511	291
k99_2454_19	33035	237
k99_2454_20	186803	367
k99_2454_21	572511	463
k99_2454_22	572511	336
k99_441_1	1547	178
k99_441_2	1547	356
k99_441_3	1547	630
k99_441_4	1547	189
k99_441_5	1547	134
k99_441_6	1547	298
k99_441_7	1547	141
k99_441_8	1547	292
k99_441_9	1547	482
k99_885_1	1531	273
k99_885_2	186803	171
k99_885_3	186803	284
k99_885_4	39482	90
k99_885_5	186803	184
k99_885_6	186803	126
k99_885_7	186803	279
k99_885_8	186803	140
k99_885_9	186803	189
k99_885_10	186803	258
k99_885_11	186803	410
k99_885_12	186803	655
k99_885_13	33035	159
k99_885_14	186803	362
k99_885_15	186803	141
k99_885_16	186803	361
k99_885_17	186803	318
k99_885_18	186803	120
k99_885_19	186803	191
k99_885_20	1531	128
k99_885_21	186803	273
k99_885_22	1531	215
k99_885_23	186803	368
k99_885_24	186803	171
k99_885_25	186803	741
k99_885_26	186803	741
k99_885_27	186803	238
k99_885_28	1531	114
k99_885_29	186803	182
k99_885_30	186803	393
k99_885_31	186803	249
k99_885_32	186802	559
k99_885_33	1531	121
k99_885_34	186803	160
k99_885_35	572511	66
k99_295_1	572511	509
k99_443_1	1547	433
k99_443_2	1547	637
k99_1306_1	3025755	765
k99_1306_2	1547	187
k99_1306_3	1547	617
k99_1306_4	1547	217
k99_1306_5	1547	275
k99_1306_6	1547	785
k99_1306_7	1547	596
k99_1306_8	1547	644
k99_1306_9	1547	627
k99_1306_10	1547	250
k99_1306_11	1547	82
k99_1306_12	1547	428
k99_1306_13	1547	1222
k99_1306_14	1547	388
k99_1306_15	1547	325
k99_1306_16	1547	874
k99_1306_17	1547	504
k99_1306_18	1547	395
k99_1306_19	1547	697
k99_1306_20	3025755	1388
k99_1306_21	1547	506
k99_1306_22	1547	589
k99_1306_23	1547	216
k99_1306_24	1547	699
k99_1306_25	1547	43
k99_1306_26	1547	1136
k99_1306_27	1547	742
k99_1306_28	1547	410
k99_1306_29	1547	421
k99_1306_30	1547	668
k99_1306_31	1547	375
k99_1306_32	1239	257
k99_1306_33	1547	897
k99_1306_34	1547	155
k99_1306_35	1547	267
k99_1306_36	1547	302
k99_1306_37	1547	201
k99_1306_38	1547	610
k99_1306_39	1547	363
k99_1306_40	1547	630
k99_1306_41	1547	428
k99_1306_42	1547	705
k99_1306_43	1547	731
k99_1306_44	1547	799
k99_1306_45	1547	501
k99_1306_46	3025755	57
k99_2460_1	562	786
k99_2460_2	562	1501
k99_2460_3	562	99
k99_891_1	562	604
k99_891_2	562	729
k99_891_3	543	133
k99_38_2	33035	220
k99_38_3	33035	414
k99_2322_1	562	618
k99_2754_1	2810280	77
k99_2754_2	1547	437
k99_2754_3	2810280	655
k99_2754_4	3025755	435
k99_41_1	562	775
k99_41_2	562	369
k99_895_1	562	660
k99_895_2	562	710
k99_895_3	562	520
k99_895_4	562	592
k99_895_5	562	352
k99_46_1	562	525
k99_46_2	562	1059
k99_1166_1	207244	382
k99_2324_1	1547	182
k99_2324_2	1547	629
k99_1316_2	572511	776
k99_1316_3	33035	733
k99_1316_4	572511	249
k99_1316_5	39496	64
k99_298_1	1547	415
k99_48_1	3025755	345
k99_48_2	1547	465
k99_48_3	1547	365
k99_48_4	1547	445
k99_48_5	1547	331
k99_48_6	1239	894
k99_2047_1	105841	254
k99_2047_2	105841	105
k99_2186_1	562	629
k99_2186_2	562	314
k99_2186_3	562	125
k99_2186_4	562	500
k99_2186_5	562	345
k99_2186_6	562	412
k99_2186_7	562	429
k99_2186_8	562	315
k99_2186_9	562	588
k99_2186_10	562	469
k99_2186_11	562	1701
k99_2186_12	562	168
k99_2186_13	562	358
k99_2186_14	562	115
k99_2186_15	562	322
k99_2186_16	562	1064
k99_2186_17	562	1056
k99_2186_18	562	457
k99_2186_19	562	706
k99_2186_20	562	698
k99_2186_21	562	744
k99_2186_22	562	1512
k99_1318_1	3025755	169
k99_1318_2	1547	1512
k99_1318_3	3025755	167
k99_1318_4	1547	84
k99_1318_5	1547	763
k99_1318_6	3025755	335
k99_1318_7	1547	636
k99_1318_8	1547	1152
k99_1318_9	1547	236
k99_1886_1	207244	69
k99_1028_1	562	793
k99_1028_2	543	233
k99_1028_3	562	594
k99_1028_4	543	538
k99_1028_5	562	246
k99_1028_6	543	1722
k99_1028_7	562	909
k99_1028_8	543	936
k99_1028_9	562	1095
k99_1028_10	543	1797
k99_1028_11	562	478
k99_1028_12	543	879
k99_1028_13	562	562
k99_1028_14	562	394
k99_1028_15	562	580
k99_1028_16	562	290
k99_1028_17	562	916
k99_1028_18	562	777
k99_1028_19	562	687
k99_1028_20	562	393
k99_1028_21	562	491
k99_1028_22	562	138
k99_1028_23	562	271
k99_1028_24	543	1721
k99_1028_25	562	400
k99_1028_26	543	611
k99_51_1	1547	385
k99_51_2	1547	2607
k99_1168_1	572511	1046
k99_1168_2	572511	1175
k99_1168_3	572511	567
k99_1168_4	572511	601
k99_1168_5	572511	977
k99_1168_6	33035	115
k99_1168_7	572511	1642
k99_1168_8	33035	400
k99_1168_9	572511	845
k99_1168_10	572511	419
k99_1168_11	1532	1021
k99_1168_12	572511	1392
k99_1168_13	572511	241
k99_1168_14	1532	909
k99_1168_15	572511	1016
k99_1168_16	1532	393
k99_1168_17	33035	1005
k99_1168_18	572511	470
k99_1168_19	572511	370
k99_1168_20	572511	439
k99_1168_21	572511	1684
k99_2770_1	543	464
k99_2770_2	543	115
k99_2770_3	543	302
k99_2770_4	562	320
k99_2770_5	543	216
k99_2770_6	543	385
k99_2770_7	1236	117
k99_2770_8	562	1065
k99_2770_9	562	331
k99_2770_10	543	96
k99_1763_1	3025755	534
k99_1763_2	1547	550
k99_1763_3	1547	446
k99_1763_4	1547	793
k99_1763_5	1547	421
k99_1763_6	69824	1102
k99_1763_7	1239	313
k99_1763_8	3025755	670
k99_1763_9	1547	833
k99_1763_10	3025755	325
k99_1763_11	1547	701
k99_1763_12	1547	1098
k99_1763_13	1547	1110
k99_1763_14	1547	329
k99_1763_15	1547	71
k99_1763_16	1547	1147
k99_1763_17	1547	378
k99_1763_18	1547	664
k99_1763_19	1547	462
k99_1764_1	562	319
k99_1764_2	562	243
k99_461_1	562	174
k99_461_2	562	526
k99_461_3	562	196
k99_461_4	562	70
k99_2465_1	572511	347
k99_2465_2	572511	725
k99_2465_3	572511	999
k99_2465_4	572511	902
k99_2465_5	572511	627
k99_2465_6	572511	644
k99_2465_7	572511	1606
k99_2465_8	572511	419
k99_2465_9	572511	687
k99_2465_10	1737424	1340
k99_2465_11	186803	216
k99_1031_1	1547	108
k99_1031_3	1547	461
k99_1031_5	2810280	167
k99_1031_6	1547	279
k99_1031_7	1547	123
k99_1031_8	1547	932
k99_1031_9	1547	288
k99_1031_10	3025755	1343
k99_1031_11	1547	447
k99_1031_12	1547	293
k99_1031_13	1547	600
k99_1031_14	1547	596
k99_1031_15	1547	874
k99_1031_16	1547	844
k99_1031_17	1547	411
k99_1031_18	1547	237
k99_462_1	572511	212
k99_462_2	572511	858
k99_462_3	572511	610
k99_304_1	207244	193
k99_59_1	562	358
k99_59_2	562	777
k99_59_3	562	358
k99_59_4	543	540
k99_1181_1	1547	837
k99_1181_2	1547	268
k99_1181_3	1547	114
k99_1181_4	1547	213
k99_1181_5	1547	118
k99_1181_6	1547	529
k99_1181_7	1547	826
k99_1181_8	1547	96
k99_1181_9	1547	122
k99_1181_10	1239	91
k99_1181_11	1547	71
k99_1181_12	1547	196
k99_1181_13	1547	595
k99_1181_14	1547	535
k99_1181_16	1547	567
k99_2777_1	543	58
k99_2777_2	562	785
k99_2777_3	543	939
k99_1183_1	207244	286
k99_1037_1	562	726
k99_468_1	562	382
k99_468_2	562	658
k99_468_3	562	149
k99_468_4	543	475
k99_468_5	562	580
k99_468_6	562	1345
k99_468_7	562	468
k99_468_8	543	138
k99_468_9	561	753
k99_468_10	562	246
k99_468_11	562	1967
k99_468_12	562	1084
k99_468_13	562	1351
k99_468_14	562	381
k99_468_15	562	705
k99_468_16	562	629
k99_468_17	818	50
k99_62_1	105841	404
k99_65_1	105841	154
k99_915_1	105841	298
k99_2191_1	1547	600
k99_2191_2	1547	353
k99_2191_3	1547	176
k99_2191_4	1547	932
k99_2191_5	1547	742
k99_2191_6	1547	280
k99_2191_7	1547	143
k99_2191_8	1547	287
k99_2191_9	1547	223
k99_2191_10	1547	852
k99_2191_11	1547	190
k99_2191_12	1547	251
k99_2191_13	1547	145
k99_2191_14	1547	114
k99_2191_15	1547	92
k99_2191_16	1547	478
k99_2191_17	1547	185
k99_2191_18	1547	84
k99_2191_19	1547	100
k99_2191_20	1547	248
k99_2191_21	1547	149
k99_2191_22	1547	1206
k99_2191_23	1547	610
k99_2191_24	1547	484
k99_2191_25	1547	167
k99_2191_26	1547	484
k99_2191_27	1547	256
k99_2191_28	1547	508
k99_2191_29	1547	105
k99_2191_30	1547	308
k99_2191_31	1547	246
k99_2191_32	1547	350
k99_2191_33	1547	342
k99_2191_34	1547	203
k99_2191_35	1547	85
k99_2191_36	1547	226
k99_2191_37	1547	118
k99_2191_38	1547	271
k99_2191_39	1547	135
k99_2191_40	1547	140
k99_2191_41	1547	272
k99_2191_42	1547	883
k99_2191_43	1547	911
k99_2191_44	1547	997
k99_2191_45	1547	207
k99_2191_46	1547	99
k99_2191_47	1547	361
k99_2191_48	1547	615
k99_2191_49	1547	155
k99_2191_50	1547	202
k99_2191_51	1547	202
k99_2191_52	1547	348
k99_2191_53	1547	239
k99_2191_54	1547	273
k99_2191_55	1547	249
k99_2191_56	1547	157
k99_2191_57	1547	1333
k99_2191_58	1547	235
k99_2191_59	1547	2162
k99_2191_60	1547	1146
k99_2191_61	1547	179
k99_2191_62	1547	304
k99_2191_63	1547	174
k99_2191_64	1547	510
k99_2191_65	1547	125
k99_469_1	1547	2402
k99_469_2	1547	835
k99_469_3	1547	522
k99_469_4	1547	190
k99_469_5	1547	497
k99_469_6	1547	723
k99_469_7	1547	1001
k99_469_8	1547	993
k99_469_9	1547	153
k99_469_10	1547	656
k99_469_11	1547	444
k99_469_12	1547	192
k99_469_13	1547	1040
k99_469_14	1547	93
k99_316_1	1547	136
k99_316_2	1547	888
k99_316_3	3025755	633
k99_316_4	1547	699
k99_316_5	1547	606
k99_316_6	1547	476
k99_316_7	1547	791
k99_316_8	1547	676
k99_316_9	1547	499
k99_316_10	1547	400
k99_316_11	3025755	446
k99_316_12	1547	84
k99_2486_2	572511	230
k99_2486_3	33035	409
k99_2486_4	572511	748
k99_2486_5	33035	597
k99_2486_6	572511	613
k99_2486_7	572511	393
k99_2486_8	572511	407
k99_2486_9	572511	346
k99_2195_1	562	403
k99_2195_2	562	584
k99_2195_3	562	499
k99_2195_4	543	382
k99_2195_5	562	1037
k99_2195_6	562	275
k99_2195_7	562	825
k99_2195_8	562	53
k99_2195_9	562	272
k99_2195_10	562	553
k99_2195_11	562	121
k99_1897_1	562	1023
k99_1897_2	562	939
k99_1897_3	562	994
k99_1897_4	562	105
k99_1897_5	562	197
k99_1897_6	562	179
k99_1897_7	562	169
k99_1897_8	562	1021
k99_1897_9	562	486
k99_1897_10	562	538
k99_2332_1	562	84
k99_2332_2	562	965
k99_2332_3	562	394
k99_932_1	818	125
k99_932_2	818	945
k99_934_1	105841	340
k99_2503_1	105841	401
k99_319_1	572511	375
k99_319_2	572511	479
k99_319_3	33035	454
k99_319_4	572511	999
k99_319_5	572511	471
k99_319_6	572511	482
k99_319_7	572511	281
k99_319_8	572511	395
k99_319_9	186803	449
k99_319_10	572511	1013
k99_319_11	572511	1356
k99_319_12	572511	1230
k99_319_13	572511	1118
k99_319_14	572511	1139
k99_319_15	572511	469
k99_319_16	572511	672
k99_319_17	572511	628
k99_319_18	572511	579
k99_319_19	572511	1102
k99_319_20	572511	1235
k99_319_21	572511	653
k99_319_22	33035	152
k99_319_23	572511	764
k99_319_24	572511	257
k99_319_25	572511	736
k99_319_26	572511	496
k99_319_27	572511	548
k99_319_28	572511	425
k99_319_29	572511	870
k99_319_30	572511	806
k99_2506_1	562	225
k99_2506_2	562	552
k99_2506_3	562	649
k99_2506_4	562	502
k99_2507_1	562	244
k99_2507_2	562	749
k99_2507_3	562	1057
k99_947_1	562	698
k99_947_2	562	396
k99_947_3	562	397
k99_324_1	562	465
k99_324_2	543	434
k99_324_3	543	161
k99_484_1	1547	563
k99_484_2	1547	1009
k99_484_3	1547	1002
k99_484_4	1547	122
k99_486_1	572511	60
k99_486_2	1532	773
k99_486_4	572511	723
k99_486_5	572511	228
k99_1782_1	1547	248
k99_1782_2	1547	667
k99_80_1	562	688
k99_80_2	543	790
k99_80_3	562	1054
k99_957_1	572511	577
k99_328_1	818	884
k99_328_2	818	959
k99_328_3	818	1123
k99_328_4	818	1177
k99_328_5	818	956
k99_328_6	818	697
k99_328_7	818	1416
k99_328_8	818	2106
k99_328_9	818	1070
k99_328_10	818	394
k99_89_1	562	419
k99_89_2	562	686
k99_2338_1	562	90
k99_2338_2	562	171
k99_2338_3	562	937
k99_2338_4	1236	127
k99_330_1	1532	76
k99_330_4	186803	2066
k99_330_5	33035	795
k99_330_6	33035	913
k99_330_7	33035	459
k99_330_8	33035	758
k99_330_9	572511	737
k99_330_10	33035	887
k99_330_11	1532	965
k99_330_12	33035	359
k99_2339_1	1547	1068
k99_2339_2	1547	1039
k99_2339_3	1547	274
k99_2339_4	1547	505
k99_2339_5	3025755	1046
k99_94_1	562	927
k99_94_2	562	231
k99_94_3	561	499
k99_94_4	562	788
k99_94_5	543	400
k99_94_6	562	697
k99_94_7	562	426
k99_94_8	562	1362
k99_94_9	562	1009
k99_94_10	562	1336
k99_2202_1	186803	131
k99_2202_2	186803	928
k99_2202_3	186803	643
k99_2202_4	39482	336
k99_2202_5	186803	170
k99_2202_6	186803	807
k99_2202_7	186803	236
k99_2202_8	186803	714
k99_2202_9	186803	306
k99_2202_10	186803	281
k99_2202_11	186803	236
k99_2202_12	186803	281
k99_2202_13	186803	214
k99_2202_14	186803	599
k99_2202_15	186803	134
k99_2202_16	186803	868
k99_2202_17	572511	307
k99_2202_18	186803	358
k99_2202_19	186803	2685
k99_2202_20	186803	467
k99_2202_21	186803	821
k99_2202_22	572511	243
k99_2202_23	186803	319
k99_2202_24	186803	755
k99_2202_25	186803	640
k99_2202_26	186803	203
k99_2202_27	186803	326
k99_2202_28	186803	107
k99_2202_29	186803	248
k99_2202_30	186803	743
k99_2202_31	186803	300
k99_2202_32	186803	777
k99_2202_33	39482	102
k99_2202_34	186803	210
k99_2202_35	186803	149
k99_2202_36	1531	1162
k99_2202_37	186803	117
k99_2521_1	105841	345
k99_1790_1	562	110
k99_1790_2	562	315
k99_1790_3	562	823
k99_1790_4	562	763
k99_1790_5	562	502
k99_1790_6	562	377
k99_1790_7	543	750
k99_1790_8	562	651
k99_1790_9	562	323
k99_1790_10	562	814
k99_1790_11	562	681
k99_1043_1	818	1426
k99_1043_2	818	1182
k99_1043_3	818	450
k99_1043_4	818	1225
k99_1043_5	816	672
k99_1043_6	818	1415
k99_1043_7	818	2076
k99_1043_8	818	1010
k99_1043_9	818	96
k99_1043_10	818	444
k99_1043_11	816	376
k99_1043_12	818	426
k99_1043_13	816	1327
k99_1043_14	816	880
k99_1043_15	818	915
k99_1043_16	818	1084
k99_1043_17	816	559
k99_1043_18	818	556
k99_1043_19	816	234
k99_1043_20	816	1480
k99_1043_21	818	771
k99_1043_22	816	836
k99_1043_23	816	181
k99_1043_24	816	204
k99_1043_25	818	429
k99_1043_26	818	580
k99_1043_27	818	338
k99_1043_28	818	462
k99_1043_29	818	969
k99_1043_30	818	1858
k99_1043_31	816	521
k99_1043_32	816	631
k99_1043_33	818	612
k99_1043_34	818	1753
k99_1043_35	816	768
k99_1043_36	818	430
k99_1043_37	818	967
k99_1043_38	818	474
k99_1043_39	818	371
k99_1043_40	816	810
k99_1043_41	816	803
k99_1043_42	818	423
k99_1043_43	818	377
k99_1043_44	818	1598
k99_1043_45	818	420
k99_1043_46	816	632
k99_1043_47	818	1657
k99_1043_48	816	434
k99_1043_49	816	1403
k99_1043_50	818	124
k99_1043_51	818	1475
k99_1043_52	818	755
k99_1043_53	818	3807
k99_1043_54	816	1117
k99_1043_55	818	642
k99_1043_56	816	358
k99_1043_57	818	242
k99_1043_58	818	302
k99_1043_59	816	523
k99_1043_60	818	717
k99_1043_61	818	418
k99_1043_62	818	1793
k99_1043_63	816	71
k99_1043_64	818	1249
k99_1043_65	818	375
k99_1043_66	818	674
k99_1043_67	818	2368
k99_1043_68	818	1314
k99_1043_69	818	1513
k99_1043_70	818	289
k99_1043_71	818	728
k99_1043_72	816	2031
k99_1043_73	818	1050
k99_1043_74	818	757
k99_1043_75	818	488
k99_1043_76	818	866
k99_1043_77	818	860
k99_1043_78	818	435
k99_1043_79	818	791
k99_1043_80	818	1357
k99_1043_81	818	682
k99_1043_82	818	694
k99_1043_83	816	721
k99_1043_84	816	793
k99_1043_85	816	341
k99_1043_86	818	475
k99_1043_87	816	201
k99_1043_88	816	917
k99_1043_89	818	236
k99_1043_90	818	191
k99_1043_91	818	683
k99_1043_92	818	989
k99_1043_93	818	151
k99_1043_94	816	1011
k99_1043_95	816	344
k99_1043_96	816	375
k99_1043_97	816	752
k99_1043_98	818	529
k99_1043_99	818	442
k99_1043_100	818	423
k99_1044_1	33035	615
k99_97_1	33035	84
k99_97_2	33035	132
k99_97_3	186803	711
k99_97_4	186803	548
k99_97_5	186803	914
k99_97_6	33038	337
k99_97_7	33035	646
k99_97_8	186803	904
k99_97_9	33035	224
k99_97_10	33035	173
k99_97_11	186803	602
k99_97_12	33035	172
k99_97_13	572511	193
k99_97_14	186803	363
k99_97_15	33035	122
k99_97_16	186801	1761
k99_97_17	2719313	224
k99_97_18	2719313	151
k99_97_19	186803	436
k99_97_20	2719313	577
k99_97_21	186803	334
k99_97_22	186803	1699
k99_2070_1	33035	240
k99_2070_2	572511	230
k99_2070_3	33035	957
k99_2070_4	33035	571
k99_2070_5	33035	535
k99_2070_6	33035	925
k99_2070_7	33035	1437
k99_2070_8	33035	191
k99_2070_9	33035	131
k99_2070_10	33035	538
k99_2070_11	33035	397
k99_2070_12	572511	535
k99_2070_13	572511	3002
k99_2070_14	1532	630
k99_2070_15	1532	320
k99_2070_16	33035	189
k99_2070_17	1532	326
k99_2070_18	1532	334
k99_2070_19	572511	317
k99_2070_20	572511	196
k99_2070_21	572511	125
k99_2070_22	186817	218
k99_2070_23	33035	754
k99_2070_24	572511	531
k99_2070_25	33035	684
k99_2070_26	33035	825
k99_2070_27	33035	546
k99_2070_28	572511	628
k99_2070_29	154046	137
k99_2070_30	186803	112
k99_2070_31	186803	196
k99_2074_1	207244	469
k99_2075_1	1547	381
k99_2075_2	1547	1006
k99_2075_3	1547	161
k99_2547_1	543	382
k99_102_1	562	1299
k99_102_2	562	858
k99_2343_1	543	482
k99_2343_2	562	251
k99_2343_3	562	242
k99_2343_4	562	577
k99_2343_5	561	303
k99_2343_6	562	607
k99_2343_7	562	1217
k99_2343_8	562	403
k99_2343_9	562	388
k99_2343_10	562	709
k99_2343_11	562	540
k99_2343_12	562	595
k99_2343_13	562	637
k99_2343_14	543	1525
k99_2343_15	562	551
k99_2343_16	543	495
k99_2343_17	562	885
k99_2343_18	543	500
k99_2343_19	562	387
k99_2343_20	562	1110
k99_2343_21	562	159
k99_2343_22	562	301
k99_2343_23	562	474
k99_2343_24	562	534
k99_2343_25	562	325
k99_2343_26	543	1030
k99_2343_27	562	468
k99_2343_28	543	754
k99_2343_29	562	1437
k99_2343_30	561	915
k99_2343_31	562	399
k99_2343_32	543	944
k99_2343_33	562	369
k99_1796_1	572511	112
k99_1796_2	572511	110
k99_1796_3	33035	62
k99_231_1	543	367
k99_231_2	562	640
k99_231_3	562	771
k99_231_4	562	701
k99_237_1	186803	199
k99_237_2	186801	222
k99_1238_1	105841	252
k99_1241_1	562	78
k99_1241_2	562	44
k99_2353_1	1547	390
k99_2353_2	1547	283
k99_2353_3	1547	110
k99_2353_4	1547	105
k99_2353_5	1547	862
k99_2353_6	1547	967
k99_2353_7	1547	527
k99_2353_8	3025755	715
k99_2353_9	1547	149
k99_2353_10	1547	281
k99_2353_11	1547	85
k99_2353_12	1547	518
k99_2353_13	1547	1240
k99_2353_14	1547	1070
k99_2353_15	1547	440
k99_2353_16	1547	988
k99_2353_17	1547	1061
k99_2353_18	1547	195
k99_2353_19	1547	669
k99_966_1	105841	298
k99_966_2	105841	111
k99_1926_1	1547	145
k99_1926_2	1547	493
k99_1926_3	1547	373
k99_1926_4	1547	365
k99_1926_5	1547	501
k99_1926_6	1547	566
k99_1926_7	1547	645
k99_1926_8	1547	283
k99_1926_9	1547	228
k99_1926_10	1547	164
k99_1926_11	1547	917
k99_1926_12	1547	2309
k99_1926_13	1547	525
k99_1926_14	1547	428
k99_1926_15	1547	399
k99_1926_16	1547	528
k99_1926_17	1547	73
k99_1248_1	105841	333
k99_1251_1	33035	111
k99_1251_2	572511	308
k99_2610_1	1547	783
k99_2610_2	1547	1529
k99_2610_3	1547	344
k99_2610_4	1547	1179
k99_2610_5	1547	295
k99_2610_6	1547	194
k99_2610_7	1547	663
k99_2610_8	1547	856
k99_2610_9	1547	1214
k99_2610_10	1547	208
k99_2610_11	3025755	195
k99_2610_12	1547	358
k99_2610_13	3025755	1157
k99_2610_14	3025755	946
k99_2610_15	3025755	379
k99_2610_16	1239	281
k99_2610_17	1547	2028
k99_2610_18	1547	605
k99_2610_19	1547	553
k99_2610_20	1547	579
k99_2610_21	1547	320
k99_1928_1	1547	362
k99_1928_2	1547	142
k99_1928_3	1547	634
k99_1928_4	1547	171
k99_972_1	562	310
k99_972_2	562	748
k99_972_3	562	390
k99_972_4	562	262
k99_2613_1	562	403
k99_2613_2	562	62
k99_1800_1	572511	397
k99_1937_1	818	79
k99_2086_1	572511	165
k99_2086_2	572511	832
k99_2086_3	572511	334
k99_2086_4	572511	888
k99_2086_5	33035	165
k99_2086_6	572511	408
k99_2086_7	572511	176
k99_2086_8	186803	597
k99_2086_9	572511	1153
k99_2086_10	572511	1093
k99_2086_11	572511	607
k99_2086_12	572511	446
k99_2086_13	572511	2181
k99_2086_14	33035	1112
k99_2086_15	572511	304
k99_2086_16	572511	130
k99_2086_17	572511	679
k99_2086_18	33035	241
k99_2086_19	186803	401
k99_2086_20	572511	300
k99_2086_21	33035	226
k99_2086_22	572511	1667
k99_2086_23	572511	1053
k99_2086_24	572511	1153
k99_1801_1	572511	1165
k99_1801_2	572511	1133
k99_1801_3	572511	471
k99_1801_4	572511	577
k99_1801_5	572511	626
k99_1801_6	33035	129
k99_1801_7	572511	997
k99_1801_8	572511	605
k99_1801_9	572511	572
k99_1801_10	572511	966
k99_1801_11	572511	694
k99_1801_12	572511	1103
k99_1801_13	572511	544
k99_1801_14	572511	566
k99_1801_15	572511	863
k99_1801_16	572511	655
k99_1801_17	572511	634
k99_2091_1	562	204
k99_2091_2	561	334
k99_1630_1	562	218
k99_1630_2	562	251
k99_1630_3	562	624
k99_1630_4	543	379
k99_1630_5	561	811
k99_1630_6	562	317
k99_1630_7	543	679
k99_1630_8	562	337
k99_1630_9	562	1606
k99_352_1	1547	232
k99_352_5	1547	478
k99_352_7	1547	399
k99_352_8	1547	169
k99_352_9	1547	432
k99_352_10	1547	654
k99_352_11	1547	638
k99_352_12	1547	1141
k99_352_13	1547	428
k99_352_14	1547	289
k99_352_15	1547	868
k99_352_16	1547	154
k99_352_17	1547	574
k99_352_18	1547	877
k99_352_19	1547	259
k99_352_20	3025755	220
k99_245_1	543	272
k99_245_2	562	628
k99_245_3	562	702
k99_245_4	543	699
k99_245_5	543	777
k99_245_6	562	588
k99_245_7	543	628
k99_245_8	561	707
k99_245_9	562	643
k99_245_10	562	772
k99_245_11	562	721
k99_245_12	562	560
k99_245_13	562	457
k99_245_14	562	688
k99_245_15	562	699
k99_245_16	562	743
k99_245_17	562	623
k99_245_18	561	533
k99_245_19	562	203
k99_1347_1	186803	215
k99_1347_2	186803	229
k99_141_1	562	416
k99_141_2	562	421
k99_141_3	562	1455
k99_141_4	562	184
k99_1635_1	562	868
k99_1635_2	562	63
k99_2367_2	1547	402
k99_2367_3	1547	823
k99_2367_4	1547	389
k99_2367_5	1547	403
k99_2367_6	1547	176
k99_503_1	1547	917
k99_618_1	1547	610
k99_618_2	1547	149
k99_2099_1	562	293
k99_2099_2	562	343
k99_2099_3	562	400
k99_2099_4	562	533
k99_2099_5	562	258
k99_2099_6	562	466
k99_2099_7	562	729
k99_2099_8	562	412
k99_2099_9	562	2563
k99_2099_10	562	131
k99_2099_11	543	964
k99_2099_12	543	69
k99_2099_13	562	469
k99_2099_14	562	109
k99_1947_1	1547	212
k99_1947_2	1547	416
k99_1947_3	1547	494
k99_1947_4	1547	406
k99_991_1	562	355
k99_991_2	562	291
k99_2107_1	562	492
k99_2107_2	562	521
k99_2107_3	562	411
k99_2110_1	105841	328
k99_1805_1	543	231
k99_1805_2	543	711
k99_1805_3	562	483
k99_1805_4	562	769
k99_1805_5	543	286
k99_1805_6	562	1536
k99_1805_7	562	3263
k99_1805_8	562	577
k99_1805_9	562	508
k99_1805_10	562	856
k99_1805_11	543	142
k99_1805_12	562	231
k99_1805_13	561	526
k99_1805_14	818	58
k99_996_1	562	1380
k99_996_2	562	623
k99_996_3	562	725
k99_2113_1	562	486
k99_2113_2	562	231
k99_2113_3	562	644
k99_2633_1	1547	842
k99_1354_1	1547	734
k99_1354_2	1547	246
k99_1354_3	1547	953
k99_1354_4	1547	517
k99_1354_5	1547	1128
k99_1354_6	1547	229
k99_1354_7	1547	550
k99_1354_8	1547	521
k99_1354_9	1547	716
k99_1354_10	1547	635
k99_1354_11	1547	424
k99_1354_12	1547	448
k99_1354_13	1547	387
k99_1354_14	1547	1023
k99_1354_15	1547	813
k99_1354_16	1547	384
k99_1354_17	1547	582
k99_1354_18	1547	1160
k99_1354_19	1547	536
k99_1354_20	1547	536
k99_1354_21	1547	405
k99_1354_22	1547	295
k99_1061_1	562	177
k99_1061_2	562	523
k99_1061_3	543	59
k99_1061_4	562	302
k99_1061_5	562	323
k99_1952_1	543	307
k99_1952_3	562	754
k99_2383_1	818	223
k99_2383_2	818	181
k99_2117_1	543	221
k99_2117_3	547	808
k99_2117_4	547	602
k99_2117_5	547	1311
k99_2117_6	547	898
k99_2117_7	547	1159
k99_2117_8	547	488
k99_2117_9	547	666
k99_1356_1	33035	753
k99_1356_2	572511	962
k99_1356_3	33035	442
k99_1356_4	186802	334
k99_1356_5	2719313	1059
k99_1356_6	208479	264
k99_1267_1	562	250
k99_1267_2	543	657
k99_1267_3	543	387
k99_1267_4	562	408
k99_1267_5	543	329
k99_1267_6	543	479
k99_1267_7	562	337
k99_1267_8	562	1165
k99_1267_9	562	378
k99_1267_10	562	572
k99_1267_11	562	259
k99_1267_12	562	498
k99_1267_13	562	671
k99_1267_14	562	196
k99_2119_1	572511	2373
k99_2119_2	572511	1727
k99_2387_1	543	100
k99_2387_2	562	428
k99_2387_3	562	865
k99_2387_4	562	669
k99_2387_5	562	206
k99_2123_1	543	99
k99_2123_2	562	194
k99_2123_3	562	220
k99_2123_4	543	401
k99_2123_5	562	764
k99_2123_6	562	1246
k99_1276_1	562	123
k99_1276_2	562	231
k99_1653_1	543	108
k99_1653_2	562	286
k99_1653_3	562	554
k99_512_1	572511	680
k99_512_2	33035	531
k99_512_3	572511	493
k99_512_4	572511	495
k99_512_5	572511	497
k99_512_6	1532	504
k99_512_7	33035	558
k99_512_8	572511	614
k99_512_9	572511	676
k99_512_10	572511	458
k99_512_11	572511	510
k99_512_12	572511	587
k99_512_13	572511	994
k99_512_14	572511	239
k99_512_15	572511	333
k99_512_16	572511	811
k99_512_17	33035	976
k99_512_18	572511	859
k99_512_19	33035	537
k99_512_20	572511	483
k99_512_21	572511	877
k99_512_22	572511	568
k99_512_23	572511	448
k99_512_24	572511	543
k99_512_25	572511	1147
k99_512_26	572511	1445
k99_512_28	572511	1240
k99_512_29	1532	970
k99_512_30	572511	280
k99_512_31	572511	489
k99_512_32	572511	132
k99_512_33	572511	563
k99_512_34	572511	956
k99_512_35	1532	892
k99_512_36	572511	1179
k99_512_37	572511	1048
k99_512_38	572511	864
k99_1661_1	1547	494
k99_1661_2	1547	186
k99_1968_1	572511	342
k99_1968_2	572511	571
k99_1968_3	572511	853
k99_1968_4	33035	440
k99_1968_5	572511	321
k99_1968_6	572511	402
k99_1968_7	572511	848
k99_1968_8	33035	323
k99_1483_1	562	319
k99_1483_2	562	607
k99_1483_3	562	929
k99_1483_4	562	728
k99_1485_1	207244	435
k99_2398_1	1532	241
k99_2398_2	2719313	744
k99_2398_3	208479	695
k99_2398_4	572511	771
k99_2398_5	186803	702
k99_2398_6	33035	169
k99_1492_1	562	487
k99_1492_2	562	347
k99_1284_1	1547	420
k99_1285_1	207244	405
k99_2562_1	818	327
k99_2562_2	818	1076
k99_2562_3	818	2100
k99_2562_4	818	1458
k99_2562_5	816	718
k99_2562_6	818	1697
k99_2562_7	818	379
k99_2562_8	818	367
k99_2562_9	818	316
k99_2562_10	818	1723
k99_2562_11	818	1285
k99_2562_12	818	1985
k99_2562_13	818	788
k99_2562_14	818	1360
k99_2562_15	818	365
k99_2562_16	818	774
k99_2562_17	818	2314
k99_2562_18	818	1309
k99_2562_19	818	899
k99_2562_20	818	796
k99_2562_21	818	1005
k99_2562_22	818	862
k99_2562_23	818	1490
k99_2562_24	818	1686
k99_2562_25	816	1608
k99_2562_26	818	1006
k99_2562_27	818	781
k99_2562_28	818	1336
k99_2562_29	818	1439
k99_2562_30	818	781
k99_2562_31	818	1076
k99_2562_32	818	468
k99_2562_33	818	471
k99_2562_34	818	68
k99_2562_35	818	622
k99_2562_36	818	146
k99_2562_37	818	474
k99_2562_38	818	173
k99_2562_39	818	446
k99_2562_40	818	328
k99_2562_41	818	1092
k99_2562_42	818	457
k99_2562_43	818	1022
k99_2562_44	818	1986
k99_2562_45	818	406
k99_2562_46	818	134
k99_2562_47	818	802
k99_2562_48	816	706
k99_2562_49	816	1210
k99_2562_50	818	1934
k99_2562_51	816	628
k99_2562_52	816	95
k99_2562_53	818	703
k99_2562_54	818	313
k99_2562_55	818	804
k99_2562_56	818	201
k99_2562_57	821	58
k99_2562_58	909656	892
k99_2562_59	818	689
k99_2562_60	816	704
k99_2562_61	818	1709
k99_2562_62	816	543
k99_2562_63	818	1295
k99_2562_64	818	583
k99_2562_65	818	290
k99_2562_66	818	1650
k99_2562_67	818	968
k99_2562_68	818	1530
k99_2562_69	818	1034
k99_2562_70	818	2032
k99_2562_71	818	1065
k99_2562_72	818	240
k99_2562_73	818	494
k99_2562_74	818	220
k99_2562_75	818	434
k99_2562_76	818	243
k99_2562_77	818	106
k99_2562_78	818	603
k99_2562_79	818	698
k99_2562_80	818	582
k99_2562_81	816	1765
k99_2562_82	818	915
k99_2562_83	818	147
k99_2562_84	818	915
k99_2562_85	818	517
k99_2562_86	818	945
k99_2562_87	818	662
k99_2562_88	816	536
k99_2562_89	818	777
k99_2562_90	816	850
k99_2562_91	818	1556
k99_2562_92	818	819
k99_2562_93	818	1384
k99_2562_94	818	711
k99_2562_95	818	1061
k99_2562_96	818	1412
k99_2562_97	818	1527
k99_2562_98	818	974
k99_2562_99	818	1115
k99_2562_100	818	1902
k99_2562_101	818	587
k99_2562_102	818	682
k99_2562_103	818	1203
k99_2562_104	818	1160
k99_2562_105	818	2093
k99_2562_106	818	847
k99_2562_107	818	875
k99_2562_108	816	759
k99_2562_109	818	652
k99_2562_110	816	115
k99_2562_111	818	778
k99_2562_112	818	300
k99_2562_113	816	1035
k99_2562_114	818	402
k99_2562_115	818	678
k99_2562_116	816	625
k99_2562_117	818	622
k99_2562_118	818	828
k99_2562_119	816	667
k99_2562_120	818	562
k99_2562_121	818	733
k99_2562_122	818	883
k99_2562_123	818	929
k99_2562_124	818	1630
k99_2562_125	818	939
k99_2562_126	818	816
k99_2562_127	818	689
k99_2562_128	816	430
k99_2562_129	818	600
k99_2562_130	818	375
k99_2562_131	816	350
k99_2562_132	818	1061
k99_2562_133	818	1025
k99_2562_134	818	835
k99_2562_135	818	1874
k99_1286_1	562	281
k99_1286_2	562	363
k99_1286_3	562	231
k99_2216_1	572511	320
k99_2216_2	33035	444
k99_2216_3	572511	476
k99_2216_4	572511	478
k99_2216_5	33035	464
k99_2216_6	572511	810
k99_2216_7	572511	573
k99_2216_8	572511	517
k99_2216_9	33035	305
k99_2216_10	572511	531
k99_2216_11	572511	635
k99_2216_12	572511	605
k99_2216_13	572511	1372
k99_2216_14	572511	569
k99_2216_15	572511	671
k99_2216_16	33035	667
k99_2216_17	572511	593
k99_2216_18	572511	930
k99_2216_19	572511	1343
k99_2216_20	572511	491
k99_2216_21	33035	648
k99_2216_22	33035	620
k99_2216_23	572511	1191
k99_2216_24	572511	657
k99_2216_25	572511	295
k99_2216_26	572511	1023
k99_2216_27	572511	986
k99_2216_28	572511	838
k99_2216_29	572511	483
k99_2216_30	572511	1445
k99_2216_31	572511	751
k99_2216_32	572511	255
k99_2216_33	572511	139
k99_2216_34	572511	697
k99_2216_35	572511	456
k99_2216_36	572511	826
k99_2216_37	572511	851
k99_2216_38	572511	254
k99_2216_39	1532	1369
k99_2216_40	33035	362
k99_2216_41	572511	516
k99_2216_42	572511	714
k99_2216_43	33035	145
k99_2216_44	572511	945
k99_2216_45	572511	494
k99_2216_46	572511	559
k99_2216_47	572511	938
k99_2216_48	572511	417
k99_2216_49	572511	822
k99_2216_50	572511	421
k99_2216_51	572511	283
k99_2216_52	572511	906
k99_2216_53	572511	1031
k99_2216_54	33035	587
k99_2216_55	572511	662
k99_2216_56	572511	903
k99_2216_57	572511	479
k99_2216_58	572511	588
k99_2216_59	33035	492
k99_2216_60	33035	478
k99_2216_61	572511	979
k99_2216_62	572511	475
k99_2216_63	33035	367
k99_2216_64	572511	1628
k99_2216_65	572511	439
k99_2216_66	33035	331
k99_2216_67	572511	443
k99_2216_68	572511	1025
k99_2216_69	572511	451
k99_2216_70	1532	2399
k99_2216_71	186803	792
k99_2216_72	572511	761
k99_2216_73	572511	672
k99_2216_74	33035	558
k99_2216_75	572511	488
k99_2216_76	572511	363
k99_2216_77	33035	252
k99_2218_1	207244	421
k99_1065_1	562	209
k99_1065_2	562	417
k99_1065_3	562	781
k99_1065_4	562	432
k99_1065_5	562	360
k99_1065_6	562	706
k99_1065_7	562	161
k99_1065_8	562	174
k99_1065_9	562	774
k99_1065_10	562	71
k99_1065_11	562	388
k99_1065_12	562	381
k99_1065_13	562	692
k99_1065_14	562	642
k99_1065_15	562	777
k99_1065_16	562	248
k99_1065_17	562	158
k99_1065_18	562	1687
k99_1065_19	562	1025
k99_1065_20	562	769
k99_1065_21	562	985
k99_1065_22	562	308
k99_381_1	1547	357
k99_381_2	1547	256
k99_381_3	1547	461
k99_381_4	1547	617
k99_381_5	1547	526
k99_381_6	1547	508
k99_381_7	1547	405
k99_381_8	1547	209
k99_381_9	3025755	304
k99_381_10	1547	409
k99_381_11	1547	828
k99_381_12	1547	618
k99_381_13	1547	409
k99_381_14	1547	675
k99_381_15	1547	428
k99_2644_1	562	389
k99_2644_2	562	585
k99_2644_3	562	606
k99_2644_4	562	238
k99_2644_5	562	451
k99_2644_6	562	432
k99_2644_7	562	372
k99_2644_8	562	362
k99_2644_9	562	943
k99_2644_10	543	1358
k99_2644_11	543	788
k99_2644_12	562	311
k99_2644_13	561	333
k99_2644_14	562	429
k99_2644_15	562	1099
k99_2574_1	207244	127
k99_2574_2	207244	289
k99_2223_1	572511	155
k99_2223_2	572511	229
k99_2223_3	1532	405
k99_2223_4	572511	436
k99_2223_5	572511	180
k99_2223_6	572511	855
k99_2223_7	186803	190
k99_2223_8	572511	214
k99_2223_9	572511	197
k99_2223_10	572511	660
k99_2223_11	572511	343
k99_2223_12	572511	732
k99_2223_13	572511	460
k99_2223_14	572511	1258
k99_2223_15	33035	232
k99_2223_16	572511	268
k99_2223_17	2840858	389
k99_2223_18	33035	159
k99_2223_19	1337051	547
k99_2223_20	572511	381
k99_263_1	572511	812
k99_263_2	572511	565
k99_263_3	572511	481
k99_263_4	33035	498
k99_263_5	572511	1070
k99_263_6	572511	543
k99_263_7	572511	583
k99_263_8	33035	1154
k99_263_9	572511	531
k99_263_10	572511	243
k99_263_11	572511	762
k99_263_12	572511	517
k99_263_13	572511	701
k99_263_14	572511	926
k99_263_15	572511	540
k99_263_16	33035	593
k99_263_17	33035	707
k99_263_18	33035	138
k99_2226_1	105841	387
k99_2578_1	572511	223
k99_2578_2	572511	256
k99_519_1	543	724
k99_1669_1	572511	431
k99_1669_2	33035	521
k99_1669_3	33035	1193
k99_1669_4	572511	476
k99_1669_5	186803	508
k99_1669_6	33035	750
k99_1669_7	572511	83
k99_1669_8	572511	549
k99_1669_9	33035	541
k99_1669_10	572511	867
k99_1669_11	572511	645
k99_1669_12	33035	1142
k99_1669_13	33035	637
k99_1669_14	572511	948
k99_1669_15	572511	1643
k99_1669_16	33035	903
k99_1669_17	572511	615
k99_1669_18	572511	1916
k99_1669_19	572511	852
k99_1669_20	572511	534
k99_1669_21	572511	397
k99_1669_22	572511	775
k99_1669_23	572511	1224
k99_1669_24	33035	249
k99_1669_25	33035	450
k99_1669_26	33035	546
k99_1669_27	186803	830
k99_1669_28	33035	585
k99_1669_29	33035	761
k99_1669_30	572511	680
k99_1669_31	1532	1395
k99_1669_32	572511	377
k99_389_1	562	558
k99_389_2	562	1254
k99_389_3	562	731
k99_389_4	562	231
k99_389_5	561	441
k99_389_6	543	943
k99_389_7	543	603
k99_389_8	562	899
k99_389_9	562	320
k99_1076_1	562	784
k99_1076_2	562	194
k99_265_1	572511	89
k99_265_2	186803	415
k99_265_3	572511	390
k99_265_4	572511	1046
k99_265_5	572511	587
k99_265_6	572511	1503
k99_265_7	33035	120
k99_265_8	572511	145
k99_265_9	572511	2493
k99_265_10	572511	197
k99_265_11	572511	626
k99_265_12	572511	1006
k99_265_13	186803	242
k99_265_14	572511	214
k99_266_1	1547	301
k99_266_2	1547	838
k99_1991_1	562	393
k99_1991_2	562	376
k99_1991_3	562	997
k99_1991_4	543	973
k99_1991_5	562	837
k99_1991_6	562	516
k99_1991_7	562	431
k99_1991_8	562	254
k99_1991_9	562	199
k99_1991_10	562	183
k99_1991_11	562	243
k99_1991_12	562	196
k99_1991_13	543	309
k99_1991_14	562	696
k99_1991_15	562	267
k99_1991_16	562	139
k99_2231_1	562	392
k99_2231_2	562	632
k99_2231_3	543	655
k99_2231_4	562	121
k99_2231_5	562	365
k99_2231_7	562	255
k99_2231_8	543	142
k99_2231_9	562	404
k99_2231_10	562	829
k99_2231_11	562	414
k99_2645_1	572511	137
k99_2645_2	33035	416
k99_2645_3	33035	204
k99_2645_4	33035	381
k99_2645_5	572511	1019
k99_2645_6	2763026	475
k99_2645_7	572511	440
k99_2645_8	572511	646
k99_2645_9	572511	211
k99_2645_10	572511	367
k99_2645_11	572511	574
k99_2645_12	572511	1024
k99_2645_13	572511	446
k99_2645_14	572511	593
k99_2645_15	572511	721
k99_2645_16	572511	672
k99_2645_17	186803	309
k99_2645_18	572511	1290
k99_2645_19	572511	268
k99_2645_20	572511	541
k99_2645_21	572511	604
k99_2645_22	572511	1439
k99_2645_23	572511	448
k99_2645_24	572511	903
k99_2645_25	33035	235
k99_2645_26	572511	638
k99_2645_27	572511	6489
k99_2587_1	562	1731
k99_2587_2	543	322
k99_2587_3	543	639
k99_2587_4	562	1128
k99_2587_5	562	1072
k99_2587_6	562	496
k99_2587_7	91347	145
k99_1080_1	562	410
k99_1080_2	562	1702
k99_1080_3	562	614
k99_1080_4	562	410
k99_1080_5	562	340
k99_1080_6	543	115
k99_1080_7	562	654
k99_1080_8	562	617
k99_1080_9	562	591
k99_1080_10	562	454
k99_1080_11	543	145
k99_1080_12	543	803
k99_1080_13	562	540
k99_1080_14	562	672
k99_1080_15	562	412
k99_1080_16	562	676
k99_1080_17	562	533
k99_1082_1	1547	1469
k99_1082_2	1547	157
k99_1082_3	1547	364
k99_2648_1	562	273
k99_2648_2	562	160
k99_2648_3	562	551
k99_2648_4	562	149
k99_1674_1	562	818
k99_524_1	186803	159
k99_524_2	572511	434
k99_1675_1	543	87
k99_1675_2	562	219
k99_1675_3	562	320
k99_1675_4	562	458
k99_1675_5	562	527
k99_1675_6	562	650
k99_1675_7	562	181
k99_1675_8	562	195
k99_1675_9	562	873
k99_1675_10	562	565
k99_1675_11	562	204
k99_525_1	1547	517
k99_525_2	1547	435
k99_525_3	1547	1198
k99_525_4	1547	798
k99_525_5	1547	195
k99_2137_2	572511	601
k99_2137_3	572511	476
k99_2137_4	572511	1470
k99_2137_6	2719313	118
k99_2137_7	1532	4511
k99_2137_8	186803	4783
k99_2137_9	33035	1021
k99_2137_10	33035	895
k99_2137_11	33035	558
k99_2137_12	1796616	190
k99_2137_13	572511	254
k99_2137_14	572511	1319
k99_2137_15	572511	571
k99_2137_16	572511	2147
k99_2137_17	572511	526
k99_2137_18	572511	379
k99_2137_19	572511	1643
k99_2137_20	572511	639
k99_2137_21	572511	518
k99_2137_22	186803	403
k99_2137_23	572511	952
k99_2137_24	572511	1323
k99_2137_25	572511	677
k99_2137_26	572511	395
k99_2137_27	572511	779
k99_2137_28	572511	491
k99_2137_29	572511	425
k99_2137_30	33035	134
k99_2137_31	572511	879
k99_2137_32	572511	1400
k99_2137_33	572511	582
k99_2137_34	572511	711
k99_2137_35	572511	764
k99_2137_36	572511	829
k99_2137_37	572511	594
k99_2137_38	572511	913
k99_2137_39	572511	426
k99_2137_40	572511	578
k99_2137_41	572511	447
k99_2137_42	572511	1674
k99_2137_43	572511	639
k99_2137_44	572511	635
k99_2137_45	572511	384
k99_2137_46	572511	2270
k99_2137_47	572511	693
k99_2137_48	572511	577
k99_2137_49	33035	368
k99_2137_50	33035	352
k99_2137_51	572511	560
k99_2137_52	572511	739
k99_2137_53	572511	638
k99_2137_54	572511	855
k99_2137_55	572511	312
k99_2137_56	572511	1431
k99_2137_57	572511	818
k99_2137_58	572511	412
k99_2137_59	33035	685
k99_2137_60	572511	406
k99_2137_61	572511	414
k99_2137_62	572511	474
k99_2137_63	572511	498
k99_2137_64	33035	221
k99_2137_65	572511	217
k99_2137_66	1532	52
k99_2137_67	1532	422
k99_2137_68	572511	367
k99_2137_69	572511	609
k99_2137_70	572511	581
k99_2137_71	572511	1202
k99_2137_72	33035	170
k99_2137_73	572511	1044
k99_2137_74	572511	469
k99_1084_1	572511	154
k99_1084_2	572511	1182
k99_1084_3	572511	657
k99_1084_4	572511	871
k99_1084_5	572511	585
k99_1084_6	572511	540
k99_1084_7	572511	969
k99_1084_8	572511	800
k99_1084_9	572511	915
k99_1084_10	572511	615
k99_1084_11	572511	1733
k99_1084_12	572511	806
k99_1084_13	1532	4825
k99_1085_1	562	760
k99_2651_1	572511	607
k99_2651_2	33035	632
k99_2651_3	572511	566
k99_2651_4	572511	634
k99_2651_5	572511	662
k99_2651_6	572511	1893
k99_2651_7	572511	395
k99_2651_8	572511	816
k99_2651_9	572511	958
k99_2651_10	572511	589
k99_2651_11	572511	583
k99_2651_12	572511	834
k99_2651_13	572511	778
k99_2651_14	186803	651
k99_2651_15	572511	867
k99_2651_16	572511	1044
k99_2651_17	572511	639
k99_2651_18	1532	59
k99_1086_1	1547	970
k99_1515_1	562	156
k99_1515_2	562	639
k99_1515_3	543	494
k99_1515_4	562	227
k99_2652_1	562	965
k99_2652_2	562	226
k99_2796_1	207244	113
k99_2796_2	207244	148
k99_533_1	186803	629
k99_533_2	186803	277
k99_533_3	186801	644
k99_533_4	572511	167
k99_533_5	186803	240
k99_533_6	186803	247
k99_533_7	572511	1184
k99_533_8	572511	749
k99_533_9	572511	589
k99_533_10	572511	591
k99_533_11	33035	280
k99_533_12	572511	156
k99_2141_1	186803	137
k99_2141_2	186803	279
k99_2141_3	186803	157
k99_2141_4	186801	807
k99_2141_5	572511	302
k99_2141_6	572511	540
k99_2141_7	572511	4955
k99_2141_8	33035	1145
k99_2141_9	572511	998
k99_2141_10	572511	1107
k99_2141_11	572511	132
k99_1376_1	562	147
k99_1376_2	562	796
k99_1376_3	562	181
k99_1381_1	186803	472
k99_2235_1	562	132
k99_2235_2	543	801
k99_2007_1	572511	431
k99_2007_2	572511	355
k99_2007_3	572511	749
k99_2007_4	572511	276
k99_2007_5	1532	501
k99_2007_6	1532	1425
k99_2007_7	186803	495
k99_2007_8	572511	672
k99_2007_9	572511	1015
k99_2007_10	572511	496
k99_2007_11	1532	1279
k99_2007_12	572511	374
k99_2007_13	572511	549
k99_2007_14	572511	555
k99_2007_15	33035	590
k99_2007_16	572511	120
k99_2007_17	572511	638
k99_2007_18	572511	800
k99_2007_19	572511	578
k99_2007_20	572511	519
k99_2007_21	572511	2119
k99_2007_22	572511	1433
k99_2007_23	33035	383
k99_2007_24	572511	231
k99_2007_25	572511	423
k99_2007_26	572511	386
k99_2007_27	572511	379
k99_1386_1	562	1189
k99_1095_1	816	723
k99_1095_2	818	584
k99_1095_3	818	812
k99_1095_4	818	544
k99_1095_5	816	926
k99_1095_6	818	493
k99_1095_7	816	1711
k99_1095_8	818	1865
k99_1095_9	818	679
k99_1095_10	818	669
k99_1095_11	818	247
k99_1095_12	816	355
k99_1095_13	818	701
k99_1095_14	818	606
k99_1095_15	818	877
k99_1095_16	816	1114
k99_1095_17	818	96
k99_1095_18	818	579
k99_1095_19	816	369
k99_2424_1	572511	306
k99_2424_2	572511	517
k99_2424_3	572511	542
k99_2424_4	572511	1127
k99_2424_5	572511	642
k99_2424_6	572511	555
k99_2424_7	572511	622
k99_2424_8	572511	453
k99_2424_9	572511	400
k99_2424_10	572511	149
k99_2424_11	572511	491
k99_2424_12	572511	780
k99_2424_13	572511	751
k99_2424_14	572511	118
k99_2424_15	572511	690
k99_2424_16	572511	497
k99_2424_17	572511	356
k99_2424_18	572511	1373
k99_2424_19	572511	1023
k99_2424_20	572511	857
k99_2424_21	572511	486
k99_2424_22	572511	720
k99_2424_23	572511	528
k99_2424_24	186803	704
k99_2424_25	572511	575
k99_2424_26	572511	422
k99_2424_27	572511	298
k99_2424_28	33035	387
k99_2424_29	33035	1122
k99_2424_30	572511	383
k99_2424_31	33035	657
k99_2424_32	33035	621
k99_2424_33	572511	637
k99_2424_34	572511	532
k99_2424_35	572511	905
k99_2424_36	33035	136
k99_2424_37	572511	253
k99_2424_38	572511	379
k99_2424_39	1544	290
k99_2424_40	572511	244
k99_2424_41	186801	67
k99_2424_42	572511	444
k99_2424_43	33035	720
k99_2424_44	572511	468
k99_2424_45	572511	601
k99_2424_46	572511	387
k99_2424_47	572511	630
k99_2424_48	572511	279
k99_2424_49	572511	454
k99_2424_50	33035	700
k99_2424_51	572511	728
k99_2424_52	572511	1130
k99_2424_53	572511	484
k99_2424_54	572511	1073
k99_2424_55	572511	253
k99_2424_56	572511	554
k99_2424_57	572511	191
k99_2424_58	572511	379
k99_2424_59	572511	284
k99_2424_60	572511	491
k99_2424_61	572511	717
k99_2424_62	33035	167
k99_2424_63	572511	1616
k99_2424_64	572511	362
k99_2424_65	572511	1020
k99_2424_66	572511	872
k99_2424_67	572511	2124
k99_2424_68	572511	1373
k99_2424_69	572511	604
k99_2424_70	572511	640
k99_2424_71	33035	82
k99_2424_72	572511	435
k99_2424_73	572511	935
k99_2424_74	572511	285
k99_2424_75	572511	480
k99_2424_76	572511	367
k99_2424_77	572511	838
k99_2424_78	572511	662
k99_2424_79	33035	153
k99_2424_80	572511	382
k99_2424_81	33035	1430
k99_2799_1	1547	198
k99_2799_2	1547	754
k99_2799_3	1547	289
k99_2799_4	1547	475
k99_2799_5	1547	122
k99_2799_6	1547	637
k99_2241_1	33035	72
k99_2241_2	33035	211
k99_2241_3	33035	502
k99_2241_4	33035	471
k99_2241_5	33035	727
k99_2241_6	33035	196
k99_2241_7	33035	191
k99_2241_8	572511	182
k99_1101_1	562	603
k99_1101_2	562	324
k99_1101_3	562	394
k99_411_1	1547	172
k99_411_2	1547	613
k99_1528_1	3025755	1009
k99_1528_2	69824	441
k99_1528_3	1547	429
k99_1528_4	3025755	493
k99_1528_5	1547	528
k99_1528_6	3025755	560
k99_1528_7	1547	531
k99_1528_8	1547	634
k99_1528_9	1547	410
k99_1528_10	1547	1445
k99_1528_11	1547	382
k99_1528_12	1547	310
k99_1528_13	1547	595
k99_1528_14	3025755	780
k99_1528_15	3025755	323
k99_1528_16	1547	310
k99_1528_17	1547	700
k99_1528_18	1547	444
k99_1528_19	1547	527
k99_1528_20	1547	1028
k99_1528_21	3025755	630
k99_1528_22	1547	293
k99_1528_23	1547	313
k99_1528_24	1547	581
k99_549_1	562	143
k99_549_2	562	330
k99_549_3	562	136
k99_549_4	562	208
k99_549_5	562	235
k99_549_6	562	189
k99_549_7	562	504
k99_412_1	562	622
k99_412_2	562	770
k99_412_3	562	1049
k99_412_4	562	277
k99_1690_1	1532	347
k99_1690_2	572511	1153
k99_1690_3	572511	1968
k99_1690_4	572511	913
k99_1690_5	33035	301
k99_1690_6	572511	1338
k99_1690_7	572511	493
k99_1690_8	572511	932
k99_1690_9	572511	827
k99_1690_10	572511	412
k99_1690_11	572511	640
k99_1690_12	572511	822
k99_1690_13	1532	528
k99_1690_14	572511	1017
k99_1690_15	572511	1263
k99_1690_16	572511	530
k99_1690_17	572511	167
k99_2245_1	105841	58
k99_2245_2	207244	252
k99_1536_1	562	161
k99_1536_2	562	275
k99_1697_1	543	695
k99_1697_2	562	558
k99_1697_3	562	843
k99_1697_4	562	297
k99_1697_5	562	192
k99_1697_6	562	867
k99_1537_1	562	413
k99_1537_2	562	691
k99_762_1	562	2333
k99_762_2	543	1425
k99_762_3	543	754
k99_762_4	562	180
k99_762_5	562	445
k99_762_6	543	135
k99_762_7	562	734
k99_762_8	562	901
k99_762_9	562	1076
k99_762_10	562	842
k99_762_11	562	787
k99_762_12	562	598
k99_762_13	562	121
k99_762_14	562	524
k99_762_15	562	812
k99_762_16	543	839
k99_762_17	562	273
k99_1699_1	572511	819
k99_1699_2	33035	662
k99_1699_3	186803	221
k99_1699_4	33035	459
k99_1699_5	186803	550
k99_1699_6	33035	316
k99_2428_1	105841	376
k99_2258_1	562	179
k99_2258_2	562	226
k99_1702_1	562	566
k99_1702_2	562	1560
k99_275_1	562	548
k99_1546_1	562	225
k99_1546_2	562	90
k99_768_1	543	687
k99_768_2	562	1067
k99_768_3	562	460
k99_768_4	562	449
k99_768_5	623	268
k99_1411_1	3025755	372
k99_1411_2	1547	179
k99_1414_1	105841	320
k99_428_1	1547	159
k99_428_2	1547	932
k99_428_3	1547	1121
k99_428_4	1547	344
k99_428_5	1547	2999
k99_428_6	1547	1259
k99_778_1	562	684
k99_778_2	562	492
k99_778_3	562	470
k99_778_4	562	461
k99_778_5	562	948
k99_778_6	562	1286
k99_778_7	562	600
k99_778_8	562	167
k99_778_9	562	237
k99_778_10	562	332
k99_778_11	562	312
k99_778_12	562	1159
k99_778_13	562	775
k99_1423_1	33035	896
k99_1423_2	33035	232
k99_1423_3	572511	116
k99_1423_4	33035	152
k99_1423_5	572511	138
k99_1423_6	572511	67
k99_2686_1	543	415
k99_2687_1	818	361
k99_1565_1	818	843
k99_1566_1	818	843
k99_563_1	1547	1483
k99_563_2	1547	942
k99_563_3	1547	319
k99_563_4	1547	766
k99_563_5	1547	612
k99_563_6	1547	103
k99_563_7	1547	438
k99_563_8	1547	928
k99_563_9	1547	2099
k99_563_10	1547	817
k99_563_11	1547	135
k99_2691_1	1547	551
k99_2691_2	1547	589
k99_2691_3	1547	1025
k99_2691_4	1547	881
k99_2691_5	1547	580
k99_2691_6	1547	244
k99_2699_1	1547	347
k99_2699_2	1547	597
k99_2699_3	1547	214
k99_2699_4	2810280	150
k99_2699_5	1547	124
k99_2701_1	33035	271
k99_2701_2	33035	222
k99_2704_1	207244	199
k99_2704_2	207244	136
k99_2280_1	543	232
k99_2280_2	562	490
k99_2280_3	543	409
k99_2149_1	1547	507
k99_2149_2	1547	509
k99_2149_3	1547	591
k99_2149_4	1547	402
k99_2149_5	1547	366
k99_2149_6	1547	391
k99_640_1	186803	831
k99_640_2	186803	323
k99_640_3	572511	599
k99_640_4	186803	954
k99_640_5	186803	142
k99_640_6	186803	352
k99_640_7	186803	171
k99_640_8	572511	359
k99_640_9	186803	179
k99_640_10	186803	162
k99_640_11	186803	102
k99_2709_1	105841	473
k99_641_1	1547	465
k99_641_2	1547	487
k99_641_3	1547	1216
k99_641_4	1547	352
k99_641_5	1547	794
k99_641_6	1547	299
k99_641_7	1547	585
k99_641_8	1547	505
k99_641_9	1547	874
k99_641_10	1547	277
k99_641_11	1547	572
k99_641_12	1547	547
k99_641_13	1547	50
k99_1573_1	1547	95
k99_1573_2	1547	810
k99_1573_3	1547	226
k99_1573_4	1547	1054
k99_1573_5	1547	207
k99_1573_6	1547	185
k99_1573_7	1547	429
k99_1573_8	1547	637
k99_1573_9	1547	65
k99_2717_1	562	669
k99_2717_2	562	121
k99_2719_1	1532	330
k99_2719_2	33035	434
k99_2719_3	572511	634
k99_2719_4	33035	447
k99_2719_5	1532	786
k99_2719_6	572511	695
k99_2722_1	207244	351
k99_1808_1	562	192
k99_1808_2	562	433
k99_1808_3	562	899
k99_1808_4	562	1168
k99_1808_5	562	1275
k99_1117_1	543	527
k99_2808_1	105841	73
k99_2808_2	207244	633
k99_1823_1	562	450
k99_1823_2	562	133
k99_788_1	1547	385
k99_788_2	1547	836
k99_788_3	1547	231
k99_788_4	1547	237
k99_788_5	1547	205
k99_788_6	1547	178
k99_788_7	1547	679
k99_788_8	1547	359
k99_1827_1	562	162
k99_1827_2	562	584
k99_1827_3	562	560
k99_1827_4	562	504
k99_1827_5	562	313
k99_1827_6	562	481
k99_660_1	562	162
k99_660_2	562	681
k99_660_3	543	591
k99_660_4	543	296
k99_660_5	562	132
k99_660_6	562	184
k99_660_7	562	1263
k99_660_8	562	590
k99_660_9	543	132
k99_660_10	543	285
k99_661_1	562	116
k99_661_2	562	367
k99_661_3	562	173
k99_2301_1	543	228
k99_2301_2	562	1329
k99_1727_1	562	458
k99_1727_2	562	386
k99_1727_3	562	274
k99_1727_4	562	580
k99_1727_5	562	1019
k99_1727_6	562	752
k99_1727_7	562	61
k99_1727_8	562	859
k99_1727_9	562	1352
k99_1727_10	562	293
k99_1727_11	562	751
k99_1727_12	562	1436
k99_1727_13	562	499
k99_1727_14	562	428
k99_1727_15	562	79
k99_663_1	562	553
k99_663_2	561	211
k99_663_3	562	986
k99_663_4	562	643
k99_663_5	543	360
k99_663_6	562	171
k99_663_7	543	624
k99_663_8	543	1202
k99_663_9	543	1015
k99_663_10	543	587
k99_663_11	543	972
k99_663_12	543	192
k99_663_13	562	150
k99_663_14	561	1321
k99_663_15	562	513
k99_1839_1	1547	775
k99_1146_1	562	832
k99_1146_2	562	582
k99_1146_3	562	367
k99_1146_4	562	992
k99_1146_5	562	580
k99_1146_6	562	195
k99_1146_7	562	708
k99_1146_8	562	153
k99_1847_1	1547	965
k99_1847_2	1547	1160
k99_1847_3	1547	459
k99_1847_4	1547	568
k99_1847_5	1547	680
k99_1847_6	1547	976
k99_1847_7	1547	233
k99_2815_1	562	237
k99_2815_2	562	558
k99_2815_3	543	687
k99_2815_4	561	783
k99_2815_5	562	426
k99_2815_6	562	569
k99_2820_1	1547	367
k99_2820_2	1547	546
k99_2820_3	1547	132
k99_1855_1	562	119
k99_1855_2	562	566
k99_1148_1	1547	424
k99_1148_2	1547	423
k99_1148_3	1547	430
k99_1148_4	1547	492
k99_1148_5	1547	315
k99_1148_6	1547	1845
k99_1148_7	1547	413
k99_1148_8	1547	415
k99_1148_9	1547	298
k99_1148_10	1547	415
k99_1148_11	1547	504
k99_1148_12	1547	473
k99_1148_13	1547	504
k99_1148_14	1547	458
k99_1148_15	1547	686
k99_1148_16	1547	965
k99_1148_17	1547	3686
k99_1148_18	1547	514
k99_1148_19	1547	251
k99_1148_20	1547	1108
k99_1148_21	3025755	360
k99_1148_22	1547	258
k99_1148_23	1547	271
k99_1148_24	1547	380
k99_1148_25	1547	545
k99_1148_26	1547	345
k99_1148_27	1547	85
k99_1148_28	1547	1452
k99_1148_29	1547	830
k99_1148_30	1547	677
k99_1148_31	1547	481
k99_1148_32	1547	1223
k99_1148_33	1547	587
k99_1148_34	1547	424
k99_1148_35	1547	393
k99_1148_36	1547	1662
k99_1859_1	1547	229
k99_1859_2	3025755	252
k99_2829_1	562	489
k99_2829_2	562	751
k99_2829_3	562	565
k99_2829_4	562	536
k99_2829_5	562	193
k99_2829_6	562	764
k99_2829_7	562	296
k99_2829_8	562	827
k99_2829_9	562	1165
k99_2829_10	543	901
k99_2829_11	562	883
k99_2829_12	562	979
k99_2829_13	543	383
k99_2829_14	562	195
k99_2829_15	562	1106
k99_2829_16	562	45
k99_2829_17	562	752
k99_2829_18	562	345
k99_2829_19	562	235
k99_2829_20	562	65
k99_794_2	33035	427
k99_794_3	1532	661
k99_794_4	572511	479
k99_794_5	572511	1076
k99_794_6	572511	773
k99_794_7	572511	156
k99_794_8	572511	175
k99_794_9	186802	686
k99_794_11	186801	290
k99_794_12	186801	1187
k99_794_13	186801	162
k99_794_14	186801	137
k99_794_15	186801	559
k99_794_16	1897005	191
k99_794_17	186801	1593
k99_794_18	186801	639
k99_794_19	186801	1228
k99_794_20	186801	157
k99_794_21	186801	383
k99_794_22	186801	1395
k99_794_23	186801	3034
k99_794_24	186801	132
k99_794_25	186803	776
k99_794_26	186801	261
k99_794_27	186801	854
k99_794_28	186801	209
k99_794_29	186802	551
k99_794_30	186801	194
k99_794_31	186801	788
k99_794_32	186801	865
k99_794_33	186803	710
k99_794_34	186802	137
k99_794_35	186802	288
k99_794_36	186801	162
k99_794_37	186801	137
k99_794_38	186802	836
k99_794_39	572511	555
k99_794_40	33035	354
k99_794_41	33035	229
k99_794_43	33035	154
k99_794_44	572511	556
k99_794_45	572511	714
k99_794_46	572511	944
k99_794_47	33035	301
k99_794_48	572511	386
k99_794_49	572511	736
k99_794_50	572511	989
k99_794_51	572511	181
k99_794_52	572511	702
k99_794_53	572511	798
k99_794_54	572511	914
k99_794_55	572511	697
k99_794_56	572511	662
k99_794_57	572511	793
k99_794_58	33035	619
k99_794_59	572511	1130
k99_794_60	572511	520
k99_794_61	572511	558
k99_794_62	572511	838
k99_794_63	572511	965
k99_794_64	572511	714
k99_794_65	572511	934
k99_794_66	572511	1434
k99_794_67	33035	327
k99_794_68	33035	137
k99_794_69	572511	221
k99_794_70	572511	584
k99_794_71	572511	762
k99_794_72	572511	1607
k99_794_73	572511	776
k99_794_74	33035	259
k99_794_75	572511	801
k99_794_76	572511	1340
k99_794_77	572511	679
k99_794_78	572511	231
k99_794_79	33035	308
k99_794_80	572511	540
k99_794_81	572511	434
k99_794_82	572511	411
k99_794_83	572511	709
k99_794_84	572511	959
k99_794_85	572511	424
k99_794_86	572511	577
k99_794_87	572511	1019
k99_794_88	572511	270
k99_794_89	572511	120
k99_2842_1	1547	409
k99_2844_1	1547	410
k99_2844_2	1547	486
k99_2844_3	1547	890
k99_2844_4	1547	997
k99_2844_5	1547	804
k99_2844_6	1547	1126
k99_2844_7	1547	107
k99_2844_8	1547	1849
k99_2844_9	1547	428
k99_2844_10	1547	172
k99_809_1	562	445
k99_809_2	562	597
k99_809_3	562	351
k99_811_1	562	949
k99_811_2	562	636
k99_811_3	543	201
k99_811_4	562	502
k99_811_5	562	350
k99_811_6	562	703
k99_811_7	562	70
k99_2845_1	562	1023
k99_2845_2	562	542
k99_2845_3	562	258
k99_2845_4	562	549
k99_2845_5	562	544
k99_2845_6	562	343
k99_2845_7	562	429
k99_2845_8	562	1447
k99_2845_9	562	812
k99_2845_10	562	711
k99_2845_11	562	189
k99_2845_12	562	726
k99_2845_13	562	500
k99_2845_14	562	222
k99_2845_15	562	451
k99_2845_16	562	669
k99_2845_17	562	656
k99_2845_18	562	780
k99_2845_19	562	385
k99_2845_20	562	190
k99_2845_21	562	347
k99_2845_22	562	459
k99_2845_23	562	637
k99_2845_24	562	280
k99_2845_25	561	421
k99_2845_26	562	640
k99_2845_27	562	483
k99_2845_28	562	471
k99_2845_29	562	311
k99_2845_30	543	896
k99_2845_31	543	742
k99_2845_32	562	167
k99_2845_33	543	1314
k99_2845_34	543	625
k99_2845_35	562	471
k99_2845_36	543	1318
k99_2845_37	562	290
k99_2845_38	562	895
k99_2845_39	562	375
k99_2852_1	562	334
k99_2852_2	543	933
k99_2852_3	543	337
k99_2852_4	562	485
k99_2852_5	543	324
k99_2852_6	562	727
k99_2852_7	562	573
k99_2852_8	562	559
k99_2852_9	562	832
k99_2852_10	562	1052
k99_2852_11	562	694
k99_2852_12	562	841
k99_2852_13	562	540
k99_2852_14	562	728
k99_2852_15	562	833
k99_2852_16	562	923
k99_2852_17	562	944
k99_2852_18	562	560
k99_2852_19	562	548
k99_2852_20	562	1172
k99_2852_21	562	525
k99_2852_22	562	247
k99_2859_1	543	110
k99_2859_2	562	969
k99_2860_1	33035	521
k99_2860_2	33035	873
k99_2860_3	33035	565
k99_2860_4	572511	195
k99_2860_5	33035	781
k99_2860_6	572511	198
k99_2860_7	572511	396
k99_2860_8	572511	771
k99_2860_9	572511	966
k99_2860_10	33035	973
k99_2860_11	33035	593
k99_2860_12	572511	330
k99_2860_13	572511	787
k99_2860_14	33035	484
k99_2860_15	572511	578
k99_2860_16	572511	551
k99_2860_17	572511	963
k99_2860_18	572511	311
k99_2860_19	572511	579
k99_2860_20	572511	833
k99_2860_21	572511	642
k99_2860_22	572511	682
k99_2860_23	572511	781
k99_2860_24	572511	532
k99_2860_25	572511	602
k99_2860_26	572511	1085
k99_2860_27	572511	600
k99_2860_28	1532	466
k99_2860_29	572511	773
k99_2860_30	33035	336
k99_2860_31	572511	929
k99_2860_32	572511	552
k99_2860_33	33035	124
k99_2860_34	33035	1596
k99_2860_35	572511	442
k99_2860_36	33035	573
k99_2860_37	33035	464
k99_2860_38	572511	74
k99_2860_39	33035	596
k99_2860_40	572511	219
k99_2860_41	33035	595
k99_2860_42	33035	547
k99_2860_43	33035	518
k99_2860_44	33035	604
k99_2860_45	572511	446
k99_2860_46	33035	579
k99_2860_47	33035	1043
k99_2860_48	33035	493
k99_2860_49	572511	1253
k99_2860_50	572511	294
k99_2860_51	572511	627
k99_2860_52	572511	510
k99_2860_53	33035	229
k99_2860_54	33035	509
k99_2860_55	572511	656
k99_2860_56	572511	769
k99_2860_57	572511	418
k99_2860_58	572511	267
k99_2860_59	572511	1649
k99_2860_60	572511	439
k99_2860_61	572511	837
k99_2860_62	572511	538
k99_2860_63	572511	462
k99_2860_64	1532	524
k99_2860_65	572511	525
k99_2860_66	572511	435
k99_2860_67	572511	894
k99_2860_68	572511	654
k99_2860_69	572511	2288
k99_2860_70	572511	397
k99_2860_71	572511	546
k99_2860_72	572511	494
k99_2860_73	1532	890
k99_2860_74	572511	653
k99_2860_75	572511	776
k99_2860_76	1532	342
k99_2860_77	572511	683
k99_2860_78	572511	686
k99_2864_1	543	627
k99_2864_2	543	374
k99_2864_3	561	541
k99_2864_4	562	503
k99_2864_5	562	192
k99_2864_6	562	166
k99_2864_7	562	500
k99_2864_8	562	364
k99_2864_9	562	1095
k99_2864_10	562	402
k99_2864_11	562	399
k99_815_1	818	1328
k99_815_2	818	536
k99_815_3	818	259
k99_815_4	818	530
k99_815_5	818	1123
k99_815_6	818	1324
k99_815_7	818	1816
k99_815_8	818	339
k99_815_9	818	63
k99_815_10	818	2178
k99_815_11	818	1183
k99_815_12	818	893
k99_815_13	818	952
k99_815_14	818	1172
k99_815_15	818	846
k99_815_16	818	295
k99_815_17	818	799
k99_815_18	818	78
k99_815_19	818	501
k99_815_20	818	1576
k99_815_21	818	297
k99_815_22	818	547
k99_815_23	818	582
k99_815_24	818	956
k99_815_25	818	730
k99_815_26	818	421
k99_815_27	816	307
k99_815_28	818	892
k99_815_29	818	527
k99_815_30	818	290
k99_815_31	818	760
k99_815_32	818	1574
k99_815_33	818	3735
k99_815_34	816	275
k99_815_35	818	366
k99_815_36	816	223
k99_815_37	816	201
k99_815_38	818	737
k99_815_39	818	207
k99_815_40	818	874
k99_815_41	818	239
k99_815_42	816	144
k99_815_43	816	667
k99_815_44	816	476
k99_815_45	818	280
k99_815_46	818	325
k99_815_47	818	509
k99_815_48	818	353
k99_815_49	818	292
k99_815_50	816	1770
k99_815_51	818	397
k99_815_52	816	93
k99_815_53	816	997
k99_815_54	818	951
k99_815_55	816	409
k99_815_56	816	196
k99_815_57	818	1345
k99_815_58	818	491
k99_815_59	818	383
k99_815_60	818	624
k99_815_61	816	2291
k99_815_62	818	937
k99_815_63	818	1164
k99_815_64	818	595
k99_815_65	818	732
k99_815_66	818	608
k99_815_67	818	892
k99_815_68	818	438
k99_815_69	818	1270
k99_815_70	816	344
k99_815_71	816	543
k99_815_72	818	811
k99_815_73	818	698
k99_815_74	816	766
k99_815_75	818	369
k99_815_76	818	1272
k99_815_77	818	1951
k99_815_78	818	1027
k99_815_79	818	595
k99_815_80	818	1294
k99_815_81	818	1800
k99_815_82	818	1313
k99_815_83	818	1384
k99_815_84	818	544
k99_815_85	818	328
k99_815_86	816	295
k99_815_87	816	387
k99_815_88	818	403
k99_815_89	816	311
k99_815_90	818	205
k99_815_91	171552	845
k99_815_92	363265	680
k99_815_93	363265	486
k99_815_94	171552	274
k99_815_95	818	401
k99_815_96	363265	375
k99_815_97	171552	423
k99_815_98	815	1315
k99_815_99	815	720
k99_815_100	815	943
k99_815_101	171549	251
k99_815_102	818	502
k99_815_103	815	762
k99_815_104	815	597
k99_815_105	818	754
k99_815_106	816	124
k99_815_107	818	95
k99_815_108	818	1434
k99_815_109	818	1439
k99_815_110	818	884
k99_815_111	816	474
k99_815_112	818	1078
k99_815_113	818	236
k99_815_114	818	319
k99_815_115	818	558
k99_815_116	818	814
k99_815_117	818	1718
k99_815_118	818	785
k99_815_119	818	359
k99_815_120	818	338
k99_815_121	818	613
k99_815_122	818	889
k99_815_123	816	502
k99_815_124	818	2208
k99_815_125	818	562
k99_815_126	818	1258
k99_815_127	816	150
k99_815_128	816	206
k99_815_129	818	1973
k99_815_130	816	1326
k99_815_131	818	541
k99_815_132	818	383
k99_815_133	816	179
k99_815_134	818	442
k99_815_135	818	968
k99_815_136	818	1184
k99_815_137	818	1027
k99_815_138	818	957
k99_815_139	818	2710
k99_815_140	818	1956
k99_815_141	818	1020
k99_815_142	818	535
k99_815_143	818	699
k99_815_144	818	2088
k99_815_145	818	1023
k99_815_146	818	498
k99_815_147	818	1119
k99_815_148	818	1235
k99_815_149	818	1434
k99_815_150	818	1186
k99_815_151	818	501
k99_685_1	562	488
k99_685_2	562	870
k99_685_3	562	397
k99_685_4	562	122
k99_686_1	562	514
k99_686_2	562	984
k99_686_3	562	459
k99_686_4	562	570
k99_686_5	562	166
k99_686_6	562	847
k99_686_7	543	1107
k99_686_8	562	67
k99_686_9	562	427
k99_686_10	562	474
k99_686_11	562	1429
k99_686_12	561	253
k99_686_13	562	475
k99_819_1	562	151
k99_819_2	562	289
k99_819_3	562	945
k99_819_4	562	787
k99_819_5	562	221
k99_819_6	562	1109
k99_819_7	562	385
k99_819_8	562	1010
k99_819_9	562	848
k99_819_10	562	447
k99_822_1	543	710
k99_822_2	543	1447
k99_822_3	543	433
k99_822_4	562	273
k99_823_1	572511	837
k99_689_1	33035	158
k99_689_2	33035	984
k99_689_3	1239	136
k99_689_4	33035	87
k99_824_1	1547	772
k99_824_2	1547	570
k99_824_3	1547	723
k99_824_4	1547	468
k99_824_5	1547	1832
k99_824_6	1547	122
k99_824_7	1547	212
k99_824_8	1547	151
k99_824_9	1547	537
k99_824_10	1547	216
k99_824_11	1547	543
k99_824_12	1547	1318
k99_824_13	1547	619
k99_824_14	1547	448
k99_824_15	1547	203
k99_824_16	1239	948
k99_824_17	1547	235
k99_824_18	1547	535
k99_824_19	1547	347
k99_824_20	1239	690
k99_824_21	1547	548
k99_824_22	69824	350
k99_825_1	1547	986
k99_825_2	1547	761
k99_825_3	1547	280
k99_835_1	562	241
k99_835_2	562	424
k99_835_3	562	520
k99_835_4	562	532
k99_835_5	91347	635
k99_835_6	562	1295
k99_835_7	562	787
k99_835_8	562	643
k99_835_9	543	141
k99_835_10	620	199
k99_835_11	562	338
k99_835_12	562	624
k99_835_13	562	1573
k99_835_14	562	572
k99_835_15	562	625
k99_835_16	562	606
k99_835_17	562	506
k99_835_18	562	187
k99_835_19	543	173
k99_835_20	562	289
k99_835_21	562	231
k99_842_1	33035	708
k99_842_2	572511	1241
k99_842_3	186803	264
k99_714_1	1547	138
k99_714_2	1547	268
k99_714_3	1547	569
k99_714_4	1547	422
k99_714_5	1547	599
k99_717_1	207244	253
k99_717_2	105841	273
k99_845_1	1547	1205
k99_845_2	1547	545
k99_845_3	1547	642
k99_845_4	1547	364
k99_845_5	1547	261
k99_848_1	562	1489
k99_858_1	572511	436
k99_858_2	572511	793
k99_721_1	572511	580
k99_721_2	33035	53
k99_2735_1	562	291
k99_2735_2	562	326
k99_2735_3	562	260
k99_2735_4	562	610
k99_2735_5	543	66
k99_1730_1	562	120
k99_1730_2	562	961
k99_1730_3	562	971
k99_1730_4	562	853
k99_1730_5	562	590
k99_1730_6	562	382
k99_1730_7	562	107
k99_12_1	1236	172
k99_12_2	543	292
k99_148_1	1547	108
k99_148_2	1547	981
k99_150_1	207244	360
k99_577_1	562	134
k99_577_2	562	140
k99_577_3	562	645
k99_577_4	562	187
k99_577_5	562	1192
k99_577_6	562	471
k99_577_7	562	750
k99_577_8	562	240
k99_577_9	562	1009
k99_577_10	562	689
k99_577_11	562	707
k99_577_12	562	1239
k99_577_13	562	1035
k99_577_14	562	369
k99_577_15	562	463
k99_577_16	562	662
k99_577_17	562	985
k99_578_1	562	162
k99_578_2	543	591
k99_578_3	561	164
k99_722_1	33035	449
k99_722_2	572511	676
k99_722_3	572511	615
k99_722_4	572511	176
k99_722_5	572511	287
k99_722_6	33035	461
k99_722_7	572511	293
k99_722_8	33035	168
k99_722_9	33035	349
k99_722_10	33035	426
k99_722_11	572511	1613
k99_722_12	33035	618
k99_722_13	572511	609
k99_722_14	572511	1215
k99_722_15	572511	1274
k99_722_16	572511	975
k99_722_17	572511	691
k99_722_18	572511	748
k99_722_19	572511	630
k99_579_1	1547	874
k99_579_2	1547	319
k99_579_3	1547	495
k99_1011_1	105841	164
k99_1011_2	186801	91
k99_1741_1	186803	150
k99_2311_1	207244	221
k99_2311_2	105841	118
k99_876_1	105841	315
k99_876_2	105841	79
k99_2024_1	562	456
k99_2024_2	562	1362
k99_2024_3	562	297
k99_2024_4	562	754
k99_2024_5	562	988
k99_2024_6	562	1199
k99_2024_7	543	391
k99_2024_8	562	421
k99_2024_9	562	2147
k99_2024_10	562	577
k99_2024_11	562	885
k99_2024_12	562	1283
k99_2024_13	562	308
k99_2024_14	562	443
k99_2024_15	562	416
k99_877_1	543	223
k99_877_2	562	978
k99_877_3	562	614
k99_877_4	562	501
k99_877_5	562	236
k99_877_6	543	292
k99_1014_1	207244	65
k99_1014_2	105841	291
k99_1152_1	1547	62
k99_1152_2	1547	353
k99_1152_3	1547	328
k99_1152_4	1547	61
k99_1152_5	1547	502
k99_1152_6	1547	293
k99_1152_7	1547	523
k99_1152_8	3025755	399
k99_1152_9	1547	364
k99_1152_10	1547	816
k99_1152_11	1547	612
k99_1152_12	1547	329
k99_1152_13	1547	227
k99_1152_14	3025755	262
k99_1152_15	1547	770
k99_1152_16	1547	211
k99_1152_17	1547	482
k99_1152_18	1547	224
k99_1152_19	1547	238
k99_1152_20	3025755	1184
k99_1152_21	1547	1178
k99_1152_22	1547	570
k99_1152_23	1547	432
k99_1152_24	1547	677
k99_1152_25	1547	364
k99_1152_26	1547	394
k99_1152_27	1547	455
k99_1152_28	1547	838
k99_1152_29	3025755	224
k99_1152_30	1547	671
k99_1152_31	1547	279
k99_1152_32	1547	477
k99_1152_33	1547	1015
k99_1152_34	1547	1106
k99_1152_35	3025755	214
k99_1152_36	1547	792
k99_1152_37	1547	902
k99_1152_38	1547	876
k99_1152_39	1547	424
k99_1152_40	1547	873
k99_1152_41	1239	338
k99_1152_42	1547	1018
k99_1152_43	1547	744
k99_1152_44	3025755	460
k99_1152_45	1547	475
k99_1152_46	1547	289
k99_1296_1	572511	333
k99_1296_2	572511	569
k99_1296_3	572511	690
k99_1296_4	572511	548
k99_1296_5	572511	1537
k99_1296_6	572511	391
k99_1296_7	572511	964
k99_1296_8	572511	353
k99_1296_9	572511	597
k99_1296_10	572511	613
k99_1296_11	572511	1184
k99_1296_12	572511	566
k99_1296_13	572511	818
k99_1296_14	572511	165
k99_1296_15	1532	1236
k99_1296_16	572511	896
k99_1296_17	572511	598
k99_1296_18	572511	553
k99_1296_19	572511	716
k99_1296_20	1532	668
k99_1296_21	572511	551
k99_1296_22	572511	588
k99_1296_23	1532	917
k99_1296_24	572511	547
k99_1296_25	572511	563
k99_1296_26	572511	1002
k99_1296_27	572511	647
k99_1296_28	572511	835
k99_1296_29	572511	640
k99_1296_30	572511	624
k99_1296_31	572511	451
k99_1296_32	572511	70
k99_1296_33	572511	600
k99_1296_34	572511	924
k99_1296_35	572511	572
k99_1296_36	572511	343
k99_1153_1	207244	541
k99_1445_1	105841	372
k99_165_1	562	579
k99_165_2	562	565
k99_165_3	562	144
k99_165_4	562	125
k99_1744_1	1547	146
k99_1744_2	1547	299
k99_1744_3	1547	603
k99_1744_4	1547	968
k99_1744_5	1547	1068
k99_1744_6	1547	677
k99_1744_7	1547	568
k99_1744_8	1547	828
k99_1744_9	1547	544
k99_1744_10	1547	814
k99_1744_11	3025755	970
k99_1744_12	1547	438
k99_1744_13	1547	449
k99_1744_14	1547	87
k99_1017_1	1547	1302
k99_1017_2	1547	466
k99_1017_3	1547	328
k99_1017_4	1547	132
k99_1017_5	1547	214
k99_1017_6	1547	311
k99_1017_7	1547	780
k99_1154_1	562	113
k99_1154_2	562	431
k99_1154_3	562	286
k99_1154_4	562	123
k99_1154_5	562	495
k99_1154_6	562	646
k99_1154_7	562	498
k99_1154_8	562	466
k99_1019_1	562	245
k99_1019_2	562	149
k99_1019_3	562	318
k99_1021_1	562	745
k99_2314_1	562	495
k99_2314_2	562	281
k99_2314_3	562	812
k99_2314_4	562	237
k99_2314_5	562	115
k99_2314_6	562	910
k99_2314_7	562	564
k99_2314_8	543	1385
k99_2314_9	543	498
k99_2314_10	562	946
k99_2314_11	543	286
k99_2314_12	543	228
k99_2314_13	562	947
k99_2314_14	562	803
k99_2314_15	562	679
k99_2314_16	562	806
k99_2314_17	562	262
k99_2314_18	562	1082
k99_2314_19	562	556
k99_2314_20	562	1762
k99_2314_21	562	707
k99_2314_22	562	447
k99_1879_1	572511	691
k99_1879_2	572511	890
k99_1879_3	572511	163
k99_1879_4	572511	847
k99_1879_5	572511	857
k99_1879_6	33035	356
k99_1879_7	33035	114
k99_1879_8	186803	733
k99_1879_9	186803	215
k99_1879_10	33035	738
k99_1879_11	33035	155
k99_1879_12	33035	791
k99_1879_13	33035	249
k99_1879_14	186803	159
k99_1879_15	33035	144
k99_1879_16	186803	205
k99_1879_17	33035	239
k99_1879_18	33035	146
k99_1879_19	33035	674
k99_1879_20	33035	573
k99_1879_21	33035	586
k99_1879_22	33035	964
k99_1879_23	572511	383
k99_1879_24	572511	576
k99_1879_25	572511	1034
k99_1879_26	186803	739
k99_1879_27	186803	391
k99_1879_28	186803	130
k99_1879_29	572511	432
k99_1879_30	186803	443
k99_2031_1	561	279
k99_2031_2	562	674
k99_2031_3	562	441
k99_2031_4	562	839
k99_2031_5	562	397
k99_2031_6	562	174
k99_2031_7	562	232
k99_2031_8	562	411
k99_2031_9	562	1358
k99_2031_10	562	171
k99_2031_11	562	427
k99_2031_12	562	353
k99_2031_13	562	795
k99_2031_14	562	644
k99_2031_15	562	399
k99_2031_16	562	1051
k99_2031_17	562	609
k99_2031_18	562	537
k99_2031_19	562	482
k99_2031_20	562	512
k99_2031_21	561	265
k99_2031_22	562	122
k99_2037_1	1547	335
k99_2166_1	572511	506
k99_2166_2	572511	705
k99_2166_3	33035	280
k99_2166_4	572511	209
k99_1747_1	33035	475
k99_1747_2	572511	162
k99_1747_3	572511	481
k99_884_1	543	678
k99_884_2	562	1473
k99_884_3	543	238
k99_884_4	562	252
k99_884_5	562	369
k99_884_6	562	577
k99_884_7	562	674
k99_884_8	543	377
k99_884_9	561	661
k99_178_1	562	581
k99_178_2	562	1170
k99_2175_1	562	509
k99_2175_2	562	554
k99_2175_3	562	181
k99_2175_4	562	161
k99_2175_5	543	579
k99_2175_6	562	87
k99_886_1	33035	317
k99_886_2	33035	359
k99_589_1	1547	1082
k99_589_2	1547	605
k99_589_3	1547	533
k99_589_4	1547	1514
k99_589_5	1547	441
k99_589_6	1547	413
k99_589_7	1547	966
k99_589_8	1547	847
k99_589_9	1547	521
k99_589_10	1547	476
k99_589_12	1547	546
k99_589_13	1547	1566
k99_589_14	186802	89
k99_2459_1	562	429
k99_2178_1	562	384
k99_2178_2	562	155
k99_2178_3	562	535
k99_2178_4	562	705
k99_2178_5	562	240
k99_1307_1	562	695
k99_1307_2	562	255
k99_1307_3	562	327
k99_1307_4	562	261
k99_888_1	562	703
k99_888_2	562	322
k99_1882_1	1547	295
k99_1882_2	1547	606
k99_1882_3	1547	820
k99_1882_4	1547	843
k99_1882_5	1547	141
k99_1882_6	1547	1306
k99_1882_7	1547	263
k99_1882_8	1547	124
k99_1882_9	1547	428
k99_1882_10	1547	369
k99_1882_11	1547	1252
k99_1882_12	1547	1678
k99_1882_13	1547	432
k99_1882_14	1547	736
k99_1882_15	1547	186
k99_1882_16	1547	744
k99_1882_17	1547	229
k99_1882_18	1547	479
k99_1882_19	1547	494
k99_1882_20	1547	1533
k99_1882_21	1547	221
k99_1882_22	1547	375
k99_1882_23	3025755	203
k99_1882_24	3025755	202
k99_1882_25	1547	174
k99_1882_26	3025755	884
k99_1882_27	1547	350
k99_444_1	1547	717
k99_444_2	1547	1014
k99_444_3	1547	593
k99_444_4	1547	360
k99_444_5	1547	513
k99_444_6	1547	574
k99_444_7	1547	660
k99_444_8	1547	365
k99_444_9	1547	332
k99_444_10	1547	114
k99_444_11	1547	94
k99_444_12	1547	162
k99_444_13	1547	563
k99_444_14	1547	867
k99_444_15	1547	987
k99_1587_1	816	714
k99_1587_2	818	762
k99_1587_3	818	1267
k99_1587_4	816	801
k99_1587_5	818	595
k99_1587_6	818	706
k99_1587_7	816	1062
k99_1587_8	816	377
k99_1587_9	816	856
k99_1587_10	816	372
k99_1587_11	818	547
k99_1587_12	816	224
k99_1587_13	816	124
k99_1587_14	818	387
k99_1587_15	816	1316
k99_1587_16	818	588
k99_1587_17	816	369
k99_1587_18	816	268
k99_1587_19	818	761
k99_1587_20	818	655
k99_1587_21	816	760
k99_1587_22	816	955
k99_1587_23	816	611
k99_1587_24	816	392
k99_1587_25	816	992
k99_1587_26	818	534
k99_1587_27	816	265
k99_1587_28	816	503
k99_1587_29	816	127
k99_1587_30	818	168
k99_1587_31	818	157
k99_1587_32	818	246
k99_1587_33	818	1576
k99_1587_34	818	322
k99_1587_35	818	62
k99_1587_36	818	315
k99_1587_37	818	164
k99_1587_38	818	333
k99_892_1	33035	294
k99_892_2	33035	268
k99_892_3	33035	125
k99_892_4	33035	114
k99_892_5	33035	390
k99_892_6	33035	516
k99_892_7	33035	100
k99_892_8	33035	119
k99_892_9	572511	273
k99_892_10	33035	152
k99_894_1	562	175
k99_894_2	543	134
k99_1309_1	562	164
k99_1309_2	562	773
k99_1309_3	562	159
k99_1309_4	562	254
k99_1309_5	562	427
k99_1309_6	562	789
k99_1309_7	562	883
k99_1309_8	562	1944
k99_1758_1	105841	65
k99_1758_2	105841	139
k99_2757_1	561	156
k99_2757_2	562	595
k99_2757_3	543	458
k99_2757_4	543	347
k99_2757_5	562	1595
k99_2757_6	562	255
k99_1884_1	562	1514
k99_1884_2	562	1538
k99_1884_3	562	441
k99_1884_4	562	393
k99_1884_5	562	508
k99_1884_6	562	541
k99_1884_7	562	468
k99_1884_8	562	449
k99_1884_9	562	453
k99_1884_10	562	306
k99_1884_11	562	270
k99_1884_12	562	779
k99_1317_1	186803	107
k99_1317_2	105841	214
k99_1317_3	105841	194
k99_297_1	1547	367
k99_297_2	3025755	1177
k99_297_3	1547	164
k99_297_4	1547	476
k99_297_5	1547	950
k99_297_6	1547	681
k99_297_7	1547	364
k99_297_8	1547	324
k99_297_9	1547	901
k99_297_10	1547	115
k99_297_11	1547	917
k99_297_12	1547	975
k99_297_13	3025755	932
k99_297_14	3025755	415
k99_297_15	1547	669
k99_297_16	1547	296
k99_297_17	1547	397
k99_297_18	1547	290
k99_297_19	1547	378
k99_297_20	1547	372
k99_297_21	1547	169
k99_297_22	1547	386
k99_297_23	3025755	775
k99_297_24	1547	412
k99_297_25	1547	355
k99_297_26	1547	1187
k99_297_27	1547	174
k99_297_28	1547	823
k99_297_29	1547	613
k99_297_30	1547	845
k99_297_31	3025755	174
k99_297_32	1547	784
k99_297_33	1547	502
k99_297_34	1547	516
k99_297_35	1547	315
k99_297_36	1547	559
k99_297_37	1547	86
k99_2759_1	1239	234
k99_2759_2	1547	303
k99_2759_3	1547	751
k99_2759_4	1547	209
k99_2759_5	1547	848
k99_2759_6	1547	451
k99_2759_7	1547	238
k99_2759_8	1547	424
k99_2759_9	1547	492
k99_2759_10	1547	1328
k99_2759_11	1547	592
k99_2759_12	1547	463
k99_1762_1	572511	391
k99_1762_2	572511	654
k99_1762_3	33035	659
k99_1762_4	572511	711
k99_1762_5	33035	181
k99_1762_6	572511	550
k99_1762_7	572511	548
k99_1762_8	572511	578
k99_1762_9	572511	224
k99_1762_10	572511	790
k99_1762_11	572511	1140
k99_1762_12	572511	785
k99_1762_13	572511	426
k99_1762_14	33035	601
k99_1762_15	572511	1165
k99_1762_16	572511	545
k99_2329_1	562	244
k99_2329_2	562	723
k99_2329_3	562	302
k99_2329_4	562	487
k99_50_1	1547	982
k99_50_2	1547	1192
k99_50_3	3025755	450
k99_2768_1	1547	214
k99_2768_2	1547	468
k99_2768_3	1547	416
k99_2768_4	1547	927
k99_2768_5	1547	451
k99_2768_6	1547	458
k99_1588_1	93974	124
k99_1588_2	818	1078
k99_1588_3	818	1393
k99_1588_4	818	1429
k99_1588_5	818	1785
k99_1588_6	818	1587
k99_1588_7	818	1409
k99_1588_8	818	1734
k99_1588_9	818	385
k99_1588_10	818	594
k99_1588_11	818	390
k99_1588_12	818	589
k99_1588_13	818	771
k99_1588_14	818	936
k99_1588_15	818	807
k99_1588_16	818	753
k99_1588_17	818	847
k99_1588_18	818	815
k99_1588_19	818	505
k99_1588_20	818	644
k99_1588_21	818	684
k99_1588_22	818	385
k99_1588_23	818	492
k99_1588_24	818	324
k99_1588_25	818	752
k99_1588_26	818	556
k99_1588_27	818	934
k99_1588_28	818	507
k99_1588_29	818	1504
k99_1588_30	818	1828
k99_1588_31	818	1174
k99_55_1	1547	338
k99_456_1	207244	335
k99_456_2	207244	94
k99_457_1	207244	289
k99_1173_1	207244	144
k99_1173_2	207244	204
k99_458_1	207244	286
k99_730_1	818	174
k99_730_2	818	775
k99_730_3	818	1035
k99_730_4	816	268
k99_730_5	816	177
k99_730_6	816	221
k99_730_7	816	290
k99_730_8	816	104
k99_730_9	816	465
k99_730_10	818	964
k99_730_11	816	1424
k99_730_12	818	781
k99_730_13	818	344
k99_730_14	818	279
k99_730_15	818	564
k99_730_16	818	1734
k99_730_17	818	693
k99_730_18	818	448
k99_730_19	816	201
k99_730_20	818	184
k99_730_21	816	399
k99_730_22	818	224
k99_730_23	818	692
k99_730_24	818	449
k99_730_25	818	508
k99_730_26	816	453
k99_730_27	818	709
k99_730_28	818	318
k99_730_29	818	377
k99_730_30	818	803
k99_730_31	818	384
k99_730_32	818	480
k99_730_33	818	687
k99_730_34	818	582
k99_730_35	818	1813
k99_730_36	818	1010
k99_730_37	818	1144
k99_730_38	818	636
k99_730_39	818	1218
k99_730_40	818	2237
k99_730_41	818	627
k99_730_42	818	373
k99_730_43	818	1594
k99_730_44	818	1285
k99_730_45	818	1114
k99_730_46	818	2029
k99_730_47	818	736
k99_730_48	818	1739
k99_730_49	816	256
k99_730_50	816	512
k99_730_51	816	271
k99_730_52	816	145
k99_730_53	816	197
k99_730_54	818	251
k99_730_55	818	857
k99_730_56	816	613
k99_730_57	818	842
k99_730_58	818	409
k99_730_59	818	540
k99_730_60	818	657
k99_730_61	818	906
k99_730_62	818	266
k99_730_63	818	941
k99_730_64	818	842
k99_730_65	818	196
k99_730_66	816	794
k99_730_67	818	1098
k99_730_68	818	457
k99_730_69	818	392
k99_730_70	818	560
k99_730_71	818	313
k99_730_72	816	216
k99_730_73	816	215
k99_730_74	816	2529
k99_730_75	816	460
k99_730_76	818	457
k99_730_77	818	176
k99_730_78	818	295
k99_730_79	816	153
k99_730_80	818	248
k99_730_81	818	240
k99_730_82	818	511
k99_730_83	818	1103
k99_730_84	818	424
k99_730_85	818	842
k99_730_86	816	457
k99_730_87	818	1579
k99_730_88	818	708
k99_730_89	818	667
k99_730_90	818	1373
k99_730_91	818	207
k99_730_92	818	540
k99_730_93	816	353
k99_730_94	816	630
k99_730_95	818	683
k99_730_96	816	1897
k99_730_97	816	857
k99_730_98	818	748
k99_730_99	818	785
k99_730_100	816	1108
k99_730_101	816	1345
k99_730_102	816	778
k99_730_103	816	1004
k99_730_104	816	1955
k99_1765_1	1547	461
k99_1765_2	1547	939
k99_1765_3	2810280	194
k99_1765_4	1547	186
k99_1765_5	1547	86
k99_1765_6	1239	371
k99_1765_7	1547	255
k99_1765_8	1547	162
k99_1765_9	1547	476
k99_1765_10	1547	527
k99_306_1	1547	363
k99_306_2	1547	514
k99_306_3	1547	121
k99_199_1	208479	300
k99_199_2	572511	256
k99_1179_1	543	327
k99_2774_1	572511	865
k99_591_1	818	483
k99_591_2	818	428
k99_591_3	818	322
k99_591_4	816	280
k99_591_5	818	674
k99_591_6	818	2070
k99_591_7	818	1004
k99_591_8	818	618
k99_591_9	818	951
k99_591_10	816	203
k99_591_11	816	1985
k99_591_12	818	652
k99_591_13	818	834
k99_591_14	816	411
k99_591_15	816	981
k99_591_16	818	384
k99_591_17	818	823
k99_591_18	818	590
k99_591_19	818	1348
k99_591_20	818	441
k99_591_21	818	1174
k99_591_22	818	338
k99_591_23	818	261
k99_591_24	816	296
k99_591_25	816	639
k99_591_26	816	396
k99_591_27	171549	255
k99_591_28	816	241
k99_591_29	171549	76
k99_591_30	171549	144
k99_591_31	816	540
k99_591_32	816	849
k99_591_33	816	275
k99_591_34	816	108
k99_591_35	816	324
k99_591_36	816	212
k99_591_37	816	372
k99_591_38	816	259
k99_591_39	816	188
k99_591_40	816	348
k99_591_41	816	204
k99_591_42	816	235
k99_591_43	816	166
k99_591_44	816	120
k99_591_45	816	281
k99_591_46	816	460
k99_591_47	816	259
k99_591_48	816	182
k99_591_49	816	538
k99_591_50	816	189
k99_591_51	816	396
k99_591_52	816	411
k99_591_53	171549	192
k99_591_54	816	1394
k99_591_55	816	305
k99_591_56	816	256
k99_591_57	818	192
k99_591_58	816	2746
k99_591_59	816	2487
k99_591_60	816	216
k99_591_61	816	333
k99_591_62	816	446
k99_591_63	816	290
k99_591_64	816	349
k99_591_65	816	128
k99_591_66	816	794
k99_591_67	818	132
k99_591_68	816	181
k99_591_69	818	573
k99_591_70	816	114
k99_591_71	818	1190
k99_591_72	816	282
k99_591_73	818	117
k99_591_74	818	788
k99_591_75	818	1091
k99_591_76	816	840
k99_591_77	816	1035
k99_591_78	818	1336
k99_591_79	816	323
k99_591_80	818	1239
k99_591_81	818	1623
k99_591_82	818	389
k99_591_83	818	683
k99_591_84	816	945
k99_591_85	816	778
k99_591_86	816	671
k99_591_87	818	801
k99_591_88	171549	152
k99_591_89	816	376
k99_591_90	818	433
k99_591_91	818	441
k99_1036_1	562	625
k99_1036_2	562	790
k99_1036_3	562	1742
k99_1036_4	562	1169
k99_1036_5	562	567
k99_1036_6	562	222
k99_1036_7	562	587
k99_1036_8	562	1513
k99_1036_9	561	197
k99_1036_10	562	673
k99_1036_11	562	1624
k99_1036_12	562	422
k99_1036_13	562	716
k99_1036_14	562	414
k99_1036_15	562	130
k99_64_1	1547	393
k99_64_2	1547	299
k99_64_3	1547	807
k99_64_4	2810280	811
k99_64_5	1547	124
k99_2473_1	562	276
k99_2473_2	562	759
k99_2473_3	562	2332
k99_2473_4	562	48
k99_1460_1	572511	980
k99_1460_2	572511	271
k99_1460_3	572511	366
k99_1460_4	572511	1142
k99_1460_5	572511	868
k99_1460_6	572511	233
k99_1460_7	572511	1011
k99_1460_8	572511	948
k99_1460_9	572511	820
k99_1460_10	572511	842
k99_1460_11	572511	353
k99_1460_12	572511	852
k99_1460_13	1532	638
k99_1460_14	572511	1662
k99_1460_15	1532	697
k99_1460_16	572511	853
k99_1460_17	572511	926
k99_1460_18	572511	1536
k99_1460_19	33035	326
k99_1460_20	1532	528
k99_1460_21	572511	696
k99_1460_22	572511	846
k99_1460_23	572511	414
k99_1460_24	572511	489
k99_1460_25	572511	685
k99_1460_26	572511	847
k99_1460_27	572511	1028
k99_1460_28	33035	555
k99_1460_29	572511	585
k99_1460_30	572511	902
k99_1460_31	572511	1348
k99_1460_33	33035	723
k99_1460_34	1532	1195
k99_1460_35	572511	776
k99_1460_36	572511	643
k99_1460_37	572511	238
k99_1460_38	33035	428
k99_1460_39	186803	550
k99_1460_40	572511	566
k99_1460_41	33035	935
k99_1460_42	572511	513
k99_1460_43	33035	698
k99_1460_44	33035	655
k99_1460_45	33035	1046
k99_1460_46	572511	691
k99_1460_47	572511	684
k99_1460_48	572511	1029
k99_1460_49	572511	929
k99_1460_50	33035	497
k99_1460_51	33035	508
k99_1460_52	1532	918
k99_1460_53	572511	486
k99_1460_54	572511	647
k99_1460_55	572511	412
k99_1460_56	572511	669
k99_1460_57	572511	622
k99_1460_58	572511	926
k99_1460_59	572511	694
k99_1460_60	572511	818
k99_1460_61	1532	150
k99_1460_62	572511	615
k99_1460_63	33035	280
k99_1460_64	572511	632
k99_1460_65	572511	457
k99_1460_66	572511	322
k99_1460_67	33035	83
k99_1460_68	572511	962
k99_1460_69	33035	684
k99_1460_70	33035	139
k99_1460_71	33035	173
k99_1460_72	33035	206
k99_1460_74	572511	96
k99_1460_75	33035	629
k99_1891_1	562	540
k99_1891_2	562	426
k99_1891_3	562	131
k99_1891_4	562	331
k99_1891_5	562	111
k99_1188_1	562	1220
k99_2491_1	562	454
k99_2491_2	562	740
k99_479_1	33035	368
k99_479_2	33035	162
k99_479_3	33035	1496
k99_479_4	572511	60
k99_925_1	105841	430
k99_927_1	207244	204
k99_927_2	207244	102
k99_207_1	1547	396
k99_207_2	1547	480
k99_207_3	1547	701
k99_207_4	1547	531
k99_207_5	1547	625
k99_207_6	1547	487
k99_207_7	1547	590
k99_207_8	1547	343
k99_207_9	3025755	330
k99_69_1	562	1183
k99_69_2	562	484
k99_69_3	562	493
k99_69_4	562	759
k99_69_5	562	616
k99_69_6	562	379
k99_69_7	562	333
k99_69_8	562	461
k99_69_9	562	200
k99_2334_1	562	501
k99_1207_1	818	86
k99_1207_2	818	1613
k99_1207_3	816	580
k99_1207_4	818	344
k99_2781_1	818	1370
k99_2781_2	818	1528
k99_2781_3	818	676
k99_2781_4	818	1321
k99_2781_5	818	2231
k99_2781_6	818	658
k99_2781_7	818	384
k99_2781_8	818	1524
k99_2781_9	818	1145
k99_2781_10	818	772
k99_2781_11	816	536
k99_2781_12	816	688
k99_2781_13	818	857
k99_2781_14	818	93
k99_2781_15	818	261
k99_2781_16	818	706
k99_2781_17	818	706
k99_2781_18	818	199
k99_2781_19	818	514
k99_2781_20	818	397
k99_2781_21	818	1360
k99_2781_22	818	233
k99_2781_23	818	607
k99_2781_24	816	806
k99_2197_1	562	70
k99_2197_2	562	984
k99_2784_1	105841	364
k99_1899_1	543	722
k99_1899_2	543	808
k99_1899_3	562	442
k99_940_1	2810280	291
k99_940_2	1547	204
k99_940_3	2810280	478
k99_940_4	1547	389
k99_1901_1	562	154
k99_1901_2	562	552
k99_1901_3	562	73
k99_735_1	186803	144
k99_735_2	186803	272
k99_735_3	33035	1019
k99_735_4	572511	261
k99_735_5	186803	925
k99_735_6	572511	1179
k99_735_7	186803	238
k99_735_8	186803	1104
k99_735_9	186803	343
k99_735_10	186803	311
k99_735_11	186803	110
k99_735_12	186803	252
k99_735_13	186803	429
k99_735_14	186803	212
k99_735_15	186803	241
k99_735_16	572511	226
k99_735_17	186803	182
k99_735_18	186803	785
k99_735_19	33035	460
k99_735_21	186803	771
k99_735_22	572511	219
k99_735_23	572511	201
k99_735_24	33035	208
k99_735_25	186803	610
k99_735_26	186803	418
k99_735_27	186803	324
k99_735_28	186803	194
k99_735_29	186803	116
k99_735_30	186803	150
k99_735_31	33035	307
k99_735_32	186803	609
k99_735_33	33035	558
k99_735_34	572511	221
k99_735_35	33035	194
k99_735_36	186803	256
k99_735_37	33035	256
k99_735_38	572511	100
k99_735_39	186803	119
k99_735_40	1512	311
k99_735_41	186803	627
k99_735_42	33035	363
k99_735_43	572511	270
k99_735_44	2025493	228
k99_735_45	33035	298
k99_735_46	33035	408
k99_735_47	186803	213
k99_735_48	572511	873
k99_735_49	572511	118
k99_735_50	572511	721
k99_735_51	186803	410
k99_735_53	1924081	388
k99_735_54	186803	154
k99_735_55	186803	152
k99_735_56	33035	463
k99_735_57	33035	1102
k99_735_58	572511	90
k99_735_60	572511	1435
k99_735_61	33035	392
k99_735_62	572511	432
k99_735_63	572511	469
k99_735_64	572511	297
k99_735_65	33035	443
k99_735_66	572511	466
k99_735_67	572511	847
k99_735_68	572511	477
k99_735_69	572511	271
k99_321_1	572511	536
k99_321_2	572511	543
k99_321_3	33035	558
k99_321_4	572511	842
k99_321_5	572511	1058
k99_321_6	1532	1145
k99_321_7	572511	513
k99_2198_1	3025755	256
k99_2198_2	1547	1136
k99_2198_3	1547	536
k99_2198_4	1547	558
k99_2198_5	1547	810
k99_2198_6	1547	690
k99_2198_7	1547	943
k99_2198_8	1547	471
k99_2198_9	1547	631
k99_2198_10	3025755	815
k99_2198_11	1547	905
k99_2198_12	1547	260
k99_2198_13	1547	95
k99_2198_14	1547	375
k99_482_1	572511	814
k99_482_2	572511	1469
k99_482_3	572511	534
k99_482_4	572511	573
k99_482_5	572511	870
k99_482_6	33035	581
k99_482_7	572511	857
k99_482_8	572511	1305
k99_482_9	572511	673
k99_482_10	572511	647
k99_482_11	572511	1088
k99_482_12	572511	1176
k99_482_13	572511	276
k99_482_14	572511	683
k99_482_15	572511	1141
k99_482_16	572511	407
k99_482_17	572511	650
k99_482_18	572511	776
k99_482_19	1532	332
k99_482_20	572511	942
k99_482_22	572511	1275
k99_482_23	33035	544
k99_948_1	3025755	75
k99_948_2	1547	3727
k99_948_3	1547	542
k99_948_4	1547	132
k99_210_1	562	128
k99_210_2	562	250
k99_210_3	562	265
k99_210_4	562	156
k99_210_5	562	295
k99_210_6	562	533
k99_487_1	562	966
k99_2062_1	572511	2119
k99_2062_2	572511	450
k99_2062_3	572511	167
k99_2062_4	572511	366
k99_1217_1	1547	115
k99_1217_2	1547	499
k99_1217_3	2810280	148
k99_1217_4	3025755	309
k99_1217_5	1239	189
k99_1217_6	1547	888
k99_1217_7	1547	423
k99_1217_8	1547	546
k99_1217_9	1547	362
k99_1217_10	1547	1257
k99_1217_11	1547	668
k99_1217_12	1547	229
k99_1217_13	1547	452
k99_1217_14	1547	317
k99_1217_15	1547	59
k99_1327_1	1547	1076
k99_1327_2	1547	317
k99_1327_3	1547	502
k99_1327_4	1547	466
k99_1327_5	1547	586
k99_1327_6	1547	525
k99_1327_7	1547	591
k99_1327_8	1547	214
k99_1327_9	1547	850
k99_1327_10	1547	583
k99_1327_11	1547	1002
k99_1327_12	1547	617
k99_1327_13	1547	279
k99_1327_14	1547	209
k99_1327_15	1547	383
k99_1327_16	1239	299
k99_1327_17	3025755	822
k99_1327_18	69824	402
k99_1327_19	1547	132
k99_1327_20	1547	207
k99_1327_21	3025755	425
k99_1327_22	3025755	133
k99_1327_23	1547	293
k99_1327_24	1547	339
k99_1327_25	3025755	974
k99_1327_26	69824	545
k99_1327_27	3025755	914
k99_1327_28	1547	244
k99_1327_29	3025755	520
k99_1327_30	1547	959
k99_1327_31	3025755	592
k99_1327_32	1547	576
k99_1327_33	3025755	840
k99_1327_34	1547	754
k99_1327_35	1547	583
k99_1327_36	1547	524
k99_1327_37	1239	624
k99_1327_38	1547	517
k99_1327_39	1547	911
k99_1327_40	3025755	1273
k99_1327_41	1547	907
k99_1327_42	3025755	1856
k99_1327_43	3025755	608
k99_1327_44	1547	550
k99_1327_45	1547	465
k99_1327_46	1547	806
k99_1327_47	1547	1012
k99_1327_48	1547	1171
k99_1327_49	1547	1357
k99_1327_50	1547	529
k99_1327_51	1547	633
k99_1327_52	1547	500
k99_1327_53	3025755	598
k99_1327_54	1547	251
k99_1327_55	3025755	452
k99_1327_56	1547	82
k99_2515_1	562	174
k99_2515_2	562	646
k99_92_1	207244	347
k99_92_2	207244	52
k99_959_1	105841	289
k99_959_2	207244	54
k99_1911_1	562	755
k99_2340_1	33035	65
k99_2340_2	572511	674
k99_2340_3	572511	179
k99_1220_1	562	505
k99_1220_2	562	792
k99_1220_3	562	623
k99_1220_4	562	319
k99_1220_5	562	195
k99_1220_6	562	867
k99_1220_7	562	1121
k99_1220_8	562	514
k99_1220_9	543	586
k99_1220_10	562	645
k99_1220_11	562	923
k99_1220_12	562	182
k99_1220_13	562	249
k99_1220_14	562	223
k99_1220_15	562	1095
k99_1220_16	562	619
k99_1220_17	562	1256
k99_1788_1	572511	469
k99_1788_2	33035	376
k99_1788_3	572511	1603
k99_1788_4	572511	1256
k99_1788_5	572511	709
k99_1788_6	572511	138
k99_1788_7	572511	723
k99_1788_8	572511	878
k99_1788_9	572511	80
k99_1788_10	572511	238
k99_1788_11	572511	809
k99_1788_12	572511	446
k99_1788_13	572511	867
k99_1788_14	572511	1232
k99_1788_15	572511	493
k99_1788_16	572511	581
k99_1788_17	572511	1129
k99_1788_18	572511	378
k99_1788_19	33035	252
k99_1788_20	572511	621
k99_1788_21	572511	522
k99_1788_22	572511	897
k99_1788_23	572511	956
k99_1788_24	572511	633
k99_1788_25	572511	504
k99_1788_26	572511	562
k99_1788_27	572511	317
k99_1222_1	105841	433
k99_335_1	3025755	220
k99_335_2	1547	144
k99_335_3	1547	131
k99_335_4	1547	1008
k99_335_5	1547	645
k99_335_6	1547	432
k99_335_7	1547	862
k99_335_8	1547	76
k99_335_9	3025755	738
k99_335_10	1547	687
k99_335_11	1547	362
k99_335_12	3025755	1349
k99_335_13	1547	446
k99_336_1	186803	342
k99_339_1	572511	582
k99_339_2	572511	142
k99_339_3	572511	895
k99_339_4	572511	312
k99_340_1	1547	48
k99_340_2	1547	148
k99_340_3	1547	227
k99_340_4	1547	239
k99_340_5	1547	957
k99_340_6	1547	1971
k99_340_7	1547	406
k99_340_8	1547	459
k99_340_9	1547	1405
k99_340_10	3025755	584
k99_593_1	562	297
k99_593_2	562	1572
k99_593_3	562	439
k99_593_4	562	74
k99_593_5	562	485
k99_593_6	543	962
k99_593_7	562	3017
k99_593_8	562	641
k99_593_9	562	1371
k99_1606_1	562	346
k99_1606_2	562	186
k99_1606_3	562	540
k99_1606_4	562	382
k99_1606_5	562	320
k99_1606_6	562	313
k99_1606_7	562	159
k99_2543_1	207244	449
k99_1792_1	562	452
k99_1792_2	543	836
k99_1792_3	543	223
k99_1792_4	543	820
k99_1792_5	562	159
k99_1792_6	562	714
k99_1792_7	562	686
k99_1792_8	562	756
k99_1792_9	562	842
k99_1792_10	562	728
k99_1792_11	562	591
k99_1792_12	562	437
k99_1792_13	562	729
k99_1792_14	562	777
k99_1792_15	562	726
k99_1792_16	562	877
k99_1792_17	562	496
k99_1792_18	562	891
k99_1792_19	562	871
k99_1792_20	562	1121
k99_1792_21	562	766
k99_1792_22	562	613
k99_1792_23	562	496
k99_1792_24	562	622
k99_1792_25	562	1735
k99_1792_26	543	229
k99_1792_27	562	137
k99_1792_28	543	558
k99_1792_29	562	466
k99_1792_30	562	594
k99_1792_31	562	478
k99_1792_32	543	1430
k99_1792_33	562	505
k99_1792_34	562	135
k99_2346_1	543	135
k99_2346_2	562	1392
k99_2079_1	562	308
k99_2079_2	562	1260
k99_2079_3	562	370
k99_2079_4	562	493
k99_2079_5	562	657
k99_2079_6	562	1030
k99_2079_7	562	805
k99_2079_8	562	657
k99_2079_9	562	698
k99_2079_10	562	146
k99_2079_11	562	279
k99_2350_1	562	929
k99_2551_2	3398	75
k99_600_1	33035	653
k99_600_2	33035	949
k99_600_3	572511	1412
k99_600_4	33035	634
k99_600_5	33035	192
k99_600_6	1512	695
k99_600_7	33035	874
k99_600_8	33035	352
k99_600_9	1532	2211
k99_600_10	33035	195
k99_600_11	572511	882
k99_600_12	572511	763
k99_600_13	572511	863
k99_600_14	572511	965
k99_600_16	572511	1077
k99_600_17	572511	422
k99_600_18	572511	620
k99_600_19	572511	410
k99_600_20	1532	850
k99_600_21	572511	340
k99_600_22	572511	655
k99_600_23	572511	327
k99_600_24	572511	142
k99_113_1	207244	127
k99_115_1	207244	274
k99_115_2	207244	338
k99_115_3	105841	216
k99_1622_1	1547	259
k99_1622_2	1547	453
k99_1622_3	1547	304
k99_1622_4	1547	547
k99_1622_5	1547	126
k99_1622_6	1547	600
k99_1923_1	562	92
k99_1923_2	562	612
k99_1923_3	562	738
k99_1923_4	561	247
k99_1923_5	562	141
k99_1923_6	562	503
k99_1923_7	562	246
k99_1923_8	562	640
k99_2556_1	572511	338
k99_2556_2	572511	442
k99_2556_3	33035	367
k99_2556_4	572511	645
k99_116_1	1547	374
k99_116_2	1547	417
k99_116_3	1547	182
k99_116_4	1547	793
k99_116_5	1547	177
k99_116_6	1547	328
k99_116_7	1547	188
k99_116_8	1547	870
k99_116_9	1547	130
k99_116_11	1547	1407
k99_116_12	1547	309
k99_116_13	1547	499
k99_116_14	1239	382
k99_116_15	1547	830
k99_116_16	2810280	146
k99_116_17	1547	828
k99_1247_1	207244	319
k99_2359_1	572511	357
k99_2359_2	186803	266
k99_2359_3	33035	143
k99_2359_4	186803	310
k99_2359_5	186803	114
k99_2359_6	186803	227
k99_2359_7	186803	164
k99_2359_8	186803	426
k99_2359_9	186803	170
k99_971_1	105841	238
k99_971_2	105841	96
k99_2365_1	562	183
k99_2365_2	562	429
k99_2365_3	543	328
k99_2365_4	562	370
k99_2365_5	562	198
k99_123_1	562	1049
k99_123_2	562	563
k99_123_3	562	666
k99_1935_1	562	181
k99_1935_2	562	503
k99_1935_3	562	941
k99_1935_4	562	253
k99_1935_5	562	490
k99_1935_6	562	203
k99_973_1	572511	381
k99_973_2	1532	615
k99_973_3	572511	1316
k99_973_4	572511	546
k99_973_5	572511	960
k99_973_6	572511	432
k99_973_7	572511	1054
k99_973_8	33035	517
k99_973_9	572511	233
k99_501_1	1547	169
k99_501_2	1547	453
k99_501_3	1547	769
k99_501_4	1547	741
k99_501_5	1547	355
k99_501_6	1547	406
k99_501_7	1547	239
k99_501_8	1547	147
k99_501_9	1547	242
k99_501_10	3025757	133
k99_501_11	1547	114
k99_501_12	1547	535
k99_501_13	1547	412
k99_501_14	3025755	841
k99_501_15	1547	647
k99_501_16	1547	147
k99_501_17	1547	344
k99_501_18	3025755	119
k99_501_19	1547	295
k99_501_20	1547	621
k99_501_21	1547	176
k99_501_22	1547	1379
k99_501_23	1547	1241
k99_501_24	1547	792
k99_501_25	1547	856
k99_501_26	1547	165
k99_501_27	1547	1976
k99_501_28	1547	475
k99_128_1	572511	72
k99_128_2	572511	342
k99_128_3	33035	693
k99_128_4	572511	52
k99_977_1	207244	199
k99_977_2	186803	181
k99_134_1	562	635
k99_134_2	562	659
k99_1472_1	105841	335
k99_1252_2	818	475
k99_1252_3	818	382
k99_1252_4	818	851
k99_1252_5	816	2008
k99_1252_6	818	702
k99_1252_7	818	575
k99_1252_8	816	1495
k99_1252_9	816	108
k99_1252_10	816	905
k99_1252_11	818	1041
k99_1252_12	816	1968
k99_1252_13	818	937
k99_1252_14	818	773
k99_1252_15	818	994
k99_1252_16	818	538
k99_1252_17	816	84
k99_1252_18	818	684
k99_1252_19	816	369
k99_1252_20	816	595
k99_1252_21	674529	84
k99_1252_22	674529	145
k99_1253_1	543	90
k99_1253_2	543	113
k99_1253_3	562	380
k99_1253_4	562	280
k99_1253_5	562	1045
k99_1253_6	562	345
k99_1253_7	562	196
k99_1055_1	207244	358
k99_2092_1	1547	884
k99_2092_2	1547	520
k99_2092_3	1547	532
k99_2092_4	1547	1355
k99_1940_1	1547	590
k99_1940_2	1547	320
k99_1940_3	2810280	281
k99_1940_4	1547	355
k99_1940_5	1547	163
k99_1940_6	1547	473
k99_1940_7	1547	193
k99_1940_8	1547	172
k99_1940_9	1547	268
k99_1940_10	1547	971
k99_1940_11	3025755	905
k99_1940_12	1547	246
k99_984_1	543	300
k99_984_2	562	669
k99_984_3	562	860
k99_984_4	562	256
k99_356_1	562	280
k99_356_2	562	149
k99_1345_2	33035	201
k99_1345_3	33035	311
k99_1345_4	33035	278
k99_1345_5	33035	236
k99_1345_6	33035	790
k99_1345_7	33035	145
k99_1345_8	33035	200
k99_1345_9	33035	471
k99_1345_10	33035	1327
k99_1345_11	33035	1676
k99_1345_12	33035	214
k99_1345_13	186803	63
k99_1345_14	572511	823
k99_1345_15	33035	159
k99_2617_1	207244	306
k99_2617_2	207244	59
k99_2618_1	1547	195
k99_2618_2	1547	470
k99_2618_3	1547	190
k99_506_1	562	861
k99_617_1	818	342
k99_617_2	818	469
k99_617_3	818	1009
k99_617_4	818	1962
k99_617_5	818	771
k99_617_6	816	157
k99_1944_1	572511	90
k99_1944_2	572511	598
k99_1944_3	572511	898
k99_1944_4	33035	586
k99_1944_5	572511	529
k99_1944_6	33035	128
k99_1944_7	572511	1003
k99_1944_8	572511	677
k99_1944_9	572511	1875
k99_1944_10	572511	252
k99_1944_11	572511	909
k99_1944_12	572511	897
k99_1944_13	572511	174
k99_1944_14	572511	353
k99_1944_15	572511	991
k99_1944_16	572511	823
k99_1944_17	33035	275
k99_1944_18	572511	912
k99_1944_19	33035	286
k99_1944_20	572511	907
k99_1944_21	33035	681
k99_1944_22	572511	981
k99_1944_23	33035	219
k99_1944_24	572511	599
k99_1944_25	572511	618
k99_1944_26	33035	439
k99_1944_27	572511	465
k99_1944_28	572511	774
k99_1944_29	1532	855
k99_1944_30	572511	1211
k99_1944_31	572511	76
k99_251_1	572511	509
k99_251_2	572511	610
k99_251_3	572511	154
k99_251_4	572511	766
k99_251_5	572511	701
k99_251_6	572511	760
k99_251_7	572511	809
k99_251_8	572511	797
k99_251_9	572511	540
k99_251_10	572511	532
k99_251_11	572511	860
k99_251_12	572511	1177
k99_251_13	572511	1054
k99_251_14	572511	852
k99_251_15	572511	404
k99_251_16	572511	267
k99_251_17	572511	692
k99_251_18	572511	544
k99_251_19	572511	390
k99_251_20	572511	213
k99_251_21	33035	92
k99_251_22	572511	446
k99_251_23	572511	181
k99_251_24	572511	697
k99_251_25	572511	1269
k99_251_26	572511	235
k99_251_27	572511	204
k99_251_28	33035	362
k99_251_29	572511	1162
k99_251_30	572511	912
k99_251_31	572511	391
k99_251_32	572511	558
k99_251_33	572511	543
k99_251_34	33035	525
k99_251_35	572511	499
k99_251_36	572511	419
k99_251_37	572511	438
k99_251_38	572511	1041
k99_251_39	572511	392
k99_251_40	572511	239
k99_251_41	572511	552
k99_993_1	207244	432
k99_2624_1	562	1088
k99_2624_2	543	658
k99_2624_3	543	531
k99_2624_4	562	644
k99_2624_5	543	664
k99_2624_6	562	792
k99_2624_7	562	77
k99_2624_8	562	1105
k99_2624_9	562	119
k99_2624_10	562	1048
k99_2624_11	562	125
k99_2624_12	562	493
k99_2624_13	562	1770
k99_2624_14	562	1521
k99_2624_15	562	771
k99_2624_16	562	2177
k99_2624_17	562	1230
k99_2624_18	543	786
k99_2624_19	562	981
k99_2624_20	562	611
k99_2624_21	562	516
k99_2624_22	562	1336
k99_2624_23	562	832
k99_2624_24	562	647
k99_2624_25	561	637
k99_2624_26	562	394
k99_2624_27	562	1142
k99_2624_28	562	955
k99_2624_29	562	165
k99_1642_1	207244	853
k99_1642_2	105841	197
k99_2374_1	1547	292
k99_2374_2	1547	176
k99_2374_3	3025755	363
k99_2374_4	1547	270
k99_2374_5	1547	219
k99_2374_6	1547	234
k99_2375_1	1547	827
k99_2375_2	1547	848
k99_2376_1	562	132
k99_2376_2	562	367
k99_2376_3	561	224
k99_2627_1	562	2566
k99_2627_2	543	947
k99_2627_3	562	378
k99_2627_4	543	310
k99_2627_5	562	620
k99_2627_6	543	665
k99_2627_7	562	1271
k99_2627_8	562	640
k99_2627_9	562	283
k99_2627_10	543	899
k99_2627_11	562	171
k99_2627_12	543	242
k99_2631_1	543	419
k99_2213_1	818	487
k99_2213_2	818	1047
k99_2213_3	818	2123
k99_2213_4	818	1416
k99_2213_5	818	671
k99_2213_6	818	499
k99_2213_7	818	433
k99_2213_8	818	511
k99_2213_9	818	1246
k99_2213_10	818	1007
k99_2213_11	818	165
k99_2213_12	818	114
k99_1003_1	207244	425
k99_2118_1	207244	201
k99_2118_2	207244	175
k99_374_1	1547	107
k99_374_2	1547	271
k99_374_3	1547	1290
k99_1270_1	105841	343
k99_1273_1	562	217
k99_1273_2	562	239
k99_1957_1	562	988
k99_1957_2	562	855
k99_1957_3	562	448
k99_1957_4	562	214
k99_1957_5	562	1655
k99_2388_1	1547	488
k99_2388_2	1547	433
k99_2388_3	1547	924
k99_2388_4	1547	660
k99_2388_5	1547	477
k99_2125_1	1547	980
k99_2125_2	1547	1194
k99_2125_3	1547	805
k99_2125_4	1547	177
k99_1649_1	1547	97
k99_1649_2	1547	590
k99_1649_3	1547	385
k99_1649_4	1547	200
k99_752_1	1547	822
k99_752_2	1547	471
k99_752_3	1547	553
k99_752_4	1547	122
k99_1655_1	3025755	268
k99_1655_2	186803	109
k99_2394_1	562	279
k99_2394_2	562	598
k99_2394_3	562	212
k99_2394_4	562	160
k99_2394_5	543	926
k99_2394_6	562	207
k99_2394_7	543	479
k99_2394_8	562	919
k99_2394_9	562	454
k99_1965_1	562	645
k99_1965_2	562	406
k99_1965_3	562	574
k99_1965_4	543	851
k99_1965_5	562	450
k99_1965_6	562	216
k99_1965_7	562	264
k99_1487_1	33035	197
k99_1487_2	33035	570
k99_1282_1	562	231
k99_1282_2	562	201
k99_1282_3	562	110
k99_1282_4	562	902
k99_1282_5	562	376
k99_1282_6	562	908
k99_1282_7	562	1053
k99_1282_8	562	326
k99_1283_1	543	937
k99_2401_1	1547	138
k99_2401_2	1547	550
k99_2401_3	1547	692
k99_2401_4	1547	511
k99_2401_5	1547	665
k99_2401_6	1547	743
k99_2401_7	1547	597
k99_1494_1	207244	270
k99_2564_1	1547	372
k99_2564_2	1547	685
k99_2564_3	1547	423
k99_2564_4	1547	168
k99_1290_1	186803	70
k99_1290_2	186803	103
k99_1290_3	186803	347
k99_1063_1	572511	689
k99_1063_2	33035	351
k99_1063_3	572511	842
k99_1063_4	572511	891
k99_1063_5	33035	191
k99_1063_6	572511	964
k99_1063_7	572511	949
k99_1063_8	572511	485
k99_1063_9	1532	466
k99_1063_10	572511	1186
k99_1063_11	572511	820
k99_1063_12	572511	662
k99_1063_13	572511	982
k99_1063_14	572511	1126
k99_1063_15	572511	887
k99_1063_16	572511	578
k99_1063_17	572511	514
k99_1063_18	572511	1617
k99_1063_19	572511	588
k99_1063_20	572511	2760
k99_1063_21	572511	927
k99_1063_22	572511	236
k99_1063_23	572511	568
k99_1063_24	572511	408
k99_1063_25	572511	473
k99_1063_26	572511	663
k99_1063_28	572511	1127
k99_1063_29	572511	845
k99_1063_30	572511	548
k99_1063_31	572511	524
k99_1063_32	572511	729
k99_1063_33	33035	540
k99_1063_34	572511	711
k99_1063_35	572511	1572
k99_1063_36	572511	411
k99_1063_37	572511	2155
k99_1063_38	572511	1648
k99_1063_39	572511	562
k99_1063_40	572511	892
k99_1063_41	572511	962
k99_1063_42	572511	555
k99_1063_43	572511	1447
k99_1063_44	572511	584
k99_1063_45	33035	435
k99_1063_46	572511	907
k99_1063_47	572511	498
k99_1063_48	33035	1019
k99_1063_49	572511	632
k99_1063_50	572511	726
k99_2406_1	105841	446
k99_1064_2	33035	80
k99_1064_3	572511	362
k99_1064_4	572511	648
k99_1064_5	572511	540
k99_1064_6	572511	871
k99_1064_7	33035	190
k99_1064_8	572511	140
k99_1294_1	1547	619
k99_1294_2	1547	786
k99_1294_3	1547	94
k99_1294_4	1547	211
k99_1294_5	1547	494
k99_1294_6	1547	1406
k99_1665_1	1547	1909
k99_1665_2	1547	776
k99_1665_3	1547	686
k99_1665_4	1547	219
k99_1665_5	1547	226
k99_1665_6	1547	294
k99_1665_7	1547	192
k99_1665_8	1547	619
k99_1665_9	1547	611
k99_1665_10	1547	345
k99_1665_11	1239	383
k99_1665_12	1547	796
k99_1665_13	1547	756
k99_1665_14	1547	352
k99_1665_15	1547	575
k99_1665_16	1547	532
k99_1665_17	1547	182
k99_1665_18	3025755	79
k99_2411_1	562	185
k99_2411_2	562	125
k99_2411_3	562	1029
k99_2641_1	818	1116
k99_2641_2	818	1500
k99_2641_3	818	608
k99_2641_4	818	931
k99_2641_5	818	2199
k99_2641_6	818	774
k99_2641_7	818	92
k99_2641_8	818	308
k99_2641_9	818	168
k99_2641_10	818	353
k99_2641_11	818	638
k99_2641_12	816	80
k99_2641_13	818	2173
k99_2641_14	818	1094
k99_2641_15	818	794
k99_2641_16	818	786
k99_2641_17	818	929
k99_2641_18	816	696
k99_2641_19	818	1329
k99_2641_20	818	459
k99_2641_21	816	87
k99_2641_22	818	1818
k99_2641_23	818	296
k99_2641_24	818	260
k99_2641_25	816	761
k99_2641_26	818	487
k99_2641_27	816	899
k99_2641_28	818	181
k99_2641_29	816	196
k99_2641_30	818	695
k99_2641_31	816	270
k99_2641_32	816	332
k99_2641_33	818	1028
k99_2641_34	816	685
k99_2641_35	816	463
k99_2641_36	818	1752
k99_2641_37	818	1209
k99_2641_38	818	613
k99_2641_39	818	758
k99_2641_40	818	1605
k99_2641_41	818	1183
k99_2641_42	818	268
k99_2641_43	816	132
k99_2641_44	818	300
k99_2641_45	818	311
k99_2641_46	818	456
k99_2641_47	816	447
k99_2641_48	815	805
k99_2641_49	818	840
k99_2641_50	818	170
k99_2641_51	818	4171
k99_2641_52	818	388
k99_2641_53	818	147
k99_2641_54	818	228
k99_2641_55	818	399
k99_2641_56	818	242
k99_2641_58	818	1170
k99_2641_59	818	590
k99_2641_60	816	369
k99_2642_1	572511	90
k99_2642_2	572511	743
k99_2642_3	572511	120
k99_2414_1	562	744
k99_2414_2	561	147
k99_2414_3	562	640
k99_2414_4	562	600
k99_2414_5	562	541
k99_2414_6	562	551
k99_2414_7	562	311
k99_2217_1	207244	355
k99_1066_1	572511	286
k99_1066_2	572511	350
k99_1066_3	572511	830
k99_1066_4	572511	810
k99_1066_5	572511	543
k99_1066_6	572511	360
k99_1500_2	2951970	55
k99_1500_3	33035	185
k99_1500_4	33035	197
k99_1500_5	33035	197
k99_1500_6	33035	251
k99_1500_7	33035	236
k99_1500_8	572511	163
k99_1500_9	572511	1110
k99_1500_11	572511	911
k99_1500_12	572511	798
k99_1500_13	572511	379
k99_1500_14	572511	685
k99_1500_15	572511	300
k99_1500_16	572511	306
k99_1500_17	572511	312
k99_1500_18	572511	335
k99_1500_19	572511	320
k99_1500_20	572511	296
k99_1500_21	572511	405
k99_1500_22	33035	1819
k99_1500_23	33035	268
k99_1500_24	33035	1528
k99_1500_25	33035	133
k99_1500_26	33035	273
k99_760_1	562	468
k99_760_2	562	289
k99_760_3	562	187
k99_760_4	562	301
k99_760_5	562	380
k99_760_6	562	486
k99_760_7	562	504
k99_760_8	562	663
k99_760_9	543	639
k99_760_10	562	578
k99_760_11	562	300
k99_760_12	543	462
k99_760_13	543	886
k99_760_14	562	462
k99_760_15	562	597
k99_760_16	543	426
k99_760_17	562	678
k99_760_18	562	631
k99_760_19	562	563
k99_760_20	562	986
k99_760_21	562	855
k99_1984_1	1547	651
k99_1984_2	1547	1310
k99_1984_3	2810280	696
k99_1984_4	1547	1222
k99_1984_5	1547	846
k99_1984_6	1547	1124
k99_1984_7	1547	327
k99_1984_8	1547	149
k99_1986_1	543	90
k99_1986_2	562	342
k99_1986_3	562	206
k99_2576_1	1547	114
k99_2576_2	1547	1187
k99_2576_3	1547	546
k99_2576_4	1547	620
k99_2576_5	1547	767
k99_2576_6	1547	806
k99_2576_7	1547	822
k99_2576_8	1547	591
k99_2576_9	1547	792
k99_2576_10	1547	745
k99_1987_1	1547	794
k99_1987_2	1547	3823
k99_1987_3	1547	542
k99_1987_4	1547	959
k99_1987_5	1547	191
k99_1504_1	33035	126
k99_1504_2	33035	377
k99_1069_1	572511	810
k99_1069_2	572511	1142
k99_1069_3	572511	341
k99_1069_4	572511	1125
k99_1070_1	1547	200
k99_1070_2	1547	326
k99_1070_3	186801	87
k99_2229_1	562	545
k99_2229_2	562	227
k99_2229_3	561	206
k99_2229_4	562	835
k99_2229_5	562	213
k99_2229_6	562	544
k99_2584_1	1547	324
k99_2584_2	1547	720
k99_2584_3	1547	601
k99_1508_1	562	141
k99_1508_2	562	872
k99_2646_1	1239	344
k99_2646_2	1547	1502
k99_2646_3	1547	743
k99_2646_4	1547	525
k99_2646_5	1547	438
k99_2646_6	1547	998
k99_2646_7	1547	437
k99_2646_8	1547	785
k99_2646_9	1547	573
k99_2646_10	1547	345
k99_2646_11	1547	642
k99_2646_12	1239	583
k99_2646_13	1547	906
k99_2646_14	1547	1164
k99_2646_15	1547	198
k99_1362_1	1547	123
k99_1362_2	1547	674
k99_1362_3	1547	242
k99_1362_4	1547	305
k99_1362_5	1547	78
k99_1676_1	105841	359
k99_528_1	562	320
k99_528_2	562	67
k99_2004_1	207244	248
k99_530_1	1547	190
k99_530_2	1547	580
k99_2139_1	33035	796
k99_2139_2	572511	260
k99_395_1	1547	593
k99_395_2	1547	887
k99_395_3	3025755	428
k99_395_4	1547	603
k99_395_5	1547	572
k99_395_6	1547	216
k99_395_7	1547	805
k99_395_8	1547	1035
k99_395_9	1547	541
k99_395_10	1547	569
k99_395_11	1547	586
k99_395_12	1547	162
k99_395_13	1547	152
k99_2788_2	572511	491
k99_2788_3	33035	221
k99_2788_4	572511	1389
k99_2788_5	572511	222
k99_2791_1	207244	231
k99_2791_2	207244	309
k99_1364_1	562	157
k99_1364_2	562	145
k99_1364_3	562	324
k99_1364_4	562	293
k99_1364_5	562	108
k99_1364_6	562	295
k99_1364_7	562	169
k99_1364_8	1236	301
k99_397_1	33035	263
k99_397_2	572511	605
k99_397_3	572511	918
k99_1518_1	562	414
k99_1518_2	562	632
k99_1518_3	562	1263
k99_1518_4	562	534
k99_1518_5	562	442
k99_534_1	1547	551
k99_534_2	1547	158
k99_534_3	1547	570
k99_534_4	1547	578
k99_1521_1	562	596
k99_1521_2	562	767
k99_1521_3	562	606
k99_1521_4	562	763
k99_1521_5	562	1068
k99_1521_6	562	580
k99_1521_7	562	477
k99_1521_8	562	286
k99_1521_9	543	1336
k99_1521_10	562	142
k99_1521_11	562	719
k99_1521_12	562	775
k99_1521_13	562	420
k99_2797_1	1547	363
k99_2797_2	1547	436
k99_2797_3	1547	1705
k99_2797_4	1547	402
k99_2797_5	3025755	201
k99_2797_6	1547	246
k99_2797_7	1547	206
k99_2797_8	1547	664
k99_2797_9	1547	286
k99_2797_10	1547	367
k99_2797_11	1547	746
k99_2797_12	1547	617
k99_2797_13	1547	354
k99_2797_14	1547	292
k99_2797_15	1547	654
k99_2797_16	1547	1438
k99_2797_17	1547	945
k99_2797_18	1547	512
k99_2797_19	3025755	158
k99_2797_20	2810280	171
k99_2797_21	1547	315
k99_1391_1	572511	212
k99_1391_2	572511	731
k99_1391_3	572511	819
k99_1391_4	572511	382
k99_1391_5	572511	552
k99_537_1	1547	109
k99_537_2	1547	150
k99_537_3	1547	801
k99_537_4	1547	764
k99_537_5	1547	382
k99_537_6	1547	176
k99_537_7	1547	538
k99_537_8	1547	405
k99_537_9	1547	642
k99_537_10	1547	756
k99_537_11	1547	512
k99_537_12	3025755	294
k99_537_13	1547	820
k99_537_14	1547	484
k99_537_15	1547	590
k99_537_16	1547	642
k99_537_17	1547	588
k99_537_18	1547	621
k99_537_19	1547	291
k99_537_20	3025755	610
k99_537_21	3025755	569
k99_537_22	3025755	897
k99_537_23	1547	267
k99_537_24	3025755	137
k99_537_25	1547	481
k99_1098_1	562	141
k99_1098_2	562	194
k99_1098_3	562	152
k99_1098_4	562	261
k99_1098_5	562	106
k99_1098_6	562	108
k99_1098_7	562	141
k99_1098_8	562	126
k99_1098_9	562	127
k99_1098_10	543	588
k99_1100_1	1532	306
k99_1100_2	186803	797
k99_271_1	1547	115
k99_271_2	1547	356
k99_271_4	1547	241
k99_271_5	1547	337
k99_548_1	562	151
k99_548_2	562	605
k99_2013_1	1547	653
k99_2013_2	1239	434
k99_2013_3	1547	1930
k99_2013_4	1547	471
k99_2013_5	1547	1047
k99_2013_6	1547	1117
k99_2013_7	1547	133
k99_2013_8	1547	540
k99_2013_9	1547	525
k99_2013_10	1547	333
k99_2013_11	1547	262
k99_2013_12	1547	852
k99_2013_13	1547	436
k99_2013_14	1547	753
k99_2013_15	1547	617
k99_2013_16	1547	986
k99_2013_17	1547	1202
k99_2013_18	1547	648
k99_2013_19	1547	799
k99_2013_20	1547	1028
k99_2013_21	1547	860
k99_2013_22	1547	323
k99_2013_23	1547	125
k99_415_1	562	573
k99_415_2	562	1018
k99_415_3	543	453
k99_415_4	562	523
k99_415_5	562	400
k99_415_6	543	230
k99_415_7	562	898
k99_415_8	543	855
k99_415_9	562	711
k99_2249_1	105841	395
k99_2251_1	186803	137
k99_2251_2	572511	271
k99_2251_3	572511	156
k99_2251_4	572511	144
k99_2251_5	1532	1004
k99_2251_6	572511	702
k99_2251_7	572511	758
k99_2251_8	572511	1045
k99_2251_9	572511	832
k99_418_1	1547	532
k99_418_2	1547	104
k99_418_3	1547	266
k99_418_4	3025755	165
k99_418_5	1547	684
k99_418_6	1239	543
k99_418_7	3025755	1025
k99_418_8	1547	1456
k99_418_9	1547	600
k99_418_10	1547	815
k99_2252_1	562	397
k99_1701_1	105841	332
k99_1705_1	562	409
k99_1705_2	562	147
k99_1540_1	1547	409
k99_1540_2	1547	661
k99_1540_3	1547	302
k99_1540_4	1547	498
k99_1540_5	1547	742
k99_1540_6	1547	233
k99_1540_7	1547	559
k99_1540_8	1547	573
k99_1540_9	1547	268
k99_1540_10	1547	922
k99_1540_11	1547	466
k99_1540_12	1547	290
k99_1540_13	1547	244
k99_1540_14	1547	159
k99_1540_15	1547	575
k99_1540_16	1547	405
k99_1540_17	1547	191
k99_1540_18	1547	246
k99_1540_19	1547	287
k99_1540_20	1547	211
k99_1540_21	1547	216
k99_1540_22	1547	237
k99_1540_23	1547	885
k99_1540_24	1547	925
k99_1540_25	1547	742
k99_1540_26	1547	333
k99_1540_27	1547	438
k99_1540_28	1547	255
k99_1540_29	1547	775
k99_1540_30	1547	943
k99_1540_31	1547	173
k99_1405_1	207244	206
k99_1405_2	207244	97
k99_2678_1	207244	355
k99_1549_1	3025755	749
k99_1549_2	1547	385
k99_1410_2	562	579
k99_1553_1	105841	382
k99_2145_1	572511	548
k99_2145_2	572511	664
k99_2145_3	572511	741
k99_2145_4	33035	529
k99_2145_5	572511	587
k99_2145_6	33035	966
k99_2145_7	33035	674
k99_2145_8	572511	668
k99_2145_9	572511	975
k99_2145_10	572511	405
k99_2145_11	33035	286
k99_2145_12	572511	750
k99_2145_13	572511	718
k99_2145_14	572511	518
k99_2145_15	1532	293
k99_2145_16	572511	459
k99_2145_17	33035	227
k99_2145_18	572511	795
k99_2145_19	572511	101
k99_2145_20	572511	617
k99_2145_22	572511	342
k99_2145_23	572511	395
k99_2145_24	572511	771
k99_2145_25	33035	375
k99_2145_26	33035	224
k99_2145_27	33035	69
k99_2145_28	33035	422
k99_2145_29	572511	681
k99_2145_30	572511	1677
k99_2145_31	572511	523
k99_2145_32	572511	563
k99_2145_33	572511	926
k99_2145_34	572511	800
k99_2145_35	33035	556
k99_2145_36	33035	595
k99_2145_37	572511	977
k99_2145_38	33035	1136
k99_2145_39	33035	1054
k99_2145_40	33035	906
k99_2145_41	33035	482
k99_2145_42	33035	1197
k99_2145_43	33035	533
k99_2145_44	33035	593
k99_2145_45	572511	863
k99_2145_46	572511	249
k99_2145_47	572511	318
k99_2145_48	572511	780
k99_2145_49	572511	1102
k99_2145_50	572511	1160
k99_2145_51	572511	509
k99_2145_52	572511	714
k99_2682_2	562	432
k99_2682_3	562	311
k99_2682_4	562	161
k99_2682_5	543	313
k99_2682_6	561	339
k99_2682_7	562	669
k99_2682_8	562	582
k99_2682_9	562	1283
k99_2682_10	562	447
k99_2682_11	562	513
k99_2682_12	562	754
k99_2682_13	562	688
k99_2682_14	562	876
k99_2682_15	562	337
k99_2682_16	562	63
k99_1415_1	1547	303
k99_1415_2	1547	248
k99_1415_3	1547	350
k99_625_1	562	172
k99_625_2	562	288
k99_625_3	562	248
k99_625_4	620	896
k99_625_5	562	796
k99_625_6	562	760
k99_625_7	562	80
k99_625_8	543	242
k99_625_9	620	161
k99_627_1	818	390
k99_627_2	818	610
k99_628_1	562	276
k99_628_2	562	901
k99_628_3	562	404
k99_628_4	562	712
k99_628_5	562	1238
k99_628_6	562	445
k99_2261_1	1547	114
k99_2261_2	3025755	326
k99_2261_3	1547	1410
k99_2261_4	1547	112
k99_2261_5	1547	362
k99_2261_6	1547	556
k99_2261_7	1547	482
k99_2261_8	1547	1000
k99_2261_9	1547	631
k99_2261_10	1547	717
k99_2261_11	1547	523
k99_2261_12	1547	394
k99_2261_13	1547	277
k99_2261_14	1547	192
k99_2261_15	1547	242
k99_2261_16	1547	676
k99_1424_1	1547	219
k99_1424_2	1547	819
k99_1424_3	1547	850
k99_1424_4	1547	372
k99_1424_5	1547	168
k99_2263_1	562	263
k99_2263_2	562	587
k99_2263_3	562	190
k99_2263_4	562	108
k99_779_1	562	124
k99_779_2	562	271
k99_779_3	562	864
k99_779_4	562	171
k99_779_5	562	128
k99_779_6	562	370
k99_779_7	562	255
k99_779_8	562	482
k99_779_9	562	548
k99_779_10	543	1117
k99_779_11	562	473
k99_779_12	562	262
k99_779_13	543	527
k99_779_14	543	320
k99_779_15	562	669
k99_779_16	562	392
k99_1562_1	572511	413
k99_1562_2	572511	506
k99_1562_3	572511	1061
k99_1562_4	33035	358
k99_1562_5	572511	567
k99_1562_6	572511	146
k99_1562_7	33035	161
k99_1562_8	572511	1079
k99_1562_9	572511	136
k99_1562_10	572511	858
k99_1562_11	572511	618
k99_1562_12	33035	509
k99_1562_13	572511	593
k99_1562_14	572511	442
k99_1562_15	572511	72
k99_1562_16	572511	322
k99_1562_17	572511	200
k99_1562_18	572511	385
k99_1562_19	572511	1381
k99_1562_20	572511	320
k99_1562_21	572511	681
k99_1562_22	33035	409
k99_1562_23	572511	845
k99_1562_25	572511	233
k99_1562_26	572511	1558
k99_1562_27	572511	267
k99_1562_28	572511	899
k99_1562_29	572511	655
k99_1425_1	1547	319
k99_1425_2	1547	307
k99_1425_3	1547	1353
k99_1425_4	1547	448
k99_1425_5	1547	644
k99_1425_6	1547	488
k99_1425_7	1547	1163
k99_1425_8	1547	283
k99_1425_9	1547	165
k99_1709_1	1547	236
k99_1709_2	1547	1787
k99_1709_3	1547	880
k99_1709_4	1547	871
k99_1709_5	1547	131
k99_1709_6	1547	555
k99_1709_7	1547	640
k99_1709_8	1547	278
k99_1709_9	1547	577
k99_1709_10	3025755	1238
k99_1709_11	1547	254
k99_631_1	1547	655
k99_632_1	562	622
k99_632_2	562	249
k99_2696_1	572511	346
k99_2696_2	572511	333
k99_2696_3	1532	1229
k99_2696_4	572511	382
k99_2696_5	572511	793
k99_2147_1	818	209
k99_2147_2	818	704
k99_2147_3	818	487
k99_2147_4	818	860
k99_2147_5	818	759
k99_2147_6	818	763
k99_2147_7	818	98
k99_2147_8	818	922
k99_2147_9	818	850
k99_2147_10	818	494
k99_2147_11	818	694
k99_2147_12	818	329
k99_2147_13	818	780
k99_2147_14	818	684
k99_2147_15	818	704
k99_2147_16	818	539
k99_2147_17	818	433
k99_2147_18	818	197
k99_2147_19	818	292
k99_2147_20	816	63
k99_2147_21	818	290
k99_2147_22	818	150
k99_2147_23	818	1219
k99_2147_24	818	418
k99_2147_25	816	100
k99_2147_26	818	1039
k99_2147_27	816	151
k99_2147_28	816	1195
k99_2147_29	816	772
k99_2147_30	818	820
k99_2147_31	816	1922
k99_2147_32	818	667
k99_2147_33	816	171
k99_2147_34	816	662
k99_2147_35	818	858
k99_2147_36	816	739
k99_2147_37	818	241
k99_2147_38	816	597
k99_2147_39	816	1020
k99_2147_40	816	267
k99_2147_41	818	672
k99_2147_42	818	2125
k99_2147_43	818	1320
k99_2147_44	818	367
k99_2147_45	818	123
k99_2147_46	816	347
k99_2147_47	818	207
k99_2147_48	818	518
k99_2147_49	816	356
k99_2147_50	818	387
k99_2147_51	818	1263
k99_2147_52	818	704
k99_2147_53	818	635
k99_2147_54	816	811
k99_2147_55	816	460
k99_2147_56	818	811
k99_2147_57	816	678
k99_2147_58	818	685
k99_2147_59	818	140
k99_2147_60	818	504
k99_2147_61	816	211
k99_2147_62	816	377
k99_2147_63	818	1320
k99_2147_64	818	955
k99_2147_65	818	1234
k99_2147_66	816	513
k99_2147_67	816	705
k99_2147_68	816	436
k99_2147_69	818	61
k99_637_1	1547	552
k99_637_2	3025755	1069
k99_637_3	1547	175
k99_637_4	1547	357
k99_637_5	1547	1215
k99_637_6	1239	188
k99_637_7	1547	545
k99_637_8	3025755	357
k99_637_9	3025755	119
k99_637_10	3025755	229
k99_2700_1	572511	550
k99_2700_2	572511	479
k99_2700_3	572511	570
k99_2700_4	572511	1304
k99_2700_5	572511	786
k99_2700_6	572511	484
k99_1430_1	572511	985
k99_1430_2	572511	997
k99_1430_3	572511	415
k99_1430_4	572511	372
k99_1430_5	572511	642
k99_1430_6	572511	326
k99_1430_7	572511	850
k99_1430_8	572511	459
k99_1430_9	572511	382
k99_1430_10	572511	2153
k99_1430_11	33035	318
k99_1430_12	186803	219
k99_1430_13	572511	120
k99_1430_14	572511	308
k99_1430_15	572511	852
k99_1430_16	572511	225
k99_1430_17	572511	1277
k99_1430_18	1532	2122
k99_1430_19	572511	397
k99_1430_20	33035	342
k99_1430_21	572511	812
k99_1430_22	33035	556
k99_1430_23	572511	238
k99_1430_24	33035	275
k99_1430_25	33035	1839
k99_1430_26	33035	159
k99_1430_27	186803	207
k99_1430_28	186803	1108
k99_1430_29	33035	1000
k99_1430_30	572511	2227
k99_1713_1	543	68
k99_1713_2	543	202
k99_1713_3	543	168
k99_1713_4	562	611
k99_1713_5	562	738
k99_1713_6	562	894
k99_1713_7	543	306
k99_1713_8	543	189
k99_1713_9	543	410
k99_1713_10	543	1257
k99_1713_11	562	550
k99_1713_12	562	860
k99_1713_13	562	201
k99_1713_14	562	995
k99_1713_15	562	150
k99_2276_1	562	1424
k99_2276_2	562	461
k99_2276_3	562	389
k99_2276_4	562	465
k99_2276_5	562	508
k99_2276_6	562	509
k99_2276_7	562	313
k99_2276_8	562	565
k99_2276_9	562	766
k99_2276_10	562	298
k99_2276_12	562	315
k99_2276_13	562	860
k99_2276_14	562	510
k99_2276_15	562	324
k99_2276_16	562	226
k99_2276_17	562	986
k99_2276_18	562	874
k99_2276_19	562	508
k99_2276_20	543	557
k99_2276_21	562	735
k99_2276_22	562	772
k99_2282_1	1547	358
k99_2282_2	1547	382
k99_2282_3	69824	685
k99_2282_4	3025755	467
k99_2282_5	3025755	298
k99_2282_6	3025755	1087
k99_2282_7	1547	192
k99_2282_8	1547	637
k99_2282_9	1547	300
k99_2282_10	1547	209
k99_2283_1	33035	176
k99_2283_2	33035	604
k99_2283_3	572511	2596
k99_2283_4	186803	75
k99_2283_5	572511	175
k99_1571_1	33035	512
k99_1571_2	33035	935
k99_1571_3	186803	316
k99_1571_4	186803	191
k99_1571_5	572511	880
k99_1571_6	33035	213
k99_1571_7	33035	1972
k99_1571_8	33035	558
k99_1571_9	1532	633
k99_1571_10	1532	141
k99_1571_11	1532	1335
k99_1571_12	1532	449
k99_1571_13	33035	795
k99_1571_14	1532	1699
k99_1571_15	1532	333
k99_1571_16	1532	610
k99_1571_17	1532	1000
k99_1571_18	1532	171
k99_1571_19	1532	560
k99_1571_20	1532	523
k99_1571_21	1532	376
k99_1571_22	1532	579
k99_1571_23	33035	156
k99_1571_24	33035	483
k99_1571_25	1532	363
k99_1571_26	1532	218
k99_1571_27	33035	362
k99_1571_28	33035	189
k99_1571_29	33035	108
k99_1571_30	33035	116
k99_1571_31	33035	221
k99_1571_32	1532	214
k99_1571_33	33035	363
k99_1571_34	33035	182
k99_1571_35	33035	142
k99_1571_36	33035	238
k99_1571_37	33035	136
k99_1571_38	33035	265
k99_1571_39	33035	115
k99_1571_40	1532	147
k99_1571_41	33035	317
k99_1571_42	1532	1077
k99_1571_43	33035	400
k99_1571_44	33035	157
k99_1571_45	1532	556
k99_1571_46	572511	477
k99_1571_47	572511	1195
k99_1571_48	1532	1272
k99_1571_49	572511	450
k99_1571_50	186803	270
k99_1571_51	572511	341
k99_1571_52	572511	122
k99_1571_53	186803	102
k99_1571_54	572511	526
k99_1571_55	33035	581
k99_1571_56	572511	54
k99_642_1	818	67
k99_642_2	818	795
k99_642_3	818	769
k99_642_4	818	1107
k99_642_5	818	1855
k99_2713_1	562	414
k99_2713_2	562	579
k99_2713_3	562	103
k99_2713_4	562	127
k99_2713_5	562	807
k99_2713_6	562	332
k99_2713_7	561	538
k99_2713_8	562	1593
k99_2713_9	562	228
k99_2713_10	543	392
k99_2713_11	562	497
k99_1103_1	543	523
k99_1103_2	562	964
k99_1103_3	562	871
k99_1103_4	562	1397
k99_1103_5	562	1553
k99_1103_6	561	736
k99_1103_7	561	357
k99_1103_8	543	840
k99_1103_9	562	352
k99_1103_10	543	649
k99_1103_11	562	478
k99_1103_12	562	700
k99_1103_13	562	337
k99_1103_14	562	773
k99_1103_15	562	279
k99_1104_1	105841	162
k99_1104_2	105841	310
k99_1104_3	105841	130
k99_2714_1	3025755	805
k99_2714_2	1547	644
k99_2714_3	1547	598
k99_2714_4	1547	548
k99_1578_1	562	619
k99_1578_2	562	517
k99_646_1	572511	478
k99_646_2	572511	872
k99_655_1	562	454
k99_655_2	562	233
k99_781_1	572511	417
k99_781_2	572511	80
k99_781_3	572511	87
k99_781_4	572511	387
k99_781_5	572511	2237
k99_781_6	572511	1692
k99_781_7	572511	496
k99_781_8	1796616	943
k99_781_9	572511	616
k99_781_10	572511	525
k99_781_11	572511	863
k99_781_12	572511	673
k99_781_13	33035	461
k99_781_14	572511	829
k99_781_15	33035	438
k99_781_16	572511	1147
k99_781_17	572511	516
k99_781_18	572511	784
k99_781_19	572511	154
k99_781_20	572511	953
k99_781_21	572511	965
k99_781_22	572511	454
k99_781_23	572511	381
k99_1581_1	1547	81
k99_1581_2	1547	441
k99_1810_1	562	146
k99_1810_2	562	1471
k99_1810_3	562	1966
k99_1810_4	562	127
k99_658_1	572511	826
k99_658_2	572511	801
k99_658_3	33035	724
k99_658_4	33035	759
k99_658_5	572511	535
k99_658_6	572511	599
k99_658_7	572511	954
k99_658_8	186803	523
k99_658_9	33035	72
k99_658_10	572511	581
k99_658_11	572511	923
k99_658_12	572511	635
k99_658_13	572511	719
k99_658_14	572511	843
k99_658_15	572511	1026
k99_658_16	33035	445
k99_658_17	572511	552
k99_658_18	572511	318
k99_658_19	1532	379
k99_658_20	572511	752
k99_658_21	572511	591
k99_658_22	572511	602
k99_1719_1	572511	159
k99_1719_2	572511	355
k99_1719_3	572511	562
k99_1719_4	1532	355
k99_1723_1	562	663
k99_1723_2	543	228
k99_789_1	105841	239
k99_789_2	105841	111
k99_1725_1	572511	418
k99_1725_2	572511	534
k99_1725_3	572511	243
k99_1725_4	572511	271
k99_1726_1	562	160
k99_1726_2	562	273
k99_1726_3	562	385
k99_1137_1	562	1124
k99_1137_2	562	195
k99_1137_3	562	147
k99_1137_4	492670	107
k99_1137_5	562	441
k99_1831_1	562	545
k99_1831_2	562	730
k99_1831_3	562	401
k99_1831_4	543	250
k99_1831_5	562	669
k99_1831_6	562	575
k99_1831_7	562	383
k99_2817_1	572511	282
k99_2817_2	1532	1173
k99_2817_3	572511	850
k99_2817_4	572511	615
k99_2817_5	572511	160
k99_2432_1	543	173
k99_2432_2	562	293
k99_1852_1	105841	353
k99_2827_1	562	1809
k99_2827_2	562	545
k99_1861_1	186803	405
k99_1868_1	562	749
k99_1868_2	562	713
k99_1868_3	543	505
k99_1868_4	562	707
k99_1868_5	562	234
k99_1868_6	562	616
k99_1868_7	562	461
k99_1868_8	562	694
k99_2833_1	562	182
k99_2833_2	562	561
k99_2833_3	562	323
k99_2833_4	562	94
k99_2833_5	562	273
k99_2833_6	562	285
k99_2833_7	562	338
k99_2833_8	562	731
k99_796_1	818	52
k99_796_2	818	538
k99_796_3	818	684
k99_796_4	818	2064
k99_796_5	818	483
k99_2838_1	572511	620
k99_2838_2	33035	795
k99_2838_3	33035	421
k99_2838_4	572511	384
k99_2838_5	572511	297
k99_803_1	562	561
k99_810_1	1547	304
k99_2438_1	207244	169
k99_2440_1	562	555
k99_2440_2	562	147
k99_2440_3	543	132
k99_2440_4	562	401
k99_2440_5	562	476
k99_2440_6	543	157
k99_2440_7	562	455
k99_2440_8	562	221
k99_2440_9	562	259
k99_2440_10	562	662
k99_2440_11	562	155
k99_2441_1	562	126
k99_2441_2	562	720
k99_2444_1	572511	415
k99_2444_2	33035	306
k99_2444_3	572511	145
k99_2444_4	572511	1516
k99_2444_5	572511	722
k99_2444_6	572511	619
k99_2444_7	33035	441
k99_2444_8	572511	652
k99_2444_9	572511	274
k99_2444_10	572511	627
k99_2444_11	572511	246
k99_2444_12	572511	182
k99_2444_13	572511	359
k99_2444_14	33035	169
k99_2444_15	186803	553
k99_2444_16	572511	598
k99_2444_17	572511	850
k99_2444_18	572511	328
k99_2444_19	572511	410
k99_2444_20	572511	308
k99_2444_21	572511	676
k99_2444_22	33035	371
k99_2444_23	572511	583
k99_2444_24	572511	880
k99_2444_25	572511	676
k99_2444_26	572511	725
k99_2850_1	572511	427
k99_2850_2	572511	691
k99_2850_3	572511	482
k99_2850_4	572511	1267
k99_2850_5	572511	578
k99_2850_6	572511	439
k99_2850_7	33035	446
k99_2850_8	572511	710
k99_2850_9	33035	533
k99_2850_10	33035	107
k99_2850_11	33035	293
k99_2850_12	33035	622
k99_2850_13	572511	305
k99_2850_14	572511	1376
k99_2850_15	572511	1130
k99_2850_16	572511	607
k99_2850_17	572511	906
k99_2850_18	33035	682
k99_2850_19	572511	829
k99_2850_20	572511	539
k99_2850_21	572511	746
k99_2850_22	33035	328
k99_2850_23	572511	325
k99_2850_24	33035	327
k99_2850_25	572511	509
k99_676_1	818	442
k99_676_2	818	1823
k99_676_3	816	672
k99_676_4	818	252
k99_2863_1	186803	768
k99_2863_2	186803	664
k99_2863_3	186803	508
k99_2863_4	186803	563
k99_2863_5	33035	243
k99_2863_6	186803	245
k99_2863_7	186803	204
k99_2863_8	186803	791
k99_2863_9	186803	413
k99_2863_10	186803	472
k99_817_1	543	222
k99_817_2	562	668
k99_817_3	543	522
k99_817_4	543	512
k99_817_5	562	749
k99_817_6	562	1276
k99_817_7	562	390
k99_687_1	562	723
k99_687_2	562	1562
k99_687_3	562	362
k99_687_4	562	462
k99_687_5	543	298
k99_687_6	562	634
k99_687_7	562	895
k99_687_8	562	322
k99_687_9	562	370
k99_687_10	562	495
k99_687_11	562	1728
k99_687_12	562	363
k99_687_13	562	364
k99_687_14	562	382
k99_687_15	562	835
k99_687_16	562	513
k99_687_17	562	548
k99_687_18	562	561
k99_687_19	562	253
k99_687_20	562	820
k99_687_21	562	301
k99_687_22	561	310
k99_832_1	1547	91
k99_832_2	1547	515
k99_832_3	1547	1018
k99_702_1	543	72
k99_702_2	562	1143
k99_702_3	562	155
k99_702_4	562	908
k99_702_5	543	218
k99_705_1	1547	322
k99_705_2	1547	347
k99_705_3	1547	555
k99_705_4	1547	974
k99_705_5	1547	596
k99_705_6	1547	134
k99_705_7	1547	951
k99_705_8	1547	860
k99_705_9	1547	106
k99_705_10	1239	196
k99_705_11	1547	104
k99_705_12	1547	413
k99_705_13	1547	340
k99_2867_1	818	130
k99_2867_3	818	576
k99_2867_4	818	1097
k99_2867_5	818	1102
k99_2867_6	818	643
k99_2867_7	818	1328
k99_2867_8	818	2104
k99_2867_9	818	939
k99_2867_10	818	2698
k99_2867_11	818	1589
k99_2867_12	818	661
k99_2867_13	818	822
k99_2867_14	818	990
k99_2867_15	818	811
k99_2867_16	818	984
k99_2867_17	818	537
k99_2867_18	818	528
k99_2867_19	818	507
k99_2867_20	818	471
k99_2867_21	818	65
k99_2867_22	818	2430
k99_2867_23	818	1566
k99_2867_24	816	451
k99_2867_25	816	471
k99_2867_26	816	385
k99_2867_27	818	251
k99_2867_28	816	598
k99_2867_29	816	748
k99_2867_30	816	548
k99_2867_31	816	662
k99_2867_32	816	855
k99_2867_33	818	972
k99_2867_34	816	74
k99_2867_35	816	292
k99_2867_36	816	394
k99_2867_37	816	799
k99_2867_38	816	650
k99_2867_39	816	746
k99_2867_40	818	484
k99_2867_41	816	366
k99_2867_42	816	1125
k99_2867_43	818	802
k99_2867_44	818	780
k99_2867_45	818	1074
k99_2867_46	818	2171
k99_2867_48	818	623
k99_2867_49	818	343
k99_2867_50	816	129
k99_2867_51	818	273
k99_2867_52	816	124
k99_2867_53	818	743
k99_2867_54	818	538
k99_2867_55	818	995
k99_2867_56	818	975
k99_2867_57	816	141
k99_2867_58	818	1209
k99_2867_59	818	1248
k99_2867_60	818	68
k99_2867_61	816	953
k99_2867_62	818	2693
k99_2867_63	816	65
k99_2867_64	818	63
k99_2867_65	818	187
k99_2867_66	818	58
k99_2867_67	818	79
k99_2867_68	818	135
k99_2867_69	818	827
k99_2867_70	817	149
k99_2867_71	816	885
k99_2867_72	818	267
k99_2867_73	816	425
k99_2867_74	818	320
k99_2867_75	818	553
k99_2867_76	818	703
k99_2867_77	818	987
k99_2867_78	818	498
k99_2867_79	818	1748
k99_2867_80	818	308
k99_2867_81	816	284
k99_2867_82	818	572
k99_2867_83	818	152
k99_2867_84	818	795
k99_2867_85	818	704
k99_2867_86	818	821
k99_2867_87	816	644
k99_2867_88	818	250
k99_2867_89	818	484
k99_2867_90	818	762
k99_2867_91	818	621
k99_2867_92	816	728
k99_2867_93	818	420
k99_2867_94	816	103
k99_2867_95	816	375
k99_2867_96	818	913
k99_2867_97	818	249
k99_2867_98	818	451
k99_2867_99	818	104
k99_2867_100	816	335
k99_2867_101	818	332
k99_2867_102	816	638
k99_2867_103	816	746
k99_2867_104	818	764
k99_2867_105	818	335
k99_2867_106	816	939
k99_2867_107	816	1258
k99_2867_108	818	313
k99_2867_109	818	542
k99_2867_110	816	662
k99_2867_111	816	999
k99_2867_112	818	1372
k99_2867_113	818	1247
k99_2867_114	816	621
k99_2867_115	818	1591
k99_2867_116	818	2887
k99_2867_117	818	1398
k99_2867_118	818	876
k99_2867_119	818	815
k99_2867_120	818	558
k99_2867_121	818	868
k99_2867_122	818	2682
k99_2867_123	818	1040
k99_2867_124	818	980
k99_2867_125	818	1413
k99_2867_126	818	1080
k99_1872_1	186803	252
k99_1442_1	1547	406
k99_9_1	186803	719
k99_2736_1	1547	402
k99_2736_2	1547	763
k99_153_1	207244	166
k99_153_2	207244	172
k99_157_1	105841	295
k99_160_1	562	380
k99_160_2	562	479
k99_160_3	543	138
k99_2740_1	572511	280
k99_2740_2	749906	150
k99_2740_3	572511	1034
k99_2740_4	572511	410
k99_2740_5	572511	571
k99_2740_6	572511	752
k99_2740_7	572511	833
k99_2740_8	33035	575
k99_2740_9	572511	630
k99_2740_10	33035	746
k99_2740_11	572511	773
k99_2740_12	572511	461
k99_2308_1	562	348
k99_2308_2	562	396
k99_2308_3	543	178
k99_2308_4	562	245
k99_724_1	162156	124
k99_724_2	1076179	264
k99_1743_1	207244	278
k99_726_2	572511	716
k99_726_3	572511	560
k99_726_4	572511	759
k99_726_5	33035	1554
k99_726_6	572511	203
k99_726_7	572511	119
k99_726_8	572511	632
k99_726_9	572511	504
k99_726_10	572511	1244
k99_1446_1	207244	367
k99_166_1	543	386
k99_166_2	562	83
k99_1301_1	33035	238
k99_1301_2	33035	340
k99_1301_4	2825719	45
k99_170_1	105841	343
k99_1305_1	562	76
k99_1305_2	562	753
k99_1305_3	562	473
k99_1305_4	562	499
k99_1305_5	562	458
k99_1305_6	562	676
k99_1305_7	562	605
k99_1305_8	562	755
k99_1023_1	207244	169
k99_1023_2	207244	313
k99_2602_1	562	65
k99_2602_2	562	428
k99_2602_3	562	978
k99_2602_4	562	795
k99_2602_5	562	369
k99_2602_6	562	447
k99_2602_7	562	455
k99_2602_8	562	444
k99_2602_9	562	563
k99_175_1	572511	242
k99_175_2	572511	994
k99_175_3	572511	469
k99_175_4	572511	287
k99_175_5	572511	332
k99_175_6	572511	542
k99_175_7	33035	551
k99_175_8	572511	49
k99_175_9	33035	201
k99_1160_1	562	529
k99_1160_2	562	411
k99_1160_3	562	74
k99_1160_4	562	140
k99_1160_5	562	239
k99_1160_6	562	181
k99_1160_7	562	543
k99_2165_1	562	435
k99_2165_2	562	416
k99_2165_3	562	928
k99_2165_4	562	626
k99_2165_5	562	1805
k99_2165_6	562	405
k99_2165_7	562	242
k99_2165_8	562	927
k99_2165_9	543	68
k99_2165_10	543	920
k99_2165_11	562	685
k99_2165_12	543	941
k99_2165_13	543	1192
k99_2165_14	562	479
k99_2165_15	562	636
k99_2165_16	562	818
k99_2165_17	562	487
k99_2165_18	562	927
k99_2165_19	562	921
k99_2165_20	562	1443
k99_2165_21	562	635
k99_2165_22	562	881
k99_2165_23	562	573
k99_2165_24	562	574
k99_2165_25	562	589
k99_2165_26	562	501
k99_2165_27	562	406
k99_2165_28	562	530
k99_2165_29	543	285
k99_2165_30	562	639
k99_2165_31	543	65
k99_2165_32	562	140
k99_2165_33	562	162
k99_2165_34	562	120
k99_2165_35	562	622
k99_2165_36	543	423
k99_2165_37	562	634
k99_2165_38	562	1674
k99_2165_39	543	398
k99_2165_40	562	553
k99_2165_41	562	678
k99_2165_42	562	1151
k99_2165_43	562	716
k99_2165_44	562	926
k99_2165_45	562	300
k99_2165_46	562	222
k99_2165_47	562	567
k99_2036_1	1547	190
k99_2036_2	1547	694
k99_2036_3	1547	534
k99_2036_4	1547	122
k99_2036_5	1547	1104
k99_1449_2	33035	186
k99_1449_3	33035	194
k99_1449_4	33035	262
k99_1449_5	33035	114
k99_1449_6	33035	402
k99_1449_7	33035	319
k99_1449_8	572511	860
k99_1449_9	572511	895
k99_1449_10	33035	609
k99_1449_11	33035	184
k99_1449_12	1532	196
k99_1449_13	33035	322
k99_1449_14	572511	565
k99_1449_15	33035	216
k99_1449_16	33035	227
k99_1449_17	33035	229
k99_1449_18	572511	276
k99_1449_19	33035	351
k99_1449_20	33035	202
k99_1449_21	33035	252
k99_1449_22	33035	1315
k99_1449_23	33035	488
k99_1449_24	33035	2098
k99_1449_25	572511	134
k99_1449_26	572511	229
k99_583_1	562	91
k99_583_2	562	597
k99_583_3	562	970
k99_583_4	562	692
k99_583_5	562	788
k99_583_6	562	860
k99_583_7	543	711
k99_583_8	562	858
k99_583_9	562	986
k99_583_10	543	1153
k99_583_11	543	234
k99_583_12	562	605
k99_583_13	562	303
k99_583_14	543	658
k99_583_15	543	308
k99_583_16	562	1141
k99_583_17	562	629
k99_583_18	562	1009
k99_583_19	562	718
k99_583_20	543	926
k99_583_21	562	416
k99_583_22	562	744
k99_583_23	562	95
k99_583_24	562	1137
k99_583_25	562	661
k99_583_26	562	1033
k99_583_27	562	447
k99_583_28	562	507
k99_583_29	562	610
k99_583_30	562	1138
k99_583_31	561	1032
k99_583_32	543	476
k99_583_33	562	266
k99_1586_1	562	464
k99_2171_1	572511	1116
k99_2171_2	186803	526
k99_2171_3	186803	815
k99_2171_4	33035	412
k99_438_1	1547	590
k99_438_2	69824	519
k99_438_3	1547	1770
k99_438_4	1547	418
k99_438_5	1547	436
k99_438_6	1547	499
k99_438_7	3025755	574
k99_438_8	69824	561
k99_438_9	1547	431
k99_438_10	1547	931
k99_438_11	69824	528
k99_438_12	1547	112
k99_33_1	1547	402
k99_33_2	1547	449
k99_33_3	1547	418
k99_33_4	1547	640
k99_33_5	3025755	489
k99_33_6	1547	71
k99_33_7	1547	184
k99_2316_1	1547	382
k99_2316_2	1547	557
k99_2316_3	1547	456
k99_2316_4	1547	1132
k99_2316_5	1547	387
k99_2316_6	1547	186
k99_183_1	572511	110
k99_183_2	33035	411
k99_183_3	33035	892
k99_183_4	1532	627
k99_2317_1	562	469
k99_2317_2	543	555
k99_2317_3	562	380
k99_2317_4	562	454
k99_2317_5	562	834
k99_2317_6	562	768
k99_2317_7	562	252
k99_2317_8	562	77
k99_1755_1	562	347
k99_1755_2	562	358
k99_2177_1	1547	277
k99_2177_2	1547	234
k99_2177_3	3025755	531
k99_2177_4	1547	164
k99_2177_5	1547	481
k99_2177_6	1547	419
k99_2177_7	1547	471
k99_2177_8	1547	750
k99_2177_9	1547	794
k99_2177_10	3025755	190
k99_2745_1	562	249
k99_2745_2	562	1118
k99_2745_3	543	142
k99_2745_4	562	336
k99_2745_5	561	134
k99_2745_6	562	495
k99_2745_7	543	467
k99_2745_8	562	247
k99_2745_9	562	237
k99_2745_10	562	191
k99_2745_11	91347	248
k99_2745_13	543	1389
k99_2745_14	543	159
k99_1457_1	1547	443
k99_1457_2	1547	344
k99_185_1	572511	658
k99_185_2	572511	242
k99_185_3	186803	577
k99_37_1	572511	750
k99_37_2	572511	769
k99_37_3	572511	841
k99_37_4	33035	79
k99_37_5	33035	748
k99_37_6	572511	573
k99_37_7	572511	814
k99_37_8	572511	903
k99_37_9	572511	675
k99_37_10	572511	750
k99_37_11	572511	595
k99_37_12	572511	781
k99_37_13	572511	335
k99_37_14	572511	563
k99_37_15	572511	961
k99_37_16	572511	840
k99_37_17	33035	411
k99_37_18	572511	379
k99_37_19	572511	217
k99_1161_1	562	1371
k99_1161_2	562	390
k99_1161_3	562	635
k99_1161_4	562	459
k99_1161_5	562	184
k99_1161_6	543	145
k99_1161_7	562	101
k99_1161_8	562	337
k99_1161_9	562	252
k99_1161_10	562	1310
k99_1161_11	543	629
k99_1161_12	562	199
k99_1161_13	562	659
k99_1161_14	562	284
k99_1161_15	562	221
k99_1161_16	562	959
k99_1161_17	562	910
k99_1161_18	562	627
k99_1161_19	562	996
k99_1161_20	562	734
k99_1161_21	562	779
k99_1161_22	562	511
k99_1161_23	562	1415
k99_1161_24	562	861
k99_1161_25	562	334
k99_1161_26	562	557
k99_1161_27	562	667
k99_1161_28	562	315
k99_1161_29	562	304
k99_1161_30	562	786
k99_1161_31	562	634
k99_1161_32	562	1029
k99_1161_33	562	436
k99_1161_34	562	140
k99_1161_35	562	439
k99_1161_36	562	476
k99_1161_37	562	493
k99_1161_38	562	644
k99_1161_39	562	714
k99_1161_40	562	214
k99_1161_41	562	135
k99_1161_42	543	1033
k99_1161_43	562	741
k99_1161_44	562	744
k99_2319_1	33035	324
k99_2319_2	572511	603
k99_2319_3	572511	379
k99_2319_5	572511	541
k99_2319_6	572511	519
k99_2319_7	1532	544
k99_2319_8	33035	155
k99_2319_9	572511	257
k99_2319_10	572511	633
k99_2319_11	572511	1542
k99_2319_12	572511	529
k99_2319_13	572511	579
k99_2319_14	572511	858
k99_2319_15	572511	411
k99_2319_16	572511	269
k99_2755_1	2810280	77
k99_2755_2	1547	202
k99_896_1	572511	170
k99_896_2	572511	145
k99_2758_2	105841	219
k99_2044_1	562	754
k99_2044_2	562	74
k99_2044_3	562	379
k99_2044_4	562	998
k99_2044_5	543	570
k99_2044_6	562	1144
k99_2044_7	562	473
k99_2044_8	561	583
k99_2044_9	561	364
k99_2044_10	562	269
k99_2044_11	562	186
k99_2045_1	562	410
k99_2045_2	561	253
k99_2045_3	562	261
k99_2327_1	572511	278
k99_2327_2	186803	486
k99_2327_3	33035	258
k99_2327_4	33035	435
k99_2327_5	572511	176
k99_2327_6	572511	163
k99_2327_7	33035	187
k99_2327_8	572511	1061
k99_2327_9	33035	420
k99_2763_1	562	339
k99_49_1	1547	516
k99_49_2	1547	1439
k99_49_3	1547	262
k99_49_4	1547	545
k99_49_5	1547	553
k99_49_6	3025755	416
k99_49_7	1547	462
k99_49_9	1547	561
k99_49_10	1547	253
k99_49_11	1547	394
k99_300_1	207244	71
k99_300_2	207244	368
k99_900_1	1547	144
k99_900_2	1547	361
k99_900_3	3025755	639
k99_900_4	1547	326
k99_900_5	1547	1192
k99_900_6	1547	608
k99_900_7	1547	803
k99_900_8	1547	725
k99_900_9	1547	422
k99_900_10	1547	678
k99_900_11	1547	287
k99_900_12	3025755	1126
k99_900_13	1547	707
k99_900_14	1547	475
k99_900_15	1547	934
k99_900_16	3025755	117
k99_900_17	3025755	226
k99_900_18	1547	1048
k99_900_19	1547	613
k99_56_1	572511	1422
k99_193_1	572511	1361
k99_2054_1	186803	499
k99_902_1	1547	157
k99_902_2	1547	904
k99_902_3	1547	281
k99_902_4	1547	132
k99_902_5	1547	509
k99_902_6	1547	422
k99_902_7	1547	442
k99_902_8	1547	1105
k99_902_9	3025755	619
k99_463_1	562	528
k99_57_1	3025755	61
k99_57_2	1547	692
k99_57_3	1547	828
k99_57_4	1239	699
k99_57_5	1547	743
k99_57_6	1547	338
k99_57_7	1547	661
k99_57_8	1547	270
k99_57_9	1547	736
k99_57_10	1547	1835
k99_905_1	2899121	108
k99_905_2	1547	247
k99_311_1	207244	325
k99_906_1	572511	793
k99_906_2	572511	1248
k99_906_3	572511	861
k99_906_4	572511	781
k99_906_5	572511	518
k99_906_6	186803	432
k99_906_7	572511	650
k99_906_8	572511	434
k99_1182_1	562	119
k99_1182_2	543	1065
k99_61_1	562	429
k99_61_2	543	833
k99_61_3	543	883
k99_61_4	543	410
k99_61_5	543	509
k99_1039_1	207244	246
k99_1039_2	105841	235
k99_1040_1	562	355
k99_1042_2	562	252
k99_731_1	572511	55
k99_731_2	572511	946
k99_731_3	572511	719
k99_731_4	572511	835
k99_731_5	572511	771
k99_731_6	572511	726
k99_731_7	572511	1089
k99_731_8	572511	1093
k99_731_9	572511	699
k99_731_10	33035	89
k99_731_11	572511	761
k99_731_12	572511	422
k99_731_13	572511	1222
k99_731_14	572511	565
k99_731_15	33035	545
k99_731_16	572511	436
k99_731_17	572511	208
k99_731_18	572511	771
k99_731_19	572511	2819
k99_731_20	572511	1001
k99_731_21	572511	482
k99_731_22	572511	580
k99_67_1	1547	135
k99_67_2	1547	157
k99_67_3	1547	332
k99_1767_1	1547	426
k99_1767_2	1547	653
k99_1767_3	1547	117
k99_1767_4	1547	797
k99_1767_5	1547	559
k99_1767_6	1547	574
k99_2482_1	1547	377
k99_2482_2	1547	1200
k99_2482_3	1547	600
k99_2482_4	1547	241
k99_2482_5	3025755	306
k99_318_1	562	656
k99_318_2	562	593
k99_2490_1	105841	596
k99_472_1	562	375
k99_472_2	562	397
k99_472_3	562	255
k99_472_4	562	222
k99_918_1	1547	1243
k99_918_2	1547	210
k99_918_3	1547	824
k99_918_4	1547	219
k99_918_5	1547	995
k99_918_6	1547	88
k99_918_7	1547	141
k99_918_8	1547	518
k99_918_9	1547	337
k99_918_10	3025755	370
k99_918_11	1547	1114
k99_918_12	1547	117
k99_918_13	1547	91
k99_918_14	1547	235
k99_918_15	1547	243
k99_2495_1	562	475
k99_2495_2	562	215
k99_2495_3	562	120
k99_2495_4	562	482
k99_2495_5	562	115
k99_476_1	562	2236
k99_1769_1	562	209
k99_1769_2	562	322
k99_1769_3	562	250
k99_1770_1	562	602
k99_1198_1	562	121
k99_1198_2	562	494
k99_1198_3	562	482
k99_1198_4	562	362
k99_68_1	562	835
k99_68_2	562	187
k99_68_3	562	904
k99_68_4	562	1732
k99_68_5	562	459
k99_68_6	562	294
k99_68_7	562	687
k99_68_8	562	478
k99_68_9	561	249
k99_68_10	562	375
k99_68_11	562	577
k99_68_12	562	814
k99_68_13	562	492
k99_68_14	562	1104
k99_68_15	543	370
k99_68_16	562	382
k99_68_17	562	615
k99_68_18	562	307
k99_68_19	543	1175
k99_68_20	562	661
k99_68_21	543	440
k99_68_22	543	592
k99_68_23	562	478
k99_68_24	562	470
k99_68_25	562	251
k99_68_26	561	190
k99_68_27	562	535
k99_919_1	562	447
k99_919_2	562	721
k99_919_3	562	188
k99_919_4	562	342
k99_919_5	562	348
k99_919_6	562	219
k99_919_7	562	224
k99_919_8	562	410
k99_919_9	562	346
k99_919_10	562	388
k99_919_11	562	323
k99_923_1	561	147
k99_1201_1	818	86
k99_1201_2	818	1783
k99_1201_3	816	726
k99_1201_5	818	208
k99_928_1	1547	888
k99_928_2	1547	566
k99_929_1	562	483
k99_2496_1	562	259
k99_2496_2	562	177
k99_2496_3	562	169
k99_2496_4	562	484
k99_2496_5	562	582
k99_2496_6	562	315
k99_2496_7	562	744
k99_2496_8	562	744
k99_2496_9	562	625
k99_2496_10	562	528
k99_2496_11	562	308
k99_2496_12	562	762
k99_2496_13	562	485
k99_2496_14	543	397
k99_2496_15	543	447
k99_2496_16	562	483
k99_2496_17	543	475
k99_2497_1	1532	266
k99_2497_2	33035	294
k99_2497_3	572511	237
k99_1898_1	572511	618
k99_1898_2	572511	623
k99_1898_3	572511	1688
k99_1898_4	572511	955
k99_1898_5	572511	1152
k99_1898_6	572511	382
k99_2504_1	1547	488
k99_1592_1	1547	234
k99_1592_2	1547	147
k99_2508_1	572511	471
k99_2508_2	1532	805
k99_2508_3	572511	827
k99_2508_4	572511	87
k99_1902_2	1547	1230
k99_1902_3	1547	397
k99_1902_4	1547	88
k99_1902_5	1547	281
k99_483_1	33035	237
k99_483_2	33035	234
k99_326_1	1547	165
k99_326_2	1547	212
k99_326_3	1547	191
k99_326_5	1547	637
k99_326_6	1547	833
k99_326_7	1547	247
k99_213_1	1547	736
k99_214_1	562	456
k99_214_2	562	238
k99_2061_1	561	83
k99_2061_2	562	790
k99_2061_3	562	218
k99_2061_4	562	64
k99_1783_1	562	709
k99_1210_1	543	167
k99_1210_2	562	281
k99_1210_3	562	1055
k99_1210_4	562	1107
k99_1210_5	562	617
k99_1210_6	562	116
k99_1210_7	562	428
k99_1210_8	562	309
k99_1210_9	562	716
k99_1210_10	562	462
k99_1210_11	562	1045
k99_1210_12	562	285
k99_1210_13	543	273
k99_1210_14	562	174
k99_1210_15	562	867
k99_1210_16	562	730
k99_1210_17	562	863
k99_1210_18	562	784
k99_1210_19	562	401
k99_1210_20	562	585
k99_1210_21	562	442
k99_1210_22	562	43
k99_217_1	1547	954
k99_217_2	1547	398
k99_951_1	562	397
k99_329_1	572511	192
k99_329_2	572511	555
k99_329_3	572511	318
k99_329_4	572511	700
k99_329_5	572511	985
k99_329_6	572511	348
k99_329_7	89153	53
k99_329_8	33035	457
k99_329_9	186803	367
k99_329_10	572511	852
k99_329_11	572511	565
k99_329_12	33035	355
k99_2064_1	562	487
k99_2064_2	543	443
k99_2064_3	543	461
k99_2064_4	543	561
k99_2064_5	28901	152
k99_2064_6	543	274
k99_2064_7	562	876
k99_2064_8	562	284
k99_2064_9	562	636
k99_2064_10	562	1446
k99_2064_11	562	613
k99_2064_12	562	454
k99_2064_13	562	427
k99_2064_14	562	479
k99_2064_15	562	1105
k99_2064_16	562	1047
k99_489_1	572511	1120
k99_489_2	572511	503
k99_489_3	572511	516
k99_489_4	572511	996
k99_489_5	572511	665
k99_489_6	572511	598
k99_489_7	572511	710
k99_489_8	572511	815
k99_489_9	572511	427
k99_489_10	33035	286
k99_489_11	33035	426
k99_489_12	33035	65
k99_489_13	572511	1021
k99_489_14	33035	682
k99_489_15	572511	168
k99_489_16	1532	434
k99_489_17	186803	482
k99_489_18	572511	348
k99_489_19	572511	951
k99_489_20	572511	1101
k99_489_21	572511	838
k99_489_22	572511	586
k99_489_23	572511	536
k99_489_24	572511	1718
k99_489_25	33035	638
k99_489_26	572511	1790
k99_489_27	572511	1699
k99_489_28	33035	288
k99_1597_1	572511	832
k99_1597_2	572511	587
k99_1597_3	572511	3081
k99_1597_4	572511	1121
k99_1597_5	572511	469
k99_1597_6	572511	854
k99_1597_7	572511	583
k99_1597_8	572511	536
k99_1597_9	33035	451
k99_1597_10	572511	808
k99_1597_11	186803	688
k99_1597_12	33035	466
k99_1597_13	572511	830
k99_1597_14	572511	147
k99_1597_15	572511	699
k99_1597_16	572511	496
k99_1597_17	33035	360
k99_1597_18	572511	1356
k99_1597_19	33035	915
k99_1597_20	572511	652
k99_1597_21	572511	1134
k99_1597_22	33035	1039
k99_1597_23	33035	283
k99_1597_24	572511	931
k99_1597_25	572511	545
k99_1597_26	1532	555
k99_1597_27	572511	480
k99_1597_28	33035	591
k99_1597_29	572511	1314
k99_1597_30	572511	649
k99_1597_31	572511	401
k99_1597_32	33035	283
k99_1597_33	572511	755
k99_1597_34	572511	689
k99_1597_35	572511	2386
k99_1597_36	33035	197
k99_1597_37	572511	759
k99_1597_38	1532	978
k99_1597_39	572511	758
k99_1597_40	572511	501
k99_1597_41	572511	546
k99_1597_42	572511	746
k99_1597_43	572511	1315
k99_1597_44	572511	1137
k99_1597_45	572511	943
k99_1597_46	572511	1387
k99_1597_47	572511	416
k99_218_1	572511	320
k99_218_2	572511	787
k99_218_3	572511	1329
k99_218_4	1532	2329
k99_218_5	33035	429
k99_218_6	33035	523
k99_218_7	33035	565
k99_218_8	33035	876
k99_218_9	33035	299
k99_218_10	33035	340
k99_218_11	33035	345
k99_218_12	33035	160
k99_218_13	572511	465
k99_218_14	572511	1334
k99_218_15	572511	796
k99_218_16	33035	581
k99_218_17	572511	959
k99_218_18	572511	758
k99_218_19	572511	544
k99_218_20	572511	619
k99_218_21	572511	822
k99_218_22	572511	649
k99_218_23	572511	865
k99_218_24	572511	155
k99_218_25	572511	506
k99_218_26	572511	498
k99_218_27	572511	637
k99_218_28	572511	613
k99_218_29	572511	1544
k99_218_30	572511	274
k99_218_31	572511	570
k99_218_32	572511	759
k99_218_33	572511	611
k99_218_34	572511	231
k99_218_35	33035	182
k99_218_36	572511	664
k99_218_37	572511	1024
k99_218_38	572511	1000
k99_218_39	33035	572
k99_218_40	572511	680
k99_218_41	572511	546
k99_218_42	572511	147
k99_338_1	69824	327
k99_220_1	562	160
k99_220_2	562	107
k99_592_1	818	552
k99_592_2	818	526
k99_592_3	818	247
k99_592_4	818	217
k99_592_5	816	834
k99_592_6	818	363
k99_592_7	818	263
k99_592_8	818	742
k99_592_9	818	1594
k99_592_10	818	668
k99_592_11	818	454
k99_592_12	818	417
k99_592_13	818	638
k99_592_14	818	364
k99_592_15	818	525
k99_592_16	818	372
k99_592_17	818	681
k99_592_18	816	249
k99_592_19	818	499
k99_592_20	818	947
k99_592_21	818	255
k99_592_22	816	582
k99_592_23	816	596
k99_592_24	816	439
k99_592_25	818	1247
k99_592_26	818	882
k99_592_27	816	961
k99_592_28	815	746
k99_592_29	816	466
k99_592_30	816	255
k99_592_31	816	699
k99_592_32	171549	627
k99_592_33	818	776
k99_592_34	815	374
k99_592_35	815	810
k99_592_36	815	942
k99_592_37	815	1006
k99_592_38	815	1150
k99_592_39	815	603
k99_592_40	815	1853
k99_592_41	816	152
k99_592_42	171549	1176
k99_592_43	171549	209
k99_592_44	387661	758
k99_592_45	28117	943
k99_592_46	816	143
k99_592_48	816	416
k99_592_49	816	357
k99_592_50	171549	538
k99_592_51	818	197
k99_592_52	818	807
k99_592_53	818	347
k99_592_54	816	533
k99_592_55	818	951
k99_592_56	909656	741
k99_592_57	815	951
k99_592_58	909656	1777
k99_592_59	909656	1162
k99_592_60	816	131
k99_592_61	818	546
k99_592_62	818	522
k99_592_63	818	728
k99_592_64	818	307
k99_592_65	818	1392
k99_592_66	818	596
k99_592_67	818	816
k99_592_68	818	593
k99_592_69	818	948
k99_592_70	818	357
k99_592_71	818	421
k99_592_72	816	305
k99_592_73	818	367
k99_592_74	818	1091
k99_592_75	818	645
k99_592_76	818	855
k99_592_77	818	173
k99_592_78	818	478
k99_592_79	818	189
k99_592_80	818	187
k99_592_81	818	893
k99_592_82	818	1107
k99_592_83	818	249
k99_592_84	818	396
k99_592_85	818	1059
k99_592_86	818	95
k99_592_87	818	568
k99_592_88	818	664
k99_592_89	818	527
k99_592_90	818	236
k99_592_91	818	377
k99_592_92	818	527
k99_592_93	816	838
k99_592_94	818	689
k99_592_95	818	2026
k99_592_96	818	627
k99_592_97	816	105
k99_592_98	818	432
k99_592_99	818	880
k99_592_100	816	423
k99_592_101	818	1418
k99_592_102	816	815
k99_592_103	818	489
k99_592_104	818	1105
k99_592_105	818	2045
k99_592_106	818	392
k99_592_107	816	240
k99_592_108	816	275
k99_592_109	816	114
k99_592_110	818	1203
k99_592_111	818	439
k99_592_112	818	605
k99_592_113	818	435
k99_592_114	818	379
k99_592_115	818	830
k99_592_116	818	779
k99_592_117	816	585
k99_592_118	816	377
k99_592_119	816	942
k99_592_120	816	509
k99_592_121	818	384
k99_592_122	818	253
k99_592_123	816	233
k99_592_124	816	387
k99_592_125	818	840
k99_592_126	818	747
k99_592_127	818	174
k99_2342_1	543	459
k99_2342_2	562	1099
k99_2342_3	562	489
k99_2342_4	562	585
k99_2342_5	562	1613
k99_2342_6	562	674
k99_2342_7	562	708
k99_2342_8	562	789
k99_2342_9	562	200
k99_2342_10	562	641
k99_2342_11	562	793
k99_2342_12	562	181
k99_2342_13	562	767
k99_2342_14	543	723
k99_1601_1	1532	1374
k99_2525_1	207244	234
k99_2525_2	207244	133
k99_2530_1	562	124
k99_2530_2	562	311
k99_595_1	562	231
k99_595_2	562	148
k99_2539_1	1547	892
k99_222_1	572511	483
k99_222_2	572511	580
k99_222_3	572511	540
k99_222_4	572511	491
k99_222_5	572511	985
k99_222_6	572511	1404
k99_222_7	186802	533
k99_222_8	572511	571
k99_222_9	572511	820
k99_222_10	572511	1058
k99_222_11	572511	686
k99_222_12	572511	735
k99_222_13	572511	916
k99_222_14	572511	543
k99_222_15	572511	355
k99_222_16	33035	550
k99_222_17	572511	1277
k99_222_18	572511	1446
k99_222_19	572511	608
k99_222_20	572511	842
k99_222_21	33035	304
k99_222_22	572511	290
k99_1224_1	1547	163
k99_1224_2	1547	1401
k99_1045_1	562	680
k99_1045_2	562	1030
k99_1045_3	562	107
k99_1045_4	562	943
k99_1045_5	562	369
k99_1045_6	562	207
k99_1045_7	562	778
k99_1045_8	562	823
k99_1045_9	562	771
k99_1045_10	562	493
k99_1045_11	562	186
k99_1045_12	543	618
k99_1045_13	562	739
k99_1045_14	562	368
k99_1045_15	562	432
k99_1045_16	562	292
k99_1045_17	562	769
k99_1045_18	562	600
k99_1045_19	562	268
k99_1045_20	562	67
k99_1045_21	562	568
k99_1045_22	562	506
k99_1045_23	562	983
k99_1045_24	562	798
k99_1045_25	562	817
k99_1045_26	562	588
k99_1045_27	562	312
k99_1045_28	562	347
k99_1045_29	562	1171
k99_2344_1	207244	67
k99_2344_2	207244	342
k99_1619_1	105841	94
k99_1619_2	105841	89
k99_495_1	562	389
k99_495_2	562	672
k99_495_3	562	375
k99_495_4	562	748
k99_495_5	562	1414
k99_495_6	562	1218
k99_495_7	562	816
k99_495_8	562	1066
k99_495_9	562	378
k99_495_10	562	113
k99_495_11	543	421
k99_495_12	562	1162
k99_495_13	562	290
k99_495_14	562	687
k99_495_15	562	322
k99_495_16	562	411
k99_495_17	562	906
k99_1047_1	562	611
k99_1047_2	561	61
k99_1047_3	562	179
k99_1047_4	562	92
k99_1047_5	562	147
k99_1047_6	562	356
k99_1047_7	562	361
k99_1047_8	562	435
k99_1047_9	562	595
k99_1331_1	562	434
k99_1331_2	562	512
k99_1331_3	562	242
k99_1331_4	562	553
k99_1331_5	543	325
k99_1331_6	543	1087
k99_1331_7	543	159
k99_1331_8	543	622
k99_1331_9	562	385
k99_110_1	1547	560
k99_110_2	1547	155
k99_110_3	1547	660
k99_110_4	1547	601
k99_110_5	1547	196
k99_110_6	1547	259
k99_110_7	1547	105
k99_1225_1	1547	456
k99_1225_2	1547	1296
k99_1225_3	1547	805
k99_1225_4	3025755	616
k99_1225_5	1547	483
k99_1225_6	1547	450
k99_1225_7	1547	834
k99_1225_8	1547	629
k99_1225_9	1547	1276
k99_1225_10	1547	1302
k99_1225_11	3025755	574
k99_1225_12	1547	1731
k99_1225_13	1547	465
k99_1225_14	1547	1203
k99_1225_15	1547	1325
k99_1225_16	1547	787
k99_1225_17	1547	202
k99_1225_18	1547	627
k99_1225_19	1547	258
k99_2352_1	562	67
k99_2352_2	562	539
k99_2352_3	28901	819
k99_2352_4	543	184
k99_2352_5	562	743
k99_2352_6	543	507
k99_2352_7	562	372
k99_2352_8	562	165
k99_2352_9	562	673
k99_2352_10	562	494
k99_1916_1	562	497
k99_1916_2	562	741
k99_1916_3	561	69
k99_114_1	1547	773
k99_349_1	562	414
k99_2553_1	572511	523
k99_2553_2	572511	667
k99_2553_3	572511	328
k99_2553_4	33035	219
k99_2553_5	572511	595
k99_2553_6	572511	1207
k99_2553_7	572511	514
k99_2553_8	572511	714
k99_2553_9	572511	720
k99_2553_10	572511	587
k99_2553_11	572511	562
k99_2553_12	572511	935
k99_2553_13	33035	494
k99_2553_14	572511	870
k99_2553_15	33035	814
k99_2553_16	33035	1191
k99_2553_17	186803	1006
k99_2553_18	33035	883
k99_2553_19	33035	585
k99_2553_20	33035	134
k99_2558_1	207244	353
k99_1246_1	562	228
k99_1246_2	562	715
k99_1246_3	561	554
k99_1246_4	562	1279
k99_1246_5	562	266
k99_1246_6	543	382
k99_1246_7	562	347
k99_1246_8	562	669
k99_1246_9	562	417
k99_1246_10	562	337
k99_1246_11	562	299
k99_1246_12	562	195
k99_1246_13	561	341
k99_1246_14	562	339
k99_1246_15	543	672
k99_1246_16	562	597
k99_1246_17	562	672
k99_1246_18	561	798
k99_1246_19	562	1073
k99_1246_20	543	580
k99_1246_21	543	1346
k99_1246_22	562	170
k99_1246_23	561	619
k99_1246_24	543	253
k99_1246_25	562	1444
k99_1246_26	543	936
k99_1246_27	543	293
k99_1246_28	543	761
k99_1250_1	562	355
k99_1250_2	562	977
k99_1250_3	562	436
k99_2362_1	562	827
k99_2362_2	543	400
k99_2362_3	562	96
k99_2363_1	562	494
k99_121_1	562	416
k99_121_2	562	846
k99_121_3	562	497
k99_1929_1	33035	1757
k99_125_1	572511	2010
k99_127_1	1547	225
k99_127_2	1547	227
k99_127_3	1547	505
k99_127_4	1547	672
k99_127_5	1547	739
k99_127_6	1547	134
k99_127_7	1547	532
k99_127_8	1547	317
k99_127_9	1547	820
k99_127_10	1547	117
k99_241_1	33035	173
k99_241_2	572511	283
k99_241_3	33035	526
k99_241_4	33035	370
k99_241_5	33035	160
k99_241_6	33035	283
k99_241_7	33035	241
k99_241_8	33035	214
k99_241_9	33035	252
k99_241_11	572511	513
k99_241_12	186803	96
k99_241_13	572511	119
k99_241_14	1532	102
k99_241_15	186803	421
k99_241_16	33035	262
k99_241_17	33035	170
k99_241_18	33035	275
k99_241_19	33035	229
k99_241_20	33035	273
k99_241_21	33035	203
k99_241_22	572511	1126
k99_241_23	572511	736
k99_241_24	33035	514
k99_241_25	572511	723
k99_241_26	33035	191
k99_241_27	572511	268
k99_241_28	33035	221
k99_241_29	33035	252
k99_241_30	572511	421
k99_241_31	572511	187
k99_241_32	572511	1240
k99_241_33	1532	541
k99_241_34	1532	1231
k99_241_35	33035	719
k99_241_36	572511	320
k99_241_37	33035	551
k99_241_38	572511	193
k99_241_39	33035	183
k99_241_40	33035	161
k99_241_41	33035	270
k99_241_42	186803	186
k99_241_43	33035	184
k99_241_44	33035	723
k99_241_45	33035	267
k99_241_47	2826225	68
k99_241_48	33035	453
k99_241_49	572511	564
k99_241_50	572511	740
k99_241_51	572511	705
k99_241_52	33035	103
k99_241_53	572511	887
k99_241_54	33035	695
k99_241_55	572511	641
k99_241_56	572511	544
k99_241_57	572511	711
k99_241_58	572511	1155
k99_241_59	572511	1003
k99_241_60	572511	1498
k99_241_61	33035	610
k99_241_62	1532	2957
k99_241_63	572511	279
k99_241_64	572511	224
k99_241_65	572511	1070
k99_241_66	1532	736
k99_241_67	572511	597
k99_241_68	33035	296
k99_241_69	572511	689
k99_241_70	33035	582
k99_241_71	572511	639
k99_241_72	572511	337
k99_241_73	572511	706
k99_241_74	1532	303
k99_241_75	1532	541
k99_241_76	572511	377
k99_129_1	207244	261
k99_129_2	186803	186
k99_1625_1	33035	67
k99_1625_2	33035	310
k99_1625_3	33035	123
k99_1625_4	33035	239
k99_1625_5	33035	460
k99_1625_6	33035	418
k99_1625_7	33035	417
k99_1625_8	33035	1267
k99_1625_9	33035	294
k99_1625_10	33035	924
k99_1625_11	33035	217
k99_1625_12	33035	320
k99_1625_13	33035	111
k99_1628_1	3025755	772
k99_609_1	562	1070
k99_609_2	562	562
k99_609_3	561	303
k99_609_4	562	1134
k99_609_5	562	1103
k99_609_6	543	213
k99_609_7	562	808
k99_609_8	562	581
k99_609_9	562	343
k99_609_10	562	212
k99_609_11	562	236
k99_609_12	562	1034
k99_609_13	562	305
k99_609_14	562	341
k99_609_15	543	145
k99_609_16	562	262
k99_609_17	562	1979
k99_609_18	562	745
k99_609_19	562	422
k99_609_20	562	2073
k99_609_21	562	98
k99_609_22	562	327
k99_609_23	562	245
k99_609_24	562	362
k99_609_25	562	1207
k99_609_26	91347	194
k99_609_27	543	402
k99_609_28	562	1216
k99_609_29	543	420
k99_609_30	562	647
k99_609_31	562	663
k99_609_32	562	884
k99_609_33	562	1009
k99_609_34	562	758
k99_609_35	562	1107
k99_609_36	562	311
k99_609_37	562	536
k99_609_38	543	253
k99_979_1	562	209
k99_979_2	562	133
k99_610_1	543	354
k99_610_2	562	215
k99_1344_1	207244	263
k99_981_1	562	86
k99_981_2	562	613
k99_981_3	562	406
k99_981_4	562	254
k99_981_5	561	117
k99_981_6	561	159
k99_981_7	562	670
k99_2615_1	1547	60
k99_2615_2	1547	552
k99_2615_3	1547	506
k99_2615_4	1547	954
k99_355_1	1547	996
k99_1941_1	562	577
k99_1941_2	562	749
k99_1941_3	562	692
k99_1941_4	562	143
k99_1941_5	562	394
k99_2619_1	1547	645
k99_2619_2	3025755	1029
k99_2619_3	1547	491
k99_2619_4	1547	93
k99_2619_5	1547	172
k99_2619_6	1547	135
k99_2619_7	1547	202
k99_502_1	818	628
k99_502_2	818	1749
k99_502_3	818	224
k99_502_4	818	862
k99_502_5	818	767
k99_502_6	818	530
k99_502_7	818	573
k99_502_8	816	121
k99_502_9	816	2395
k99_502_10	816	801
k99_502_11	818	775
k99_502_12	818	1021
k99_502_13	818	1018
k99_502_14	816	938
k99_502_15	818	108
k99_502_16	818	326
k99_502_17	816	1862
k99_502_18	818	1261
k99_502_19	818	1057
k99_502_20	816	350
k99_502_21	816	360
k99_502_22	818	2611
k99_502_23	816	2487
k99_502_24	816	416
k99_502_25	818	361
k99_502_26	818	583
k99_502_27	816	1049
k99_502_28	818	377
k99_502_29	818	507
k99_502_30	818	61
k99_2370_1	207244	372
k99_614_1	562	92
k99_614_2	562	475
k99_614_3	562	1387
k99_988_1	562	102
k99_988_2	562	617
k99_988_3	562	547
k99_1945_1	562	820
k99_2205_1	816	675
k99_2205_2	818	2872
k99_2205_3	818	602
k99_2205_4	818	282
k99_2205_5	818	126
k99_2205_6	818	734
k99_2205_7	818	488
k99_2205_8	816	606
k99_2205_9	818	746
k99_2205_10	818	443
k99_2205_11	816	1005
k99_2205_12	816	132
k99_2205_13	816	435
k99_2205_14	816	103
k99_2205_15	816	273
k99_2205_16	816	114
k99_2205_17	816	121
k99_2205_18	816	198
k99_2205_19	816	126
k99_2205_20	816	89
k99_2205_21	816	167
k99_2205_22	2302926	173
k99_2205_23	816	253
k99_2205_24	28116	104
k99_2205_25	816	174
k99_2205_26	816	100
k99_2205_27	816	312
k99_2205_28	28116	109
k99_2205_29	816	140
k99_2205_30	816	132
k99_2205_31	816	153
k99_2205_32	816	536
k99_2205_33	816	703
k99_2205_34	818	222
k99_2205_35	816	323
k99_2205_36	816	68
k99_2205_37	816	503
k99_2205_38	816	384
k99_2205_39	816	679
k99_2205_40	816	1196
k99_2205_41	816	314
k99_2205_42	816	535
k99_2205_43	816	801
k99_2205_44	818	904
k99_2205_45	816	620
k99_2205_46	818	755
k99_2205_47	818	761
k99_2205_48	818	2658
k99_2205_49	818	329
k99_2205_50	818	1295
k99_2205_51	818	288
k99_2205_52	816	962
k99_2205_53	818	936
k99_2205_54	818	1578
k99_2205_55	818	618
k99_2205_56	818	348
k99_2205_57	818	143
k99_2205_58	818	2123
k99_2205_59	818	689
k99_2205_60	818	424
k99_2205_61	818	535
k99_2205_62	818	532
k99_2205_63	816	484
k99_2205_64	816	324
k99_2205_65	816	477
k99_2205_66	818	807
k99_2205_67	818	165
k99_2205_68	816	356
k99_2205_69	818	2128
k99_2205_70	818	1140
k99_2205_71	818	2967
k99_2205_72	818	170
k99_2205_73	818	1813
k99_2205_74	818	1684
k99_2205_75	818	980
k99_2205_76	818	2281
k99_2205_77	818	1018
k99_2205_78	816	1713
k99_2205_79	816	839
k99_2205_80	816	454
k99_2205_81	818	249
k99_2205_82	818	1970
k99_2205_83	818	2259
k99_2205_84	818	986
k99_2205_85	818	561
k99_2205_86	818	71
k99_2205_87	818	2962
k99_2205_88	816	1848
k99_2205_90	818	1618
k99_2205_91	818	382
k99_2205_92	818	1581
k99_2205_93	818	1526
k99_2205_94	818	1301
k99_2205_95	818	1446
k99_2205_96	818	556
k99_2205_97	818	483
k99_2205_98	818	370
k99_2205_99	818	540
k99_2205_100	818	670
k99_2205_101	818	1709
k99_2205_102	818	832
k99_2205_103	816	1024
k99_2205_104	818	2692
k99_2205_105	818	1057
k99_2205_106	818	586
k99_2205_107	818	519
k99_2205_108	818	1293
k99_2205_109	816	892
k99_2205_110	818	1954
k99_2205_111	816	2325
k99_2205_112	818	642
k99_2205_113	818	431
k99_2205_114	818	1214
k99_2205_115	818	1563
k99_2205_116	818	2226
k99_2205_117	818	980
k99_2205_119	818	1509
k99_2205_120	818	2221
k99_2205_121	818	989
k99_2205_122	818	597
k99_2205_123	818	1578
k99_2205_124	816	695
k99_2205_125	818	847
k99_2205_126	818	1508
k99_2205_127	818	885
k99_2205_128	818	801
k99_2205_129	818	719
k99_2205_130	818	1056
k99_2205_131	818	1822
k99_2206_1	818	79
k99_2207_1	105841	345
k99_366_1	572511	97
k99_366_2	572511	593
k99_366_3	572511	620
k99_366_4	572511	627
k99_366_5	33035	128
k99_366_6	572511	465
k99_366_7	572511	504
k99_366_8	572511	648
k99_366_9	33035	434
k99_366_10	572511	917
k99_366_11	33035	763
k99_366_12	572511	1300
k99_366_13	572511	386
k99_366_14	572511	395
k99_366_15	572511	473
k99_366_16	572511	386
k99_366_17	572511	494
k99_366_18	33035	615
k99_366_19	572511	845
k99_366_20	572511	738
k99_366_21	33035	385
k99_366_22	572511	1159
k99_366_23	33035	774
k99_366_24	572511	322
k99_366_25	572511	1248
k99_366_26	572511	1847
k99_366_27	572511	820
k99_366_28	572511	858
k99_366_29	33035	209
k99_366_30	572511	749
k99_366_31	572511	3365
k99_366_32	33035	828
k99_366_33	572511	232
k99_366_34	572511	469
k99_2212_1	105841	333
k99_2372_1	562	442
k99_2372_2	543	321
k99_2372_3	562	623
k99_2372_4	562	870
k99_2372_5	543	878
k99_2372_6	561	255
k99_2372_7	562	150
k99_2372_8	562	270
k99_2372_9	562	249
k99_2372_10	543	241
k99_2372_11	543	640
k99_2372_12	543	394
k99_2372_13	543	259
k99_2372_14	543	223
k99_2372_15	91347	76
k99_2372_16	543	848
k99_2372_17	543	253
k99_2372_18	543	115
k99_2372_19	543	319
k99_2372_20	543	214
k99_2372_21	543	346
k99_2372_22	543	247
k99_2372_23	543	198
k99_2372_24	543	352
k99_2372_25	91347	199
k99_2372_26	91347	242
k99_2372_27	543	171
k99_2372_28	543	111
k99_2372_29	543	264
k99_2372_30	91347	455
k99_2372_31	543	206
k99_2372_32	91347	189
k99_2372_33	543	544
k99_2372_34	543	187
k99_2372_35	543	376
k99_2372_36	543	409
k99_2372_37	91347	198
k99_2372_38	1236	137
k99_2372_39	562	266
k99_2372_40	562	979
k99_2372_41	562	533
k99_2372_42	562	1230
k99_2372_43	562	940
k99_2372_44	562	737
k99_2372_45	562	291
k99_2372_46	562	331
k99_2372_47	562	232
k99_2372_48	562	361
k99_2372_49	562	637
k99_2372_50	562	778
k99_2372_51	562	308
k99_2372_52	562	458
k99_2372_53	562	314
k99_2372_54	562	133
k99_2372_55	562	1756
k99_2372_56	543	76
k99_1644_1	562	144
k99_1644_2	562	384
k99_1644_3	543	2214
k99_2112_1	562	569
k99_2112_2	562	249
k99_997_1	1547	90
k99_997_2	1547	1626
k99_997_3	3025755	102
k99_999_1	562	920
k99_999_2	562	223
k99_999_3	562	184
k99_999_4	561	307
k99_1950_1	572511	187
k99_1950_2	572511	1276
k99_1950_3	33035	501
k99_1950_4	572511	680
k99_1950_5	572511	444
k99_1950_6	572511	959
k99_1950_7	572511	351
k99_1950_8	572511	351
k99_1950_9	572511	565
k99_1950_10	572511	236
k99_1950_11	572511	568
k99_1950_12	33035	410
k99_1950_13	572511	1629
k99_1950_14	572511	660
k99_1950_15	1532	986
k99_1950_17	572511	567
k99_1950_19	572511	741
k99_1950_20	572511	463
k99_1950_21	33035	330
k99_1950_22	572511	511
k99_1950_23	572511	409
k99_1950_24	572511	814
k99_1950_25	33035	572
k99_1950_26	572511	797
k99_1950_27	572511	448
k99_1950_28	572511	633
k99_1950_29	572511	897
k99_1950_30	33035	251
k99_508_1	572511	265
k99_508_2	572511	1180
k99_508_3	572511	493
k99_508_4	572511	1242
k99_508_5	33035	117
k99_508_6	33035	163
k99_508_7	572511	666
k99_508_8	33035	386
k99_508_9	572511	930
k99_508_10	572511	370
k99_508_11	572511	582
k99_508_12	572511	691
k99_508_13	572511	851
k99_508_14	572511	203
k99_508_15	572511	766
k99_508_16	186803	293
k99_508_17	572511	723
k99_508_18	572511	196
k99_508_19	572511	182
k99_508_20	33035	563
k99_508_21	572511	662
k99_508_22	572511	790
k99_508_23	572511	491
k99_508_24	572511	627
k99_508_25	572511	915
k99_508_26	572511	495
k99_508_27	572511	403
k99_508_28	572511	472
k99_508_29	572511	1027
k99_508_30	572511	595
k99_508_31	572511	886
k99_508_32	572511	1576
k99_508_33	572511	377
k99_508_34	572511	451
k99_508_35	572511	325
k99_508_36	1532	451
k99_508_37	572511	865
k99_508_38	572511	143
k99_508_39	572511	1445
k99_508_40	572511	304
k99_508_41	572511	1122
k99_508_42	572511	649
k99_508_43	572511	610
k99_508_44	572511	554
k99_508_45	572511	107
k99_508_46	572511	684
k99_508_47	572511	441
k99_508_48	33035	98
k99_508_49	572511	224
k99_508_50	572511	480
k99_508_51	572511	448
k99_508_52	572511	371
k99_370_1	1547	204
k99_370_2	1547	1853
k99_370_3	1547	568
k99_370_4	1547	794
k99_370_5	1547	1045
k99_370_6	1547	275
k99_370_7	1547	133
k99_370_8	1547	445
k99_370_9	1547	303
k99_370_10	1547	642
k99_370_11	2810280	189
k99_370_12	3025755	756
k99_370_13	1547	191
k99_2634_1	1547	239
k99_2634_2	1547	87
k99_2634_3	1547	519
k99_2634_4	1547	401
k99_2634_5	1547	786
k99_2215_1	1547	540
k99_2215_2	1547	1012
k99_2215_3	1547	171
k99_2215_4	1547	110
k99_2215_5	1547	95
k99_2215_6	1547	754
k99_2215_7	1547	213
k99_2380_1	562	132
k99_2380_2	562	352
k99_2380_3	562	367
k99_2380_4	562	80
k99_2640_1	562	429
k99_2640_2	562	221
k99_2640_3	562	206
k99_2640_4	562	561
k99_2640_5	562	84
k99_1477_1	562	118
k99_1477_2	562	632
k99_1477_3	562	363
k99_375_1	562	569
k99_375_2	543	98
k99_375_3	562	715
k99_375_4	562	870
k99_375_5	543	1047
k99_375_6	562	487
k99_375_7	562	672
k99_2391_1	1547	115
k99_2391_2	1547	88
k99_2391_3	1547	198
k99_2391_4	1547	529
k99_2391_5	1547	656
k99_2391_6	1547	310
k99_2391_7	1547	354
k99_2391_8	1547	326
k99_2391_9	1547	269
k99_2391_10	1547	490
k99_2391_11	1547	822
k99_2391_12	1547	283
k99_2391_13	1547	232
k99_2391_14	1547	506
k99_1651_1	3025755	959
k99_1651_2	3025755	1263
k99_1651_3	1547	583
k99_1963_1	562	152
k99_1963_2	562	198
k99_1963_3	562	441
k99_1963_4	562	400
k99_1963_5	562	644
k99_1963_6	562	567
k99_1963_7	562	361
k99_1963_8	562	142
k99_1963_9	562	1128
k99_1963_10	562	887
k99_1963_11	562	602
k99_1963_12	562	780
k99_1963_13	562	74
k99_753_1	562	506
k99_753_2	562	596
k99_753_3	561	244
k99_753_4	562	410
k99_753_5	562	398
k99_753_6	562	128
k99_753_7	543	955
k99_376_1	1236	100
k99_376_2	562	795
k99_376_3	562	130
k99_376_4	562	686
k99_376_5	562	374
k99_376_6	562	697
k99_376_7	562	506
k99_376_8	561	809
k99_376_9	562	653
k99_376_10	562	979
k99_376_11	561	689
k99_376_12	562	685
k99_376_13	543	997
k99_376_14	562	300
k99_376_15	543	1902
k99_376_16	562	768
k99_376_17	562	340
k99_376_18	562	266
k99_376_19	562	663
k99_376_20	562	1008
k99_376_21	562	309
k99_376_22	562	389
k99_376_23	562	453
k99_376_24	562	271
k99_376_25	562	610
k99_376_26	562	308
k99_376_27	561	246
k99_376_28	561	490
k99_1657_1	572511	499
k99_1657_2	572511	878
k99_1657_3	572511	941
k99_1657_4	572511	895
k99_1657_5	572511	131
k99_1657_6	33035	154
k99_1657_7	572511	216
k99_756_1	1547	568
k99_756_2	1547	386
k99_756_3	1547	152
k99_756_4	1547	135
k99_756_5	1547	122
k99_756_6	1547	492
k99_756_7	1547	1661
k99_756_8	1547	747
k99_756_9	1547	628
k99_756_10	1547	625
k99_756_11	1547	377
k99_756_12	1547	245
k99_756_13	1547	136
k99_756_14	1547	571
k99_756_15	3025755	687
k99_1977_1	105841	398
k99_378_1	1547	1200
k99_378_2	1547	134
k99_378_3	1547	556
k99_378_4	1547	133
k99_378_5	69824	1222
k99_378_6	1547	363
k99_378_7	1547	1103
k99_378_8	1547	1646
k99_378_9	1547	355
k99_378_10	1547	1524
k99_378_11	3025755	161
k99_378_12	1547	679
k99_378_13	1547	1059
k99_378_14	1547	555
k99_2404_1	1547	72
k99_2404_2	1547	308
k99_2404_3	1547	238
k99_2404_4	3025755	534
k99_2404_5	1547	412
k99_2404_6	1547	83
k99_2404_8	1547	290
k99_2404_9	1547	293
k99_2404_10	1547	308
k99_2404_11	1547	259
k99_2404_12	1547	372
k99_2135_1	3025755	140
k99_2135_2	1547	534
k99_2135_3	1547	1299
k99_2135_4	1547	391
k99_2135_5	1547	552
k99_2135_6	1547	513
k99_1498_1	572511	345
k99_1498_2	572511	1067
k99_1498_3	572511	605
k99_1498_4	572511	1237
k99_1498_5	572511	1225
k99_1498_6	33035	247
k99_1498_7	572511	649
k99_1498_8	572511	147
k99_2567_1	1547	202
k99_2567_2	1547	620
k99_2567_3	1547	838
k99_2567_4	1547	1714
k99_2567_5	1547	1181
k99_2567_6	1547	494
k99_2567_7	1547	429
k99_2567_8	1547	2123
k99_2567_9	1547	298
k99_1499_1	3025755	560
k99_1499_2	3025755	791
k99_1499_3	3025755	689
k99_1499_4	1547	1228
k99_2568_1	572511	345
k99_2568_2	572511	208
k99_2568_3	572511	1055
k99_2568_4	572511	985
k99_2568_5	572511	1340
k99_1979_1	186801	68
k99_1979_2	186801	301
k99_1980_1	207244	348
k99_2571_1	572511	151
k99_2571_2	572511	615
k99_2571_3	572511	112
k99_2571_4	572511	855
k99_2571_5	572511	317
k99_2571_6	572511	280
k99_515_1	1547	450
k99_382_1	1547	421
k99_1501_1	3025755	628
k99_2224_1	1547	98
k99_2224_2	1547	746
k99_2224_3	1547	493
k99_2224_4	1547	282
k99_388_1	543	649
k99_2580_1	1547	166
k99_2580_2	1547	74
k99_1071_1	1547	509
k99_1071_2	1547	278
k99_520_2	572511	323
k99_520_3	572511	348
k99_520_4	572511	567
k99_520_5	572511	1310
k99_520_6	572511	500
k99_520_7	572511	697
k99_520_8	572511	447
k99_520_9	33035	399
k99_520_10	572511	877
k99_520_11	572511	466
k99_520_12	572511	422
k99_520_13	572511	366
k99_1994_1	186803	48
k99_1994_2	207244	296
k99_1359_1	572511	258
k99_1361_1	1547	801
k99_1361_2	1239	455
k99_1361_3	1547	403
k99_1361_4	1547	223
k99_1361_5	1547	474
k99_1361_6	1547	567
k99_1361_7	1547	1031
k99_1361_8	1239	259
k99_1361_9	1547	1222
k99_1361_10	1547	241
k99_391_1	818	1071
k99_391_2	816	291
k99_391_3	818	809
k99_391_4	816	455
k99_391_5	818	612
k99_391_6	818	463
k99_391_7	818	842
k99_391_8	818	858
k99_391_9	818	502
k99_391_10	816	150
k99_391_11	816	580
k99_391_12	818	250
k99_391_13	818	535
k99_391_14	818	809
k99_391_15	818	547
k99_391_16	818	85
k99_391_17	818	650
k99_391_18	818	507
k99_391_19	816	99
k99_391_20	818	792
k99_391_21	818	218
k99_391_22	816	1009
k99_391_23	818	269
k99_391_24	816	1004
k99_391_25	818	1061
k99_391_26	816	649
k99_391_27	818	680
k99_391_28	816	866
k99_391_29	818	517
k99_392_1	572511	249
k99_523_1	562	315
k99_523_2	562	598
k99_523_3	561	644
k99_523_4	562	849
k99_523_5	562	787
k99_523_6	562	1528
k99_523_7	562	252
k99_523_8	562	898
k99_523_9	562	832
k99_523_10	562	818
k99_523_11	562	97
k99_523_12	562	472
k99_523_13	562	577
k99_523_14	562	105
k99_529_1	207244	174
k99_529_2	105841	69
k99_1509_1	572511	692
k99_1509_2	572511	4894
k99_1509_3	33035	479
k99_1509_4	572511	656
k99_1509_5	572511	417
k99_1509_6	572511	595
k99_1509_7	572511	553
k99_1509_8	572511	428
k99_1509_9	572511	498
k99_1509_10	1532	646
k99_1509_11	572511	314
k99_1509_12	33035	395
k99_1509_13	572511	530
k99_1509_14	572511	1001
k99_1509_15	572511	1651
k99_1509_16	572511	656
k99_1509_17	572511	775
k99_1509_18	572511	786
k99_1509_19	572511	509
k99_1509_20	572511	355
k99_1509_21	572511	297
k99_1509_22	33035	1046
k99_1509_23	572511	745
k99_1509_24	33035	342
k99_1509_25	33035	207
k99_1509_26	33035	406
k99_1509_27	33035	206
k99_1509_28	33035	166
k99_1509_29	33035	149
k99_1509_30	1532	110
k99_1509_32	33035	261
k99_1509_34	39488	58
k99_1509_35	572511	82
k99_1509_36	572511	66
k99_1514_1	543	1169
k99_2792_1	3025755	189
k99_2792_2	1547	541
k99_2792_3	1547	358
k99_2792_4	1547	86
k99_2792_5	1547	271
k99_1368_1	33035	231
k99_1368_2	33035	81
k99_1371_1	105841	63
k99_1371_2	105841	321
k99_399_1	1547	668
k99_399_2	1547	501
k99_399_3	1547	1440
k99_399_4	3025755	480
k99_2233_1	562	470
k99_2233_2	562	391
k99_2233_3	562	869
k99_2233_4	562	569
k99_2233_5	562	478
k99_2233_6	562	957
k99_2233_7	562	446
k99_2233_8	562	434
k99_2233_9	562	1160
k99_2233_10	562	961
k99_2233_11	562	381
k99_2233_12	562	1335
k99_2233_13	562	731
k99_2233_14	562	617
k99_2233_15	562	330
k99_2233_16	562	405
k99_2233_17	562	588
k99_2233_18	562	996
k99_2233_19	562	943
k99_2233_20	562	626
k99_2233_21	562	915
k99_2233_22	562	714
k99_2233_23	562	562
k99_2233_24	562	160
k99_2233_25	562	413
k99_2233_26	562	168
k99_2233_27	562	1024
k99_2233_28	562	565
k99_2233_29	562	781
k99_2233_30	562	963
k99_2233_31	562	1275
k99_2233_32	562	803
k99_2233_33	562	867
k99_2233_34	562	580
k99_2233_35	562	402
k99_2233_36	562	300
k99_2233_37	562	753
k99_2233_38	562	413
k99_2233_39	562	796
k99_2233_40	562	2155
k99_2233_41	562	682
k99_2233_42	562	616
k99_2233_43	562	1126
k99_2233_44	562	628
k99_2233_45	562	593
k99_2233_46	562	533
k99_2233_47	562	602
k99_2233_48	562	667
k99_2233_49	562	747
k99_2233_50	562	271
k99_2233_51	562	574
k99_2233_52	562	746
k99_2233_53	562	171
k99_1684_1	207244	205
k99_1524_1	69824	379
k99_1388_1	105841	360
k99_2009_1	562	468
k99_2009_2	562	384
k99_2009_3	562	218
k99_1687_1	562	1106
k99_1687_2	562	768
k99_1687_3	562	699
k99_1689_1	207244	272
k99_1689_2	207244	234
k99_2238_1	1547	309
k99_2238_2	1547	455
k99_2238_3	1547	331
k99_2238_4	1547	993
k99_2238_5	1547	328
k99_2238_6	1547	353
k99_2238_7	1547	650
k99_2238_8	1547	79
k99_2800_1	562	381
k99_2800_2	562	452
k99_2800_3	562	791
k99_2800_4	562	1727
k99_2800_5	562	397
k99_2800_6	562	202
k99_2800_7	562	611
k99_2800_8	562	840
k99_2242_1	207244	229
k99_2242_2	207244	183
k99_2663_1	1547	557
k99_2425_1	572511	730
k99_2425_2	572511	2284
k99_2425_3	572511	856
k99_2425_4	33035	526
k99_2425_5	572511	467
k99_2425_6	572511	929
k99_2425_7	572511	792
k99_2425_8	572511	578
k99_2425_9	572511	895
k99_2425_10	1532	733
k99_2425_11	33035	310
k99_2425_12	1532	882
k99_2425_13	572511	653
k99_270_1	562	912
k99_270_2	562	693
k99_270_3	562	627
k99_270_4	562	689
k99_270_5	562	551
k99_270_6	562	692
k99_270_7	561	438
k99_270_8	562	498
k99_270_9	561	90
k99_270_10	562	509
k99_270_11	562	964
k99_270_12	543	697
k99_270_13	562	698
k99_2669_1	207244	62
k99_2669_2	207244	265
k99_2670_1	207244	392
k99_2670_2	207244	207
k99_408_1	562	47
k99_408_2	562	323
k99_272_1	562	209
k99_272_2	543	241
k99_413_1	207244	300
k99_413_2	207244	150
k99_2243_1	562	569
k99_2243_2	562	763
k99_2243_3	562	909
k99_2243_4	562	532
k99_2243_5	543	271
k99_2243_6	543	238
k99_2243_7	543	413
k99_2243_8	562	276
k99_2243_9	543	246
k99_2243_10	543	163
k99_2243_11	562	319
k99_2243_12	562	795
k99_2243_13	562	897
k99_2243_14	562	566
k99_2243_15	562	417
k99_2243_16	562	318
k99_2243_17	562	714
k99_2243_18	562	641
k99_2243_19	562	552
k99_2243_20	562	289
k99_2243_21	562	306
k99_2243_22	562	390
k99_2243_23	562	602
k99_2243_24	562	219
k99_2014_1	543	153
k99_2014_2	562	1411
k99_2014_3	562	626
k99_2014_4	562	164
k99_2014_5	562	495
k99_2671_1	562	279
k99_2671_2	562	421
k99_2671_3	562	624
k99_2671_4	562	652
k99_2671_5	562	641
k99_2671_6	562	954
k99_2671_7	562	689
k99_2671_8	562	1011
k99_2671_9	562	326
k99_2671_10	562	627
k99_2671_11	562	511
k99_2671_12	543	118
k99_2671_13	562	612
k99_2671_14	562	577
k99_2671_15	562	1085
k99_2671_16	562	398
k99_1693_1	1547	288
k99_1693_2	1547	1523
k99_2244_1	562	69
k99_2244_2	562	977
k99_2244_3	562	400
k99_2244_4	562	914
k99_2244_5	562	50
k99_2015_1	562	1887
k99_2015_2	562	1060
k99_2015_3	562	1449
k99_2015_4	562	221
k99_2015_5	562	814
k99_2015_6	562	716
k99_2015_7	562	1000
k99_2015_8	562	488
k99_2015_9	562	807
k99_556_1	186803	631
k99_556_2	572511	493
k99_556_3	572511	649
k99_556_4	572511	422
k99_556_5	572511	847
k99_556_6	572511	925
k99_556_7	572511	774
k99_556_8	33035	569
k99_556_9	572511	603
k99_556_10	33035	247
k99_556_11	572511	483
k99_556_12	572511	555
k99_556_13	572511	375
k99_556_14	572511	225
k99_556_15	572511	379
k99_556_16	572511	588
k99_556_17	572511	583
k99_556_18	572511	799
k99_556_19	572511	714
k99_556_20	572511	347
k99_556_21	572511	598
k99_2676_1	818	388
k99_2676_2	818	778
k99_2676_3	818	831
k99_2676_4	818	784
k99_2676_5	818	811
k99_2676_6	818	915
k99_2676_7	818	764
k99_2676_8	818	383
k99_2676_9	818	767
k99_2676_10	818	752
k99_2676_11	818	810
k99_2676_12	816	117
k99_2676_14	818	393
k99_2676_15	818	856
k99_2676_16	816	615
k99_2676_17	818	949
k99_559_1	562	228
k99_559_2	562	851
k99_559_3	562	736
k99_559_4	562	521
k99_559_5	562	963
k99_422_1	572511	1248
k99_422_2	572511	552
k99_422_3	572511	357
k99_422_4	572511	470
k99_1703_1	562	348
k99_1703_2	562	208
k99_1703_3	562	566
k99_1703_4	562	686
k99_1703_5	562	960
k99_1703_6	562	661
k99_1703_7	561	1131
k99_1703_8	562	659
k99_1703_9	543	405
k99_763_1	572511	570
k99_763_2	572511	983
k99_763_3	33035	420
k99_763_4	572511	221
k99_763_5	572511	280
k99_763_6	572511	2730
k99_763_7	572511	556
k99_763_8	572511	865
k99_763_9	572511	348
k99_763_10	572511	371
k99_763_11	572511	1551
k99_763_12	33035	154
k99_763_13	186803	1421
k99_763_14	186803	402
k99_283_1	3025755	1240
k99_2679_1	1547	443
k99_2679_2	1547	362
k99_2679_3	1547	590
k99_2679_4	1547	314
k99_769_1	1547	772
k99_1552_1	561	270
k99_1552_2	562	921
k99_1552_3	562	931
k99_1552_4	562	896
k99_426_1	1547	211
k99_426_2	1547	414
k99_426_3	1547	385
k99_426_4	1547	121
k99_426_5	1547	919
k99_426_6	1547	587
k99_426_7	1547	799
k99_426_8	1547	402
k99_426_9	1547	357
k99_426_10	1547	570
k99_426_11	1547	592
k99_426_12	1547	366
k99_426_13	1547	262
k99_426_14	1547	645
k99_426_15	1547	1098
k99_426_16	1547	837
k99_426_17	1547	801
k99_426_18	1547	188
k99_426_19	1547	677
k99_426_20	3025755	360
k99_426_21	1547	378
k99_426_22	1547	129
k99_1412_1	562	467
k99_1412_2	562	647
k99_1412_3	562	489
k99_1412_4	562	219
k99_1412_5	562	749
k99_1412_6	562	732
k99_1412_7	562	703
k99_1412_8	562	249
k99_1412_9	562	340
k99_1412_10	562	790
k99_1412_11	562	321
k99_1412_12	91347	219
k99_1412_13	543	516
k99_1412_14	543	373
k99_1412_15	543	162
k99_1412_16	543	855
k99_1412_17	561	188
k99_623_1	543	650
k99_623_2	562	302
k99_623_3	562	531
k99_623_4	562	224
k99_623_5	562	377
k99_623_6	562	584
k99_623_7	562	900
k99_623_8	562	805
k99_623_9	562	895
k99_623_10	562	512
k99_623_11	562	752
k99_623_12	562	425
k99_623_13	562	845
k99_623_14	562	1201
k99_623_15	562	947
k99_623_16	562	276
k99_623_17	562	476
k99_623_18	562	765
k99_623_19	561	256
k99_623_20	543	598
k99_623_21	562	147
k99_623_22	562	787
k99_623_23	562	286
k99_623_24	562	526
k99_623_25	562	748
k99_623_26	562	785
k99_623_27	562	870
k99_623_28	562	1183
k99_623_29	562	2344
k99_623_30	562	1890
k99_623_31	562	2275
k99_623_32	562	212
k99_623_33	562	266
k99_623_34	562	372
k99_623_35	562	329
k99_623_36	543	563
k99_623_37	562	600
k99_623_38	562	1415
k99_623_39	561	369
k99_623_40	562	105
k99_623_41	562	453
k99_2260_1	562	978
k99_2260_2	562	167
k99_2260_3	562	304
k99_1417_1	207244	154
k99_1420_1	562	584
k99_1420_2	562	380
k99_1421_1	562	379
k99_1421_2	562	887
k99_1421_3	562	841
k99_1421_4	562	944
k99_560_1	562	315
k99_560_2	562	530
k99_560_3	562	251
k99_560_4	543	1583
k99_560_5	543	709
k99_560_6	543	718
k99_560_7	543	912
k99_560_8	91347	85
k99_560_9	543	212
k99_560_10	562	1077
k99_560_11	543	870
k99_560_12	562	946
k99_560_13	562	817
k99_560_14	562	726
k99_560_15	562	648
k99_560_16	562	508
k99_560_17	562	370
k99_560_18	543	822
k99_560_19	562	455
k99_560_20	562	294
k99_560_21	562	433
k99_560_22	562	483
k99_560_23	562	780
k99_560_24	562	1083
k99_560_25	562	968
k99_560_26	562	1222
k99_560_27	562	519
k99_560_28	543	471
k99_560_29	543	519
k99_560_30	543	559
k99_560_31	543	604
k99_560_32	562	683
k99_560_33	543	1183
k99_560_34	562	894
k99_560_35	543	263
k99_560_36	543	889
k99_560_37	543	548
k99_560_38	543	983
k99_560_39	562	328
k99_560_40	543	228
k99_560_41	91347	144
k99_560_42	543	525
k99_560_43	562	223
k99_560_44	562	412
k99_560_45	543	1224
k99_560_46	562	303
k99_560_47	562	296
k99_560_48	562	670
k99_560_49	562	931
k99_560_50	562	967
k99_560_51	562	562
k99_1564_1	562	54
k99_1564_2	562	1773
k99_1564_3	562	99
k99_2265_1	543	88
k99_2265_2	562	394
k99_2265_3	562	174
k99_2265_4	562	308
k99_2689_1	562	382
k99_2689_2	562	1385
k99_2689_3	562	645
k99_2689_4	562	513
k99_2689_5	562	974
k99_2689_6	562	594
k99_2689_7	562	463
k99_2689_8	562	423
k99_2689_9	562	487
k99_2689_10	543	719
k99_2689_11	543	737
k99_2689_12	561	676
k99_2689_13	562	493
k99_2689_14	562	338
k99_2689_15	562	637
k99_2689_16	562	496
k99_564_1	1547	75
k99_564_2	1547	324
k99_564_3	1547	525
k99_564_4	1547	243
k99_564_5	1547	446
k99_564_6	1547	223
k99_2266_1	562	295
k99_2266_2	562	265
k99_2266_3	562	187
k99_2266_4	562	877
k99_2266_5	562	726
k99_2266_6	562	280
k99_2698_1	572511	333
k99_639_1	105841	195
k99_639_2	207244	115
k99_1102_1	818	250
k99_1102_2	816	1584
k99_1102_3	818	345
k99_1102_4	818	882
k99_1102_5	816	889
k99_1102_6	818	757
k99_1102_7	818	560
k99_1102_8	818	356
k99_1102_9	816	847
k99_1102_10	818	420
k99_1102_11	818	461
k99_1102_12	816	525
k99_1102_13	816	404
k99_1102_14	818	159
k99_1102_15	818	425
k99_1102_16	816	843
k99_1102_17	818	163
k99_1102_18	818	689
k99_1102_19	818	595
k99_1102_20	816	783
k99_1102_21	816	579
k99_1102_22	816	338
k99_1102_23	818	1383
k99_1102_24	818	1401
k99_1102_25	818	53
k99_1102_26	818	284
k99_1102_27	818	167
k99_1102_28	818	1438
k99_1102_29	818	371
k99_1102_30	818	231
k99_1102_31	818	102
k99_1102_32	818	119
k99_1102_33	818	542
k99_1102_34	818	313
k99_1102_35	818	697
k99_1102_36	818	538
k99_1102_37	818	135
k99_1102_38	818	1984
k99_1102_39	818	1021
k99_1102_40	818	263
k99_1102_41	816	1054
k99_1102_42	818	382
k99_1102_43	818	115
k99_1102_44	818	212
k99_1102_45	818	769
k99_1102_46	816	1945
k99_1102_47	818	743
k99_1102_48	818	560
k99_1102_49	818	991
k99_1102_50	818	459
k99_1102_51	818	359
k99_1102_52	818	213
k99_1102_53	818	856
k99_1102_54	816	552
k99_1102_55	818	334
k99_1102_56	816	320
k99_1102_57	818	879
k99_1102_58	818	379
k99_1102_59	816	289
k99_1102_60	818	385
k99_1102_61	818	302
k99_1102_62	816	459
k99_1102_63	818	520
k99_1102_64	818	468
k99_1102_65	818	632
k99_1102_66	816	439
k99_1102_67	818	444
k99_1102_68	818	577
k99_1102_69	816	637
k99_1102_70	818	884
k99_1102_71	818	937
k99_1102_72	818	1579
k99_1102_73	818	565
k99_1102_74	818	817
k99_1102_75	818	520
k99_1102_76	816	97
k99_1102_77	818	443
k99_1102_78	816	877
k99_1102_79	816	788
k99_1102_80	818	1496
k99_1102_81	818	1278
k99_1102_82	818	714
k99_1102_83	816	505
k99_1102_84	816	360
k99_1102_85	818	1115
k99_1102_86	816	1187
k99_1102_87	818	367
k99_1102_88	818	817
k99_1102_89	818	731
k99_1102_90	816	536
k99_1102_91	818	320
k99_1102_92	816	716
k99_1102_93	816	914
k99_1102_94	816	708
k99_1102_95	818	585
k99_1102_96	818	1387
k99_1102_97	816	1415
k99_1102_98	816	1245
k99_1102_99	816	1058
k99_1102_100	816	421
k99_1102_101	818	1428
k99_1102_102	818	744
k99_1102_103	816	649
k99_1102_104	818	1441
k99_1102_105	818	758
k99_1102_106	818	631
k99_1102_107	818	496
k99_1102_108	818	866
k99_1102_109	818	379
k99_1102_110	818	491
k99_1102_111	818	1845
k99_1102_112	818	2192
k99_1102_113	818	743
k99_1102_114	818	2100
k99_1102_115	818	1316
k99_1102_116	818	825
k99_1102_117	818	836
k99_1102_118	818	2176
k99_1102_119	818	736
k99_1102_120	818	2332
k99_1102_121	818	505
k99_1102_122	818	359
k99_1102_123	818	92
k99_1102_124	818	863
k99_1102_125	818	1981
k99_1102_126	818	696
k99_1102_127	816	612
k99_1102_128	818	880
k99_1102_129	816	1148
k99_1102_130	816	687
k99_1102_131	816	886
k99_1102_132	818	322
k99_1102_133	818	514
k99_1102_134	818	451
k99_1102_135	818	1916
k99_1102_136	816	701
k99_1102_137	816	460
k99_1102_138	818	236
k99_1102_139	818	383
k99_1102_140	818	1738
k99_1102_141	818	366
k99_1102_142	818	786
k99_1102_143	818	927
k99_1437_1	1547	595
k99_645_1	562	479
k99_649_1	543	776
k99_649_2	562	617
k99_2801_1	818	1830
k99_2801_2	818	1049
k99_2801_3	818	786
k99_2801_4	818	783
k99_2801_5	818	579
k99_2801_6	818	1571
k99_2801_7	818	651
k99_2801_8	818	399
k99_2801_9	818	2070
k99_2801_10	818	437
k99_2801_11	818	529
k99_2801_12	818	1885
k99_2801_13	818	712
k99_2801_14	818	635
k99_2801_15	818	629
k99_2801_16	818	624
k99_2801_17	818	639
k99_2801_18	818	1118
k99_2801_19	818	990
k99_2801_20	818	401
k99_2801_21	818	1189
k99_2801_22	818	226
k99_2801_23	816	362
k99_2801_24	816	913
k99_2801_25	818	271
k99_2801_26	818	339
k99_2801_27	818	404
k99_2801_28	818	444
k99_2801_29	818	651
k99_2801_30	818	517
k99_2801_31	816	876
k99_2801_32	818	399
k99_2801_33	818	372
k99_2801_34	818	286
k99_2801_35	816	402
k99_2801_36	818	943
k99_2801_37	818	406
k99_2801_38	818	375
k99_2801_39	816	91
k99_2801_40	816	265
k99_2801_41	816	1243
k99_2801_42	818	1046
k99_2801_43	818	625
k99_2801_44	818	468
k99_2801_45	818	555
k99_2801_46	818	1399
k99_2801_47	818	191
k99_2801_48	818	759
k99_2801_49	815	210
k99_2801_50	815	325
k99_2801_51	815	250
k99_2801_52	171549	71
k99_2801_53	815	365
k99_2801_54	815	556
k99_2801_55	815	1774
k99_2801_56	815	1394
k99_2801_57	815	637
k99_2801_58	909656	311
k99_2801_59	909656	273
k99_2801_60	815	514
k99_2801_61	815	710
k99_2801_62	815	318
k99_2801_63	815	411
k99_2801_64	909656	295
k99_2801_65	171549	82
k99_2801_66	909656	288
k99_2801_67	815	235
k99_2801_68	815	717
k99_2801_69	909656	787
k99_2801_70	909656	361
k99_2801_71	815	259
k99_2801_72	815	1097
k99_2801_73	815	1793
k99_2801_74	815	1073
k99_2801_75	815	780
k99_2801_76	815	625
k99_2801_77	815	612
k99_2801_78	815	485
k99_2801_79	909656	600
k99_2801_80	815	240
k99_2801_81	909656	320
k99_2801_82	815	206
k99_2801_83	815	206
k99_2801_84	815	261
k99_2801_85	815	380
k99_2801_86	815	417
k99_2801_87	815	102
k99_2801_88	171549	186
k99_2801_89	821	906
k99_2801_90	818	704
k99_2801_91	816	121
k99_2801_92	818	572
k99_2801_93	818	294
k99_2801_94	818	157
k99_2801_95	818	575
k99_2801_96	816	411
k99_2801_97	816	451
k99_2801_98	816	1897
k99_2801_99	818	388
k99_2801_100	818	714
k99_2801_101	816	389
k99_2801_102	816	838
k99_2801_103	816	592
k99_2801_104	816	712
k99_2801_105	818	914
k99_2801_106	816	846
k99_2801_107	816	356
k99_2801_108	818	80
k99_2801_109	816	402
k99_2801_110	818	444
k99_2801_111	816	764
k99_2801_112	816	890
k99_2801_113	818	937
k99_2801_114	818	850
k99_2801_115	818	466
k99_2801_116	818	1415
k99_2801_117	818	980
k99_2801_118	818	605
k99_2801_119	818	770
k99_2801_120	818	323
k99_2801_121	818	65
k99_2801_122	818	310
k99_2801_123	818	93
k99_2801_124	818	169
k99_2801_125	818	299
k99_2801_126	818	1231
k99_2801_127	818	592
k99_2801_128	818	203
k99_2801_129	818	764
k99_2801_130	818	608
k99_2801_131	818	920
k99_2801_132	818	764
k99_2801_133	818	629
k99_2801_134	818	778
k99_2801_135	818	582
k99_2801_136	818	1022
k99_2801_137	818	2585
k99_2801_138	818	741
k99_2801_139	818	2175
k99_2801_140	816	1089
k99_2801_141	818	350
k99_2801_142	818	318
k99_2801_143	818	309
k99_2801_144	818	702
k99_2801_145	818	504
k99_2801_146	818	933
k99_2801_147	818	889
k99_2801_148	816	376
k99_2801_149	818	473
k99_2801_150	818	1197
k99_2801_151	816	336
k99_2801_152	816	346
k99_2801_153	818	606
k99_2801_154	818	315
k99_2801_155	816	422
k99_2801_156	816	710
k99_2801_157	818	62
k99_2801_158	816	1716
k99_2801_159	816	823
k99_2801_160	818	639
k99_2801_161	816	239
k99_2801_162	816	745
k99_2801_163	816	1037
k99_2801_164	816	160
k99_2801_165	818	100
k99_2801_166	818	857
k99_2801_167	818	754
k99_2801_168	816	475
k99_2801_169	816	766
k99_2801_170	818	708
k99_2801_171	816	454
k99_2801_172	818	478
k99_2801_173	818	647
k99_2801_174	818	483
k99_2801_175	816	1026
k99_2801_176	816	986
k99_2801_177	818	706
k99_2801_178	816	720
k99_2801_179	816	736
k99_2801_180	816	1097
k99_2801_181	818	447
k99_2801_182	816	1347
k99_2801_183	816	1057
k99_2801_184	816	316
k99_2801_185	816	139
k99_2801_186	818	494
k99_2801_187	818	384
k99_2801_188	818	593
k99_2801_189	818	1176
k99_2801_190	818	1277
k99_2801_191	818	1384
k99_2801_192	818	585
k99_2801_193	818	689
k99_2801_194	818	179
k99_2801_195	816	1070
k99_2801_196	818	359
k99_2801_197	816	642
k99_653_1	562	160
k99_653_2	543	328
k99_653_3	562	119
k99_653_4	562	287
k99_1806_1	818	711
k99_1806_2	818	1424
k99_1806_3	818	1038
k99_1806_4	818	159
k99_1806_5	818	86
k99_1806_6	818	317
k99_1806_7	818	842
k99_1806_8	818	641
k99_1806_9	818	639
k99_1806_10	818	581
k99_1806_11	818	1048
k99_1806_12	818	818
k99_1806_13	816	513
k99_1806_14	816	1320
k99_1806_15	816	469
k99_1806_16	818	655
k99_1806_17	818	75
k99_1806_18	818	1086
k99_1806_19	818	636
k99_1806_20	818	2494
k99_1806_21	818	1808
k99_1806_22	818	886
k99_1806_23	818	2065
k99_1806_24	818	1377
k99_1806_25	818	573
k99_1806_26	818	1111
k99_1806_27	818	79
k99_1806_28	818	252
k99_1806_29	818	407
k99_1806_30	818	660
k99_1806_31	818	290
k99_1806_32	818	688
k99_1806_33	818	341
k99_1806_34	818	1745
k99_1806_35	818	1025
k99_1806_36	816	304
k99_1806_37	816	1230
k99_1806_38	816	760
k99_1806_39	818	395
k99_1806_40	818	1676
k99_1806_41	816	1233
k99_1806_42	818	825
k99_1806_43	818	767
k99_1806_44	818	1080
k99_1806_45	818	1108
k99_1806_46	818	1993
k99_1806_47	818	631
k99_1806_48	818	845
k99_1806_49	818	1072
k99_1806_50	818	601
k99_1806_51	818	1171
k99_1806_52	818	634
k99_1806_53	818	1875
k99_1806_54	818	1901
k99_1806_55	818	612
k99_1806_56	818	1330
k99_1806_57	818	2250
k99_1806_58	818	598
k99_1806_59	818	400
k99_1806_60	818	90
k99_1806_61	818	1746
k99_1806_62	818	781
k99_1806_63	818	580
k99_1806_64	818	1936
k99_1806_65	818	1904
k99_1806_66	818	923
k99_1806_67	815	1510
k99_1806_68	816	132
k99_1806_69	816	980
k99_1806_70	310300	66
k99_1806_71	815	422
k99_1806_72	816	1683
k99_1806_73	816	460
k99_1806_74	816	327
k99_1806_75	816	311
k99_1806_76	816	796
k99_1806_77	816	259
k99_1806_78	816	523
k99_1806_79	816	232
k99_1806_80	816	994
k99_1806_81	816	207
k99_1806_82	816	831
k99_1806_83	818	998
k99_1806_84	816	811
k99_1806_85	815	250
k99_1806_86	816	188
k99_1806_88	816	386
k99_1806_89	816	290
k99_1806_90	816	672
k99_1806_91	816	1071
k99_1806_92	816	588
k99_1806_93	816	582
k99_1806_94	816	827
k99_1806_95	816	212
k99_1806_96	816	306
k99_1806_97	816	561
k99_1806_98	816	422
k99_1806_99	818	476
k99_1806_100	818	144
k99_1806_101	818	232
k99_1806_102	818	542
k99_1806_103	818	2474
k99_1806_104	818	1005
k99_1806_105	818	1458
k99_1806_106	818	2106
k99_1806_107	818	1337
k99_1806_108	818	836
k99_1806_109	818	439
k99_1806_110	818	1475
k99_1806_111	818	1997
k99_1806_112	818	600
k99_1806_113	818	159
k99_1806_114	818	972
k99_1806_115	818	1598
k99_1806_116	818	142
k99_1806_117	818	564
k99_1806_118	818	625
k99_1806_119	818	1464
k99_1806_120	818	285
k99_1806_121	818	656
k99_1806_122	818	1917
k99_1806_123	818	1063
k99_1806_124	818	637
k99_1806_125	818	823
k99_1806_126	818	1876
k99_1806_127	818	521
k99_1806_128	818	868
k99_1806_129	818	810
k99_1806_130	818	747
k99_1806_131	818	77
k99_1806_132	818	1011
k99_1806_133	818	856
k99_1806_134	816	1985
k99_1806_135	818	691
k99_1806_136	818	617
k99_1806_137	818	816
k99_1806_138	818	748
k99_1806_139	818	805
k99_1806_140	818	719
k99_1806_141	818	904
k99_1806_142	818	47
k99_1806_143	816	1392
k99_1806_144	818	486
k99_1806_145	818	213
k99_1806_146	818	598
k99_1806_147	818	327
k99_1806_148	818	57
k99_1806_149	818	2340
k99_1806_150	818	2194
k99_1806_151	818	764
k99_1806_152	818	490
k99_1806_153	816	1334
k99_1806_154	818	2411
k99_1806_155	818	1261
k99_1806_156	818	753
k99_1806_157	818	2140
k99_1806_158	816	1312
k99_1806_159	816	846
k99_1806_160	818	441
k99_1806_161	818	836
k99_1806_162	818	669
k99_1806_163	818	969
k99_1806_164	818	823
k99_1806_165	818	3224
k99_1806_166	818	1325
k99_1806_167	818	596
k99_1806_168	818	946
k99_1806_169	818	1771
k99_1806_170	818	972
k99_1806_171	818	941
k99_1806_172	818	2154
k99_1806_173	818	1340
k99_1806_174	818	834
k99_1806_175	818	823
k99_1806_176	818	740
k99_1806_177	818	681
k99_1806_178	818	92
k99_1806_179	818	1407
k99_1806_180	818	686
k99_1806_181	818	2527
k99_1806_182	818	926
k99_1806_183	818	690
k99_1806_184	818	2030
k99_1806_185	818	1299
k99_1806_186	818	1192
k99_1806_187	818	771
k99_1806_188	818	609
k99_1806_189	818	713
k99_1806_190	818	662
k99_1806_191	818	323
k99_1806_192	818	741
k99_1806_193	818	460
k99_1806_194	818	397
k99_1806_195	818	664
k99_1806_196	816	477
k99_1806_197	818	701
k99_1806_198	818	874
k99_1806_199	818	924
k99_1806_200	818	401
k99_1806_201	818	663
k99_1806_202	818	359
k99_1806_203	818	541
k99_1806_204	818	632
k99_1806_205	818	631
k99_1806_206	818	594
k99_1806_207	818	598
k99_1806_208	818	715
k99_1806_209	818	672
k99_1806_210	818	809
k99_1806_211	818	779
k99_1806_212	818	756
k99_1806_213	818	773
k99_1806_214	818	505
k99_1806_215	818	1459
k99_1806_216	818	790
k99_1806_217	818	2367
k99_1806_218	818	2091
k99_1806_219	818	1350
k99_1806_220	818	827
k99_1806_221	818	831
k99_1806_223	818	2067
k99_1806_224	818	1513
k99_1806_225	818	124
k99_1806_226	818	1117
k99_1806_227	818	1481
k99_1806_228	818	993
k99_1806_229	818	704
k99_1806_230	818	45
k99_1806_231	818	820
k99_1806_232	818	1021
k99_1806_233	818	994
k99_1806_234	818	711
k99_1806_235	818	1064
k99_1806_236	818	614
k99_1806_237	816	281
k99_1806_238	816	937
k99_1806_239	818	431
k99_1806_240	816	206
k99_1806_241	818	777
k99_1806_242	816	685
k99_1806_243	816	1226
k99_1806_244	818	1902
k99_1806_245	818	1382
k99_1806_246	818	707
k99_1806_247	818	581
k99_1806_248	818	454
k99_1806_249	816	156
k99_1806_250	816	1171
k99_1806_251	818	1365
k99_1806_252	818	1509
k99_1806_253	818	2587
k99_1806_254	818	707
k99_1806_255	818	771
k99_1806_256	818	1002
k99_1806_257	818	980
k99_1806_258	818	1181
k99_1806_259	818	1828
k99_1806_260	818	1214
k99_1806_261	818	2135
k99_1806_262	818	1161
k99_1806_263	818	1657
k99_1806_264	818	62
k99_1806_265	818	364
k99_1806_266	818	613
k99_1806_267	818	936
k99_1806_268	816	384
k99_1806_269	818	1006
k99_1806_270	818	1239
k99_1806_271	818	652
k99_1806_272	818	679
k99_1806_273	818	1092
k99_1806_274	818	1383
k99_1806_275	818	2197
k99_1806_276	818	592
k99_1806_277	818	605
k99_1806_278	818	1004
k99_1806_279	818	588
k99_1806_280	818	480
k99_1806_281	818	641
k99_1806_282	818	1098
k99_1806_283	816	947
k99_1806_284	818	1643
k99_1806_285	818	895
k99_1806_286	818	681
k99_1806_287	818	1069
k99_1806_288	818	570
k99_1806_289	816	431
k99_1806_290	816	1088
k99_1806_291	818	350
k99_1806_292	816	344
k99_1806_293	816	1182
k99_1806_294	816	173
k99_1806_295	818	1755
k99_1806_296	818	600
k99_1806_297	816	370
k99_1806_298	816	1144
k99_1806_299	818	736
k99_1806_300	818	783
k99_1806_301	818	525
k99_1806_302	818	1094
k99_1806_303	818	1250
k99_1806_304	818	720
k99_1806_305	818	1396
k99_1806_307	818	75
k99_1806_308	818	968
k99_1806_309	816	390
k99_1806_310	816	1078
k99_1806_311	816	930
k99_1806_312	816	361
k99_1806_313	818	1815
k99_1806_314	818	627
k99_1806_315	818	410
k99_1806_316	818	192
k99_1806_318	816	357
k99_1806_319	818	68
k99_1806_320	818	219
k99_1806_321	816	801
k99_657_1	207244	176
k99_2805_1	1532	109
k99_1716_1	572511	207
k99_1716_2	572511	948
k99_1716_4	572511	886
k99_1716_5	572511	443
k99_1716_6	572511	485
k99_1716_7	572511	570
k99_1716_8	572511	728
k99_1716_9	572511	787
k99_1716_10	33035	992
k99_1716_11	33035	484
k99_1716_12	33035	830
k99_1716_13	33035	1094
k99_1716_14	33035	633
k99_1716_15	33035	650
k99_1716_16	186803	531
k99_1716_17	33035	639
k99_1716_19	33035	466
k99_1716_20	572511	464
k99_1716_21	33035	523
k99_1716_22	33035	639
k99_1716_23	572511	804
k99_1716_24	572511	796
k99_1716_25	572511	282
k99_1716_26	572511	656
k99_1716_27	572511	156
k99_1716_28	572511	1648
k99_1716_29	572511	649
k99_1716_30	572511	1425
k99_1716_31	572511	877
k99_1716_32	572511	587
k99_1716_33	572511	350
k99_1716_34	33035	165
k99_1716_35	572511	492
k99_1716_36	572511	572
k99_1716_37	572511	308
k99_1716_38	186803	419
k99_1716_39	572511	1184
k99_1716_40	572511	1721
k99_1716_41	572511	376
k99_1716_42	572511	551
k99_1716_43	572511	651
k99_1716_44	33035	917
k99_1716_45	572511	735
k99_1716_46	572511	350
k99_1716_47	572511	1116
k99_1716_48	572511	464
k99_1716_49	33035	433
k99_1716_50	572511	733
k99_1716_51	33035	424
k99_1716_52	33035	362
k99_1716_53	1532	652
k99_1716_54	572511	1423
k99_1716_55	572511	1016
k99_1716_56	572511	1142
k99_1716_57	572511	542
k99_1716_58	572511	589
k99_1716_59	572511	906
k99_1716_60	572511	867
k99_1716_61	572511	798
k99_1716_62	572511	572
k99_1716_63	572511	501
k99_1716_64	572511	353
k99_1716_65	33035	410
k99_1716_66	572511	1889
k99_2290_1	562	312
k99_2290_2	562	165
k99_659_1	1547	602
k99_659_2	1547	317
k99_659_3	1547	498
k99_659_4	1547	572
k99_659_5	1547	1625
k99_659_6	1547	251
k99_659_7	1547	281
k99_659_8	1547	1082
k99_659_9	1547	1181
k99_659_10	1547	932
k99_659_11	1547	1350
k99_1826_1	562	217
k99_1826_2	562	557
k99_1826_3	543	143
k99_1826_4	562	167
k99_1826_5	562	154
k99_1826_6	562	509
k99_1721_1	562	735
k99_2298_1	572511	504
k99_1131_1	1547	201
k99_1131_2	1547	215
k99_1131_3	1547	440
k99_1131_4	1547	729
k99_1131_5	1547	197
k99_792_1	562	1126
k99_792_2	543	177
k99_792_3	562	1018
k99_792_4	562	226
k99_792_5	562	564
k99_792_6	562	494
k99_792_7	562	1053
k99_792_8	562	818
k99_792_9	562	548
k99_1830_1	818	47
k99_1830_2	1547	236
k99_1143_1	665943	190
k99_2812_1	562	452
k99_2812_2	562	479
k99_664_1	572511	114
k99_664_3	572511	219
k99_664_4	572511	243
k99_664_5	33035	625
k99_664_6	33035	100
k99_666_1	186803	449
k99_667_1	562	348
k99_1836_1	562	1056
k99_1836_2	562	481
k99_2814_1	33035	273
k99_2814_2	572511	311
k99_2814_3	33035	127
k99_2814_4	33035	169
k99_2814_5	33035	271
k99_2814_6	33035	568
k99_2814_7	33035	244
k99_2814_9	572511	282
k99_2814_10	1532	461
k99_2814_11	33035	913
k99_2814_12	33035	914
k99_2814_13	1532	805
k99_2814_14	33035	171
k99_2814_15	1532	196
k99_2814_16	33035	411
k99_2814_17	1532	565
k99_2814_18	33035	168
k99_2814_19	33035	276
k99_2814_20	33035	300
k99_2814_21	33035	226
k99_2814_22	572511	297
k99_2814_23	33035	351
k99_2814_24	33035	232
k99_2814_25	572511	398
k99_2814_26	33035	2093
k99_2814_27	572511	573
k99_2814_28	572511	409
k99_2814_29	572511	970
k99_2814_30	572511	1400
k99_2814_31	33035	137
k99_2814_32	33035	270
k99_2814_33	572511	137
k99_2814_34	572511	67
k99_2823_1	33035	116
k99_2823_2	572511	589
k99_2823_3	572511	796
k99_2823_4	572511	416
k99_2823_5	572511	565
k99_2823_6	572511	691
k99_2823_7	1532	747
k99_2823_8	572511	578
k99_2823_9	572511	847
k99_2823_10	572511	628
k99_2823_11	33035	385
k99_2823_12	572511	453
k99_2823_13	572511	355
k99_2823_14	572511	473
k99_2823_15	572511	662
k99_2826_1	105841	218
k99_2826_2	186803	130
k99_2826_3	105841	82
k99_1862_1	562	474
k99_1870_1	186801	367
k99_1870_2	186801	137
k99_2834_1	562	522
k99_2834_2	543	188
k99_798_1	562	911
k99_2841_1	1547	438
k99_2841_2	1547	834
k99_2841_3	1547	462
k99_807_1	1547	75
k99_807_2	1547	2718
k99_808_1	543	140
k99_808_2	543	409
k99_808_3	562	1358
k99_808_4	562	816
k99_813_1	562	261
k99_813_2	562	256
k99_813_3	562	68
k99_2851_1	33035	2228
k99_2862_1	33035	239
k99_2862_2	572511	764
k99_683_1	105841	405
k99_820_1	562	608
k99_830_1	1547	432
k99_830_2	1547	875
k99_830_3	1547	85
k99_833_1	572511	1468
k99_833_2	572511	454
k99_833_3	33035	386
k99_833_4	572511	694
k99_833_5	572511	1038
k99_833_6	572511	400
k99_833_7	1955243	121
k99_833_8	572511	197
k99_833_9	572511	504
k99_833_10	572511	368
k99_833_11	33035	273
k99_833_12	572511	900
k99_833_13	572511	667
k99_833_14	33035	241
k99_833_15	572511	427
k99_833_16	33035	436
k99_833_17	572511	437
k99_833_18	33035	654
k99_833_19	33035	318
k99_833_20	572511	1505
k99_833_21	572511	568
k99_843_1	1547	202
k99_843_2	1547	334
k99_843_3	1547	379
k99_843_4	1547	414
k99_843_5	1547	284
k99_843_6	1547	516
k99_843_7	1547	638
k99_843_8	1547	592
k99_843_9	1547	79
k99_843_10	1547	599
k99_843_11	1547	783
k99_843_12	1547	1480
k99_843_13	1547	416
k99_843_14	1547	578
k99_843_15	1547	606
k99_843_16	1547	367
k99_850_1	562	53
k99_850_2	562	387
k99_850_3	562	548
k99_850_4	562	590
k99_850_5	562	1224
k99_850_6	562	310
k99_856_1	562	318
k99_856_2	543	487
k99_856_3	562	284
k99_860_1	207244	114
k99_2871_1	816	1448
k99_2871_2	171549	941
k99_2871_3	171549	177
k99_2871_5	815	1624
k99_2871_6	171549	360
k99_2871_7	815	488
k99_2871_8	171549	414
k99_2871_9	171549	462
k99_2871_10	171549	714
k99_2871_11	171549	376
k99_2871_12	816	131
k99_2871_13	815	457
k99_2871_14	171549	331
k99_2871_15	171549	298
k99_2871_16	816	184
k99_2871_17	171549	293
k99_2871_18	171549	164
k99_2871_19	815	129
k99_2871_20	171549	220
k99_2871_21	815	133
k99_2871_22	171549	169
k99_2871_23	815	903
k99_2871_24	171549	637
k99_2871_25	815	754
k99_2871_26	815	165
k99_2871_27	815	490
k99_2871_28	171549	236
k99_2871_29	171549	543
k99_2871_30	171549	402
k99_2871_31	815	1009
k99_2871_32	171549	277
k99_2871_33	171549	140
k99_2871_34	815	675
k99_2871_35	171549	364
k99_2871_36	171549	319
k99_2871_37	171549	264
k99_2871_38	171549	73
k99_2871_39	815	445
k99_2871_40	815	741
k99_2871_41	816	121
k99_2871_42	171549	394
k99_2871_43	816	65
k99_2016_1	207244	369
k99_2731_1	1547	431
k99_2731_2	1547	332
k99_2731_3	1547	516
k99_2731_5	1547	139
k99_2731_6	1547	179
k99_1440_1	543	378
k99_1440_2	562	997
k99_1440_3	562	190
k99_1440_4	562	209
k99_2588_1	1547	932
k99_2588_2	1547	405
k99_2588_3	1547	384
k99_2588_4	1547	332
k99_2588_5	1547	241
k99_2588_6	1547	328
k99_2588_7	1547	391
k99_2160_1	1547	204
k99_2160_2	1547	339
k99_2160_3	1547	175
k99_14_1	1547	218
k99_14_2	1547	285
k99_14_3	1547	146
k99_14_4	1547	123
k99_1735_1	33035	347
k99_1735_2	572511	2391
k99_22_1	562	798
k99_2452_1	562	736
k99_152_1	1547	457
k99_152_2	1547	437
k99_152_3	1547	130
k99_152_4	1547	271
k99_152_5	1547	543
k99_868_1	105841	325
k99_161_1	33035	263
k99_161_2	572511	349
k99_161_3	33035	224
k99_161_4	186803	437
k99_161_5	186803	599
k99_2741_1	572511	102
k99_2741_2	572511	204
k99_2741_3	572511	485
k99_1739_1	562	119
k99_1739_2	562	68
k99_1739_3	562	111
k99_1739_4	561	90
k99_1739_5	543	641
k99_1739_6	562	1711
k99_1739_7	562	166
k99_1739_8	562	634
k99_1739_9	562	508
k99_1739_10	562	391
k99_580_1	1547	60
k99_580_2	1547	466
k99_580_3	1547	586
k99_580_4	3025755	965
k99_580_5	526525	170
k99_580_6	1547	454
k99_580_7	1547	276
k99_2597_1	186803	783
k99_2597_2	572511	649
k99_2597_3	572511	982
k99_2597_4	572511	490
k99_2597_6	572511	161
k99_2597_8	572511	1442
k99_2597_9	572511	457
k99_2597_10	572511	1185
k99_2597_11	572511	588
k99_2597_12	572511	453
k99_2597_13	572511	692
k99_2597_14	572511	195
k99_727_1	105841	266
k99_2030_1	1547	46
k99_2030_2	1547	72
k99_1298_1	562	144
k99_1298_2	562	693
k99_2599_1	572511	855
k99_1447_1	562	224
k99_1447_2	562	687
k99_1447_3	562	249
k99_168_1	543	341
k99_168_2	543	51
k99_168_3	543	299
k99_2600_1	1547	1751
k99_2600_2	1547	320
k99_2600_3	1547	840
k99_1155_1	186803	270
k99_1155_2	186803	438
k99_1155_3	186803	179
k99_1155_4	186803	1239
k99_432_1	816	457
k99_432_2	818	606
k99_432_3	818	581
k99_432_4	818	333
k99_432_5	818	1793
k99_432_6	818	618
k99_432_7	818	1043
k99_432_8	816	1022
k99_432_9	816	177
k99_432_10	818	704
k99_432_11	818	456
k99_432_12	818	1764
k99_432_13	816	100
k99_432_14	816	882
k99_432_15	818	693
k99_432_16	818	944
k99_432_17	818	798
k99_432_18	818	1714
k99_432_19	818	982
k99_432_20	816	875
k99_432_21	816	438
k99_432_22	818	930
k99_432_23	816	859
k99_432_24	816	321
k99_432_25	818	442
k99_432_26	818	1357
k99_432_27	816	296
k99_432_28	818	1225
k99_432_29	818	712
k99_432_30	818	199
k99_432_31	816	607
k99_432_32	818	1210
k99_432_33	818	460
k99_432_34	818	441
k99_432_35	818	900
k99_432_37	816	710
k99_432_38	816	1009
k99_432_39	816	403
k99_432_40	816	936
k99_432_41	816	972
k99_432_42	818	100
k99_1157_1	1547	400
k99_1157_2	1239	605
k99_1157_3	1547	395
k99_291_1	562	384
k99_291_2	543	617
k99_291_3	562	922
k99_291_4	562	510
k99_291_5	562	152
k99_291_6	562	850
k99_291_7	562	624
k99_291_8	562	1589
k99_291_9	562	443
k99_291_10	543	479
k99_291_11	562	882
k99_291_12	562	914
k99_291_13	562	459
k99_291_14	562	305
k99_291_15	562	593
k99_291_16	562	428
k99_291_17	562	338
k99_291_18	562	194
k99_291_19	562	1283
k99_291_20	543	1090
k99_291_21	562	103
k99_291_22	562	830
k99_291_23	543	892
k99_291_24	562	637
k99_291_25	562	402
k99_291_26	562	686
k99_291_27	562	891
k99_291_28	543	472
k99_291_29	543	844
k99_291_30	543	843
k99_291_31	543	501
k99_291_32	562	1037
k99_291_33	562	552
k99_291_34	562	520
k99_291_35	562	722
k99_291_36	543	97
k99_291_37	562	360
k99_291_38	543	1055
k99_291_39	562	462
k99_291_40	562	295
k99_291_41	562	277
k99_291_42	562	683
k99_291_43	562	153
k99_291_44	562	545
k99_291_45	562	438
k99_291_46	562	474
k99_291_47	562	505
k99_291_48	562	303
k99_291_49	562	356
k99_291_50	562	481
k99_291_51	562	304
k99_291_52	562	1550
k99_291_53	562	679
k99_291_54	562	603
k99_291_55	562	895
k99_291_56	562	867
k99_291_57	543	344
k99_1746_1	1547	93
k99_1746_2	1547	322
k99_1746_3	1547	631
k99_1746_4	1547	436
k99_1746_5	1547	868
k99_1746_6	1547	687
k99_1746_7	1547	506
k99_1746_8	1547	909
k99_1746_9	1547	615
k99_1746_10	1547	1142
k99_1746_11	3025755	961
k99_1746_12	1547	241
k99_1746_13	1547	637
k99_1746_14	1547	412
k99_1746_15	1547	135
k99_2453_1	572511	914
k99_2453_2	33035	427
k99_2453_3	572511	1165
k99_2453_4	572511	1672
k99_2453_5	248744	58
k99_2453_6	572511	509
k99_2453_7	572511	521
k99_2453_8	572511	794
k99_2453_9	572511	561
k99_2453_10	572511	1036
k99_2453_11	572511	878
k99_2453_12	3085636	807
k99_2453_13	2320110	44
k99_2453_14	33035	733
k99_2453_15	1532	1106
k99_2453_16	33035	251
k99_2453_17	572511	357
k99_2453_18	33035	605
k99_2453_19	572511	515
k99_2453_20	186803	440
k99_2453_21	33035	283
k99_2453_23	572511	537
k99_2453_24	572511	664
k99_2453_25	572511	777
k99_2453_26	33035	530
k99_2453_27	33035	474
k99_2453_28	572511	332
k99_2453_29	572511	679
k99_2453_30	572511	601
k99_2453_31	572511	284
k99_2453_32	1532	1356
k99_2453_33	572511	1288
k99_2453_34	572511	158
k99_2453_35	572511	483
k99_2453_36	572511	1018
k99_2453_37	572511	672
k99_2453_38	572511	641
k99_2453_39	572511	608
k99_2453_40	33035	847
k99_2453_41	572511	898
k99_2453_42	572511	615
k99_2453_43	572511	518
k99_2453_44	572511	1001
k99_2453_45	572511	1145
k99_2453_46	33035	569
k99_2453_47	572511	674
k99_2453_48	572511	1131
k99_2453_49	572511	696
k99_2453_50	572511	456
k99_2453_51	572511	85
k99_1750_1	572511	483
k99_1750_2	572511	558
k99_439_2	562	894
k99_439_3	562	230
k99_439_4	562	495
k99_439_5	562	194
k99_439_6	562	393
k99_2743_1	572511	499
k99_2743_2	572511	1399
k99_2743_3	572511	603
k99_2743_4	572511	872
k99_2743_5	572511	518
k99_2743_6	572511	1280
k99_2743_7	572511	442
k99_2743_8	572511	365
k99_2743_9	572511	393
k99_2743_10	572511	556
k99_2743_11	572511	958
k99_2743_12	572511	915
k99_2743_13	572511	553
k99_2743_14	572511	516
k99_2743_15	572511	1064
k99_2743_16	572511	954
k99_2743_17	33035	754
k99_2743_18	33035	457
k99_2743_19	572511	506
k99_2743_20	572511	731
k99_2743_21	572511	491
k99_2743_22	1532	1292
k99_2743_23	572511	942
k99_2743_24	572511	670
k99_2743_25	572511	366
k99_2743_26	572511	513
k99_2743_27	33035	258
k99_2743_28	572511	427
k99_2743_29	572511	624
k99_2743_30	572511	717
k99_2743_31	572511	972
k99_2743_32	572511	425
k99_2743_33	33035	671
k99_2743_34	572511	1101
k99_2743_35	572511	491
k99_2743_36	572511	185
k99_2743_37	572511	479
k99_2743_38	572511	798
k99_2743_39	33035	320
k99_2743_40	186803	1580
k99_2743_41	572511	645
k99_2743_42	572511	848
k99_2743_43	572511	1112
k99_2743_44	572511	336
k99_2743_45	572511	113
k99_2743_46	572511	367
k99_2743_47	572511	895
k99_2743_48	572511	524
k99_2743_49	1532	619
k99_2743_50	572511	396
k99_2743_51	572511	1125
k99_182_1	572511	633
k99_182_2	572511	1347
k99_182_3	572511	590
k99_182_4	572511	489
k99_182_5	572511	739
k99_182_6	33035	128
k99_182_7	572511	603
k99_182_8	572511	486
k99_442_1	818	900
k99_442_2	818	214
k99_442_3	815	244
k99_1754_1	562	64
k99_1754_2	562	134
k99_1754_3	562	179
k99_1754_4	562	772
k99_1754_5	562	404
k99_1754_6	562	348
k99_1754_7	562	650
k99_1754_8	562	1766
k99_1754_9	562	447
k99_1754_10	562	337
k99_1754_11	562	571
k99_1754_12	562	139
k99_1456_1	33035	538
k99_890_1	562	194
k99_890_2	562	731
k99_1027_1	1532	652
k99_1027_2	572511	1325
k99_1027_3	572511	405
k99_1027_4	572511	534
k99_1027_5	572511	465
k99_1027_6	33035	312
k99_1027_7	572511	343
k99_1027_8	572511	603
k99_1027_9	572511	595
k99_1027_10	572511	1311
k99_1027_11	33035	250
k99_1027_12	572511	788
k99_1027_13	572511	442
k99_1027_14	33035	132
k99_1027_15	33035	189
k99_1027_16	572511	283
k99_1027_17	572511	600
k99_1027_18	572511	363
k99_1027_19	572511	368
k99_1027_20	572511	389
k99_1027_22	572511	354
k99_1027_23	572511	215
k99_1027_24	572511	635
k99_1027_25	33035	196
k99_1027_26	1532	466
k99_1027_27	1532	772
k99_1027_28	572511	129
k99_2039_1	1547	276
k99_2039_2	1547	224
k99_2039_3	1547	1177
k99_2039_4	1547	192
k99_2039_5	1547	161
k99_2039_6	1547	730
k99_2039_7	1547	305
k99_2039_8	1547	2890
k99_2039_9	1547	681
k99_2039_10	1547	746
k99_2039_11	1547	416
k99_2039_12	1547	520
k99_2039_13	1547	192
k99_2039_14	1547	364
k99_2039_15	3025755	466
k99_2039_16	1547	560
k99_2039_17	3025755	550
k99_2039_18	1547	608
k99_2039_19	1547	873
k99_2039_20	1547	1170
k99_2039_21	1547	500
k99_2039_22	1547	411
k99_2039_23	1547	583
k99_2039_24	1547	348
k99_2039_25	3025755	224
k99_2039_26	1547	489
k99_2039_27	1547	332
k99_2039_28	1547	157
k99_2039_29	526525	178
k99_2039_30	1547	504
k99_2039_31	1547	745
k99_2039_32	1547	184
k99_2039_33	3025755	627
k99_2039_34	1547	1806
k99_2039_35	1547	362
k99_2039_36	1547	877
k99_2039_37	3025755	442
k99_2039_38	1547	1089
k99_2039_39	1547	615
k99_2039_40	1547	784
k99_2039_41	3025755	109
k99_2182_1	562	193
k99_2182_2	543	920
k99_2182_3	562	755
k99_2182_4	562	610
k99_2182_5	562	407
k99_2182_6	543	381
k99_40_1	1547	101
k99_40_2	1547	1155
k99_40_3	1547	433
k99_40_4	3025755	340
k99_40_5	1547	469
k99_40_6	1547	395
k99_40_7	1547	576
k99_40_8	1547	879
k99_1314_1	207244	696
k99_2042_1	572511	295
k99_2042_2	33035	1419
k99_2042_3	33035	399
k99_2042_4	572511	138
k99_2042_5	33035	177
k99_2042_6	572511	271
k99_2042_7	572511	805
k99_2042_8	572511	637
k99_45_1	3025755	908
k99_1167_1	1547	140
k99_1167_2	1547	1161
k99_1167_3	1547	314
k99_449_1	543	209
k99_449_2	562	651
k99_452_1	1547	155
k99_452_2	1547	510
k99_452_3	1547	419
k99_2330_1	1547	446
k99_2330_2	1547	577
k99_1888_1	105841	404
k99_1030_1	1547	81
k99_1030_2	1547	852
k99_301_1	562	407
k99_301_2	562	281
k99_301_3	543	53
k99_2048_1	572511	141
k99_2048_2	572511	272
k99_2048_4	33035	324
k99_2048_5	572511	912
k99_2048_6	572511	770
k99_2048_7	572511	1280
k99_2048_8	572511	443
k99_2048_9	572511	2511
k99_2048_10	572511	2379
k99_2048_11	572511	831
k99_2048_12	186803	259
k99_2048_13	186803	302
k99_2048_14	572511	1408
k99_2048_15	572511	789
k99_1590_1	562	324
k99_1590_2	562	271
k99_1590_3	562	455
k99_2771_1	562	695
k99_2771_2	543	64
k99_2053_1	1547	340
k99_2053_2	1547	518
k99_2053_3	3025755	807
k99_2053_4	1547	60
k99_2053_5	1547	96
k99_303_1	543	813
k99_303_2	562	909
k99_303_3	562	595
k99_303_4	562	304
k99_303_5	562	481
k99_303_6	562	333
k99_303_7	562	649
k99_303_8	562	373
k99_466_1	1236	193
k99_466_3	543	281
k99_467_1	818	795
k99_307_1	3025755	162
k99_307_2	1547	460
k99_307_3	1547	621
k99_307_4	1547	642
k99_307_5	1547	51
k99_1324_1	572511	587
k99_1324_2	572511	337
k99_1324_3	186803	300
k99_1324_4	572511	295
k99_1324_5	572511	808
k99_1324_6	33035	2080
k99_1324_7	33035	420
k99_1324_8	572511	924
k99_1324_9	186803	147
k99_1324_10	33035	382
k99_1324_11	572511	661
k99_1324_12	572511	204
k99_1324_13	1532	773
k99_1324_14	572511	1153
k99_1324_15	572511	612
k99_1324_16	572511	1397
k99_1324_17	572511	344
k99_1324_18	572511	609
k99_1324_19	572511	334
k99_1324_20	572511	609
k99_1324_21	572511	384
k99_1324_22	186803	229
k99_1324_23	572511	236
k99_1324_24	33035	91
k99_909_1	2810280	321
k99_909_2	1547	513
k99_63_1	543	428
k99_1890_1	1547	192
k99_1890_2	1547	334
k99_1890_3	1547	285
k99_1890_4	1547	993
k99_1890_5	1547	491
k99_1890_6	1547	563
k99_1890_7	3025755	686
k99_1890_8	1239	397
k99_1890_9	1239	877
k99_1890_10	1547	276
k99_1890_11	1547	1250
k99_1890_12	1547	345
k99_1890_13	1547	1135
k99_1890_14	1547	119
k99_1890_15	1547	120
k99_1890_16	1547	271
k99_1890_17	1547	650
k99_1890_18	1547	538
k99_1890_19	1547	1032
k99_1890_20	1547	531
k99_1890_21	1547	182
k99_1890_22	1547	836
k99_1890_23	1547	1036
k99_1890_24	1547	298
k99_1890_25	1547	833
k99_1890_26	1547	712
k99_1890_27	1547	293
k99_1890_28	1547	832
k99_1890_29	1547	932
k99_1890_30	1547	446
k99_1890_31	1547	471
k99_1890_32	1547	565
k99_1890_33	3025755	496
k99_1890_34	1547	580
k99_1890_35	3025755	390
k99_1890_36	1547	120
k99_1890_37	1547	992
k99_1890_38	1547	1026
k99_1890_39	1547	509
k99_1890_40	1547	171
k99_2779_1	562	68
k99_2779_2	562	815
k99_2779_3	562	2264
k99_2779_4	562	597
k99_914_1	186801	442
k99_2484_1	1547	235
k99_2484_2	1547	135
k99_2193_1	562	1053
k99_2193_2	562	499
k99_2193_3	562	445
k99_2193_4	562	133
k99_1189_1	1532	584
k99_1189_2	33035	847
k99_1189_3	33035	441
k99_1189_4	572511	253
k99_1191_1	562	770
k99_2194_1	818	145
k99_2194_2	818	535
k99_2194_3	818	395
k99_2194_4	818	141
k99_2194_5	816	236
k99_2194_6	818	1067
k99_470_1	1547	59
k99_470_2	1547	1797
k99_470_3	1547	110
k99_470_4	1547	84
k99_470_5	1547	243
k99_470_6	1547	435
k99_470_7	1547	527
k99_470_8	1547	335
k99_470_9	1547	372
k99_470_10	1547	499
k99_470_11	1547	368
k99_470_12	1547	479
k99_470_13	1547	219
k99_470_14	1547	202
k99_470_15	3025755	186
k99_205_1	572511	401
k99_205_2	33035	348
k99_205_3	572511	719
k99_205_4	572511	490
k99_205_5	572511	320
k99_205_6	572511	445
k99_205_7	572511	942
k99_205_8	572511	139
k99_205_9	33035	271
k99_205_10	572511	672
k99_205_11	572511	269
k99_205_12	33035	707
k99_205_13	572511	166
k99_205_14	33035	500
k99_205_15	572511	1875
k99_205_16	572511	346
k99_205_17	572511	544
k99_205_18	572511	644
k99_205_19	572511	459
k99_205_20	33035	1042
k99_205_21	572511	805
k99_205_22	572511	856
k99_205_23	572511	657
k99_205_24	572511	1373
k99_205_25	572511	1734
k99_205_26	572511	955
k99_205_27	572511	137
k99_205_28	572511	530
k99_205_29	572511	313
k99_205_30	572511	778
k99_205_31	33035	321
k99_205_32	33035	633
k99_205_33	572511	773
k99_205_34	572511	469
k99_205_35	572511	117
k99_205_36	572511	838
k99_205_37	33035	474
k99_205_38	572511	102
k99_205_39	572511	748
k99_205_40	572511	491
k99_205_41	33035	282
k99_205_42	33035	409
k99_205_43	572511	265
k99_205_44	572511	816
k99_205_45	572511	187
k99_205_46	572511	375
k99_205_47	1532	222
k99_1772_1	1547	535
k99_1772_2	1547	746
k99_1772_3	1547	243
k99_1772_4	1547	545
k99_1772_5	69824	427
k99_1772_6	1547	496
k99_1772_7	1547	311
k99_1462_1	341220	353
k99_1462_2	186803	3299
k99_1462_3	186803	645
k99_1462_4	186803	806
k99_1462_5	33035	254
k99_1462_6	33035	184
k99_1462_7	186803	612
k99_1462_8	186803	402
k99_1462_9	2606633	47
k99_1462_10	33035	378
k99_1462_11	33035	617
k99_1462_12	33035	329
k99_1462_13	33035	1847
k99_1462_14	186803	557
k99_1462_15	33035	837
k99_1462_16	33035	127
k99_1462_17	33035	823
k99_1462_18	33035	777
k99_1462_19	33035	692
k99_1462_20	33035	975
k99_1462_21	33035	161
k99_1462_22	33035	939
k99_1462_23	33035	212
k99_1462_24	572511	47
k99_1462_25	572511	762
k99_1462_26	1532	479
k99_1462_27	572511	754
k99_1462_28	572511	681
k99_1462_29	572511	343
k99_1462_30	1532	420
k99_1462_31	33035	318
k99_1462_32	572511	248
k99_70_1	186801	608
k99_936_1	562	349
k99_938_1	818	118
k99_938_2	818	196
k99_208_1	572511	697
k99_208_2	572511	869
k99_208_3	1532	1046
k99_208_4	572511	602
k99_208_5	33035	976
k99_208_6	572511	462
k99_208_7	572511	820
k99_1774_1	562	118
k99_1774_2	562	699
k99_1774_3	562	634
k99_1774_4	561	615
k99_1774_5	543	159
k99_942_1	562	646
k99_1777_1	562	386
k99_1777_2	562	627
k99_1777_3	562	386
k99_944_1	105841	146
k99_944_2	207244	123
k99_2059_1	562	433
k99_2059_2	562	834
k99_2059_3	562	487
k99_2059_4	543	484
k99_737_1	562	997
k99_737_2	562	147
k99_737_3	562	423
k99_2199_1	572511	771
k99_2199_2	572511	586
k99_2199_3	572511	1955
k99_2199_4	572511	466
k99_2060_1	1547	513
k99_2060_2	1547	958
k99_2060_3	1547	1409
k99_2060_4	1547	448
k99_2060_5	1547	662
k99_2060_6	3025755	602
k99_2060_7	1547	89
k99_950_1	562	766
k99_950_2	562	370
k99_1214_1	562	872
k99_2063_1	105841	358
k99_1787_1	1547	565
k99_1787_2	1547	787
k99_1787_3	1547	96
k99_955_1	562	858
k99_955_2	543	445
k99_955_3	562	780
k99_956_1	1547	451
k99_956_2	1547	587
k99_956_3	1547	124
k99_2200_1	572511	645
k99_2200_2	572511	770
k99_2200_3	572511	471
k99_2200_4	572511	391
k99_2200_5	572511	1295
k99_2200_6	572511	692
k99_2200_7	572511	2117
k99_2200_8	572511	981
k99_2200_9	572511	330
k99_2200_10	572511	864
k99_2200_11	572511	428
k99_2200_12	572511	109
k99_2200_13	572511	352
k99_2200_14	572511	457
k99_2200_15	572511	798
k99_2200_16	572511	574
k99_2200_17	33035	1255
k99_2200_18	33035	220
k99_2200_19	572511	539
k99_2335_1	562	358
k99_2335_2	562	409
k99_2335_3	562	104
k99_2335_4	562	373
k99_2335_5	562	764
k99_2335_6	543	1707
k99_2335_7	562	223
k99_2335_8	562	542
k99_2335_9	562	897
k99_2335_10	562	116
k99_2335_11	562	862
k99_2335_12	562	697
k99_2335_13	562	571
k99_2335_14	562	545
k99_2335_15	562	489
k99_2335_17	562	691
k99_2335_18	562	806
k99_2335_19	562	231
k99_2335_20	562	584
k99_2335_21	562	820
k99_2335_22	562	775
k99_2335_23	562	242
k99_2335_24	562	597
k99_2335_25	543	665
k99_2335_26	562	504
k99_2335_27	543	444
k99_2335_28	562	565
k99_2335_29	562	627
k99_2335_30	562	707
k99_2335_31	543	333
k99_2335_32	562	762
k99_2335_33	562	281
k99_2335_34	562	288
k99_2335_35	562	319
k99_2335_36	562	523
k99_2335_37	562	1691
k99_2335_38	562	368
k99_2335_39	562	1415
k99_2335_40	562	462
k99_2335_41	561	252
k99_2335_42	562	589
k99_2335_43	562	1113
k99_2335_44	562	1105
k99_2335_45	562	883
k99_2335_46	543	472
k99_2335_47	562	320
k99_2335_48	562	1496
k99_2335_49	562	150
k99_2335_50	562	1483
k99_2335_51	562	159
k99_2335_52	562	584
k99_2335_53	562	523
k99_2335_54	562	463
k99_2335_55	543	384
k99_2335_56	562	810
k99_2335_57	562	380
k99_1468_1	562	410
k99_1468_2	562	1637
k99_1468_3	562	1121
k99_1468_4	561	867
k99_1468_5	562	741
k99_1468_6	562	1346
k99_1468_7	562	432
k99_1468_8	543	1371
k99_1468_9	543	167
k99_1468_10	561	407
k99_1468_11	562	609
k99_2068_1	2810280	91
k99_2068_2	1547	1219
k99_2068_3	1547	869
k99_2068_4	1547	282
k99_2068_5	1547	298
k99_2068_6	1547	645
k99_2068_7	1547	974
k99_2068_8	1547	129
k99_2068_9	1547	69
k99_2068_10	1547	331
k99_2068_11	1547	508
k99_2068_12	1547	640
k99_2068_13	1547	1020
k99_2068_14	1547	490
k99_960_1	1547	394
k99_960_2	1547	785
k99_960_3	1547	521
k99_960_4	1547	532
k99_960_5	1547	234
k99_960_6	1547	1238
k99_960_7	1547	368
k99_960_8	1547	201
k99_960_9	1547	214
k99_960_10	1547	878
k99_960_11	1547	355
k99_960_12	1547	629
k99_960_13	1547	733
k99_960_14	1547	496
k99_960_15	1547	554
k99_960_16	1547	391
k99_2519_1	1547	553
k99_2519_2	1547	214
k99_2519_3	1547	162
k99_2519_4	1547	421
k99_2519_5	1547	337
k99_2519_6	1547	1215
k99_2519_7	1547	462
k99_2519_8	1547	72
k99_337_1	562	70
k99_337_2	562	292
k99_337_3	562	533
k99_219_1	207244	579
k99_1600_1	562	289
k99_1600_2	562	239
k99_2528_1	562	384
k99_2534_1	562	415
k99_2534_2	562	173
k99_2534_3	562	267
k99_2534_4	562	576
k99_2072_1	207244	241
k99_2072_2	105841	77
k99_598_1	543	563
k99_598_2	562	335
k99_598_3	562	590
k99_2076_1	562	583
k99_2076_2	562	298
k99_2076_3	561	90
k99_2076_4	562	1058
k99_2076_5	562	340
k99_2076_6	562	551
k99_2076_7	561	322
k99_2076_8	543	350
k99_223_1	562	210
k99_223_2	543	885
k99_223_3	562	251
k99_223_4	562	776
k99_223_5	562	428
k99_223_6	562	788
k99_223_7	562	469
k99_1612_1	562	803
k99_1612_2	562	79
k99_1612_3	562	682
k99_1612_4	543	857
k99_1612_5	562	218
k99_1612_6	562	218
k99_1612_7	562	378
k99_1612_8	562	496
k99_1612_9	562	194
k99_1612_10	562	1176
k99_1614_1	186803	582
k99_1330_1	562	139
k99_1330_2	543	509
k99_1330_3	562	795
k99_1330_4	562	757
k99_1330_5	543	544
k99_1330_6	562	1228
k99_1330_7	562	80
k99_1330_8	561	1146
k99_1330_9	562	980
k99_1330_10	562	205
k99_1330_11	543	308
k99_1330_12	543	368
k99_1330_13	562	221
k99_1330_14	562	515
k99_1330_15	562	352
k99_1330_16	543	1080
k99_1330_17	562	340
k99_1330_18	562	142
k99_1330_19	562	838
k99_1330_20	562	1498
k99_1330_21	562	177
k99_1330_22	562	446
k99_1330_23	562	1737
k99_1330_24	562	367
k99_1330_25	562	1274
k99_1330_26	562	638
k99_2347_1	543	192
k99_2347_2	562	319
k99_1333_1	572511	350
k99_1333_2	572511	420
k99_1333_3	572511	596
k99_1333_4	572511	541
k99_1333_5	572511	561
k99_1915_1	818	424
k99_1915_2	818	389
k99_1915_3	818	581
k99_1915_4	818	1366
k99_1915_5	818	2061
k99_1915_6	818	901
k99_1915_7	818	2710
k99_1915_8	818	1511
k99_1915_9	818	572
k99_1915_10	816	158
k99_1915_11	816	844
k99_1915_12	816	306
k99_1915_13	818	578
k99_1915_14	818	434
k99_1915_15	818	333
k99_1915_16	818	958
k99_1915_17	816	360
k99_1915_18	818	466
k99_1915_19	818	492
k99_1915_20	818	983
k99_1915_21	818	855
k99_1915_22	816	360
k99_1915_23	818	1321
k99_1915_24	818	1001
k99_1915_25	818	647
k99_1915_26	818	379
k99_1915_27	818	320
k99_1915_28	818	426
k99_1915_29	818	152
k99_1915_30	818	784
k99_1915_31	818	374
k99_1915_32	818	990
k99_1915_33	818	2034
k99_1915_34	818	1260
k99_1915_35	818	2062
k99_1915_36	816	239
k99_1915_37	816	258
k99_1915_38	818	548
k99_1915_39	818	60
k99_1915_40	818	244
k99_1915_41	818	538
k99_1915_42	818	787
k99_1915_43	818	1449
k99_1915_44	818	903
k99_1334_1	562	80
k99_1334_2	562	283
k99_1334_3	562	440
k99_1334_4	562	759
k99_1334_5	562	764
k99_1334_6	562	383
k99_1334_7	562	585
k99_1334_8	562	605
k99_1621_1	1547	166
k99_1621_2	1547	298
k99_1621_3	1547	381
k99_1621_4	1547	522
k99_1621_5	1547	251
k99_1621_6	1547	629
k99_1621_7	1547	466
k99_1621_8	1547	455
k99_1621_9	1547	471
k99_1621_10	1547	734
k99_1621_11	1547	857
k99_1621_12	1547	166
k99_1621_13	1547	399
k99_1621_14	1547	722
k99_1621_15	1547	429
k99_1621_16	1547	583
k99_1621_17	1547	761
k99_1621_18	1547	1477
k99_1621_19	1547	458
k99_1621_20	1547	479
k99_1621_21	1547	565
k99_1621_22	1547	87
k99_497_1	33035	134
k99_497_2	1532	258
k99_497_3	572511	615
k99_497_4	33035	751
k99_497_5	186803	202
k99_497_6	572511	415
k99_497_7	572511	388
k99_497_8	572511	191
k99_497_9	572511	556
k99_497_10	186803	190
k99_497_11	572511	249
k99_497_12	572511	428
k99_497_13	186803	296
k99_497_14	572511	127
k99_497_15	572511	164
k99_497_16	186803	237
k99_497_17	572511	202
k99_497_18	572511	354
k99_497_19	186803	100
k99_497_20	572511	261
k99_497_21	572511	346
k99_497_22	572511	231
k99_497_23	572511	324
k99_497_24	572511	114
k99_497_25	572511	276
k99_497_26	572511	796
k99_497_27	572511	435
k99_497_28	572511	505
k99_497_29	33035	177
k99_497_30	186803	84
k99_345_1	562	622
k99_345_2	562	298
k99_964_1	572511	332
k99_964_2	572511	650
k99_964_3	572511	234
k99_964_4	572511	1083
k99_964_5	572511	577
k99_964_6	572511	578
k99_964_7	572511	654
k99_964_8	572511	644
k99_964_9	572511	963
k99_964_10	572511	1632
k99_964_11	572511	685
k99_964_12	572511	422
k99_964_13	572511	1294
k99_964_14	572511	715
k99_964_15	572511	715
k99_964_16	572511	706
k99_964_17	572511	437
k99_964_18	572511	1033
k99_964_19	572511	677
k99_964_20	572511	660
k99_964_21	572511	353
k99_964_22	186803	654
k99_964_23	572511	881
k99_964_24	572511	295
k99_964_25	572511	157
k99_964_26	33035	276
k99_964_27	572511	1141
k99_964_28	572511	795
k99_964_29	572511	685
k99_964_30	572511	778
k99_964_31	572511	1325
k99_964_32	572511	1087
k99_964_33	572511	2975
k99_964_34	572511	993
k99_964_35	572511	851
k99_964_37	572511	1214
k99_606_1	2810280	247
k99_606_2	1547	1265
k99_606_3	1547	302
k99_606_4	69824	195
k99_606_5	3025755	701
k99_606_6	1547	1821
k99_1798_1	572511	1067
k99_1798_2	572511	1184
k99_1798_3	572511	632
k99_1798_4	572511	778
k99_1798_5	572511	929
k99_1798_6	572511	332
k99_1798_7	572511	884
k99_1798_8	33035	284
k99_1798_9	33035	576
k99_1798_10	33035	90
k99_1798_11	572511	408
k99_1798_12	572511	701
k99_1798_13	572511	759
k99_1798_14	1532	1179
k99_1798_15	572511	698
k99_1798_16	33035	220
k99_1798_17	572511	696
k99_1798_18	572511	246
k99_1798_19	186803	1052
k99_1798_20	572511	430
k99_1798_21	33035	194
k99_1798_22	572511	87
k99_1798_23	572511	894
k99_1798_24	572511	788
k99_1798_25	572511	187
k99_1798_26	572511	501
k99_1798_27	572511	740
k99_1798_28	572511	639
k99_1798_29	572511	1377
k99_1798_30	572511	1756
k99_1798_31	572511	286
k99_1798_32	33035	231
k99_1798_33	572511	123
k99_1798_34	572511	1188
k99_1798_35	572511	1759
k99_2081_1	562	821
k99_2081_2	562	402
k99_2081_3	562	311
k99_2081_4	562	241
k99_2081_5	562	590
k99_2081_6	562	186
k99_2081_7	562	769
k99_2081_8	562	654
k99_2081_9	562	1353
k99_2081_10	562	246
k99_2081_11	562	89
k99_2081_12	562	1649
k99_2081_13	562	454
k99_2081_14	562	478
k99_2081_15	562	564
k99_2081_16	562	752
k99_2081_17	562	424
k99_2081_18	562	538
k99_2081_19	562	821
k99_2081_20	543	624
k99_2081_21	562	645
k99_2081_22	562	412
k99_2081_23	562	516
k99_2081_24	562	697
k99_2081_25	543	320
k99_2081_26	562	481
k99_2081_27	562	204
k99_2081_28	562	208
k99_2081_29	562	402
k99_2081_30	562	934
k99_2081_31	543	618
k99_2081_32	562	695
k99_2081_33	562	188
k99_2081_34	562	601
k99_2081_35	562	405
k99_2081_36	562	462
k99_2081_37	562	711
k99_2081_38	562	325
k99_2081_39	562	1030
k99_2081_40	562	380
k99_2081_41	562	550
k99_608_1	562	577
k99_608_2	562	171
k99_965_1	1547	524
k99_965_2	1547	599
k99_965_3	1547	335
k99_965_4	1547	757
k99_965_5	1547	201
k99_965_6	1547	414
k99_965_7	1547	631
k99_965_8	1547	1025
k99_968_1	543	63
k99_968_2	562	182
k99_968_3	562	758
k99_968_4	562	706
k99_968_5	543	617
k99_968_6	562	974
k99_968_7	562	380
k99_2085_1	1547	856
k99_2085_2	1547	833
k99_2085_3	1547	83
k99_2085_4	1547	1376
k99_2085_5	1547	330
k99_2085_6	1547	201
k99_2085_7	1547	1031
k99_2085_8	1547	1103
k99_2085_9	1547	232
k99_2085_10	1547	835
k99_2611_1	1547	85
k99_2611_2	3025755	829
k99_2611_3	1547	505
k99_2611_4	1547	558
k99_2611_5	1547	601
k99_2611_6	1547	144
k99_1930_1	562	1040
k99_1930_2	562	487
k99_1336_1	1547	526
k99_1336_2	1547	551
k99_1336_3	1547	934
k99_1336_4	1547	405
k99_1336_5	1547	458
k99_1336_6	1547	231
k99_1336_7	1547	239
k99_1336_8	1547	682
k99_1336_9	3025755	785
k99_1336_10	1547	545
k99_1336_11	1547	480
k99_1336_12	1547	327
k99_1336_13	3025755	560
k99_1336_14	1547	920
k99_1336_15	1547	885
k99_1336_16	3025755	390
k99_1336_17	1547	363
k99_1336_18	1547	570
k99_1336_19	1547	719
k99_1336_20	3025755	434
k99_1336_21	1547	1060
k99_1336_22	1547	161
k99_1336_23	1547	1097
k99_1336_24	1547	2637
k99_1336_25	1547	1149
k99_1336_26	1547	898
k99_1336_27	1547	810
k99_1336_28	1547	358
k99_1336_29	1547	195
k99_1336_30	1547	187
k99_1336_31	1547	154
k99_1336_32	1547	535
k99_1336_33	1547	540
k99_1336_34	1547	547
k99_1336_35	1547	453
k99_1336_36	1547	87
k99_1336_37	1547	771
k99_1336_38	1547	242
k99_1336_39	1547	1224
k99_1336_40	1547	251
k99_1336_41	3025755	288
k99_1336_42	3025755	684
k99_1336_43	1547	728
k99_1336_44	1547	974
k99_1336_45	1547	526
k99_1336_46	1547	336
k99_1336_47	1547	102
k99_1336_48	2678885	63
k99_1624_1	562	1340
k99_1624_2	562	1894
k99_1624_3	561	449
k99_1624_4	562	48
k99_1624_5	562	409
k99_1624_6	562	534
k99_1624_7	562	1615
k99_1624_8	562	816
k99_1624_9	562	652
k99_1624_10	562	538
k99_1624_11	562	255
k99_1624_12	562	589
k99_1624_13	562	408
k99_1624_14	562	1152
k99_1624_15	562	379
k99_1624_16	562	875
k99_1624_17	562	203
k99_1624_18	562	824
k99_1624_19	562	607
k99_1624_20	562	474
k99_1624_21	562	1018
k99_1624_22	562	769
k99_1624_23	562	839
k99_1624_24	562	1058
k99_1624_25	562	515
k99_1624_26	562	395
k99_1624_27	562	263
k99_1624_28	543	2086
k99_1624_29	543	771
k99_1624_30	562	523
k99_1624_31	562	611
k99_1624_32	562	619
k99_1624_33	562	295
k99_1624_34	562	332
k99_1624_35	562	1922
k99_1624_36	562	619
k99_1624_37	543	156
k99_244_1	1547	1086
k99_244_2	1547	1436
k99_244_3	1547	350
k99_244_4	3025755	437
k99_2088_1	105841	149
k99_2088_2	207244	173
k99_978_1	562	1457
k99_978_2	562	727
k99_978_3	562	494
k99_978_4	562	394
k99_978_5	561	896
k99_1343_1	562	67
k99_1343_2	562	798
k99_1343_3	562	921
k99_1343_4	562	279
k99_1343_5	562	123
k99_1343_6	562	118
k99_1343_7	562	1306
k99_1343_8	562	359
k99_1343_9	562	180
k99_980_1	1239	106
k99_980_2	1547	186
k99_983_1	562	392
k99_1346_1	543	62
k99_1346_2	562	691
k99_246_1	1547	1356
k99_358_1	572511	1236
k99_358_2	572511	514
k99_358_3	572511	649
k99_1348_1	543	1620
k99_363_1	1547	258
k99_2623_1	1547	756
k99_2623_2	1547	84
k99_2368_1	1547	595
k99_2368_2	1547	218
k99_2368_3	1547	196
k99_1636_1	816	734
k99_1636_2	816	1175
k99_1636_3	818	936
k99_1636_4	816	1092
k99_1636_5	818	1254
k99_1636_6	816	747
k99_1636_7	816	594
k99_987_1	572511	196
k99_987_2	572511	642
k99_987_3	33035	43
k99_987_4	572511	461
k99_987_5	572511	441
k99_987_6	572511	1194
k99_987_7	572511	1271
k99_987_8	33035	143
k99_987_9	572511	791
k99_987_10	572511	1453
k99_987_11	572511	809
k99_987_12	572511	557
k99_987_13	572511	651
k99_987_14	572511	1061
k99_987_15	572511	604
k99_987_16	572511	120
k99_987_17	33035	323
k99_987_18	572511	988
k99_987_19	572511	981
k99_987_20	572511	1895
k99_987_21	572511	455
k99_987_22	572511	272
k99_987_23	572511	1361
k99_987_24	572511	530
k99_987_25	572511	568
k99_987_26	572511	859
k99_987_27	572511	603
k99_987_28	572511	554
k99_987_29	33035	758
k99_987_30	572511	497
k99_987_31	572511	339
k99_2101_1	105841	295
k99_1804_1	543	54
k99_1804_2	562	201
k99_1804_3	562	1140
k99_1804_4	562	261
k99_1804_5	562	511
k99_1804_6	562	701
k99_1804_7	562	540
k99_1804_8	561	567
k99_1804_9	562	893
k99_1804_10	561	461
k99_1804_11	543	505
k99_1804_12	543	796
k99_1804_13	543	572
k99_1804_14	562	733
k99_1804_15	562	258
k99_1804_16	543	728
k99_1804_17	543	283
k99_1948_1	543	105
k99_1948_2	562	287
k99_1948_3	562	407
k99_1948_4	562	113
k99_1638_1	562	356
k99_1058_1	457387	87
k99_1058_2	816	804
k99_1058_3	818	257
k99_1058_4	674529	445
k99_1058_5	816	528
k99_1058_6	816	980
k99_1058_7	818	765
k99_1058_8	818	680
k99_1058_9	816	844
k99_1058_10	816	347
k99_1058_11	816	404
k99_1058_12	674529	63
k99_1058_13	818	654
k99_1058_14	818	446
k99_1058_15	818	438
k99_1058_16	816	502
k99_1058_17	816	558
k99_1058_18	816	757
k99_1058_19	818	524
k99_1058_20	816	1192
k99_1058_21	816	857
k99_1058_22	816	425
k99_1058_23	818	601
k99_1058_24	816	329
k99_1058_25	816	359
k99_1058_26	816	319
k99_1058_27	818	456
k99_1058_28	818	625
k99_1058_29	818	864
k99_1058_30	818	983
k99_1058_31	816	241
k99_1058_32	818	226
k99_1058_33	818	92
k99_1058_34	818	377
k99_1058_35	818	709
k99_1058_36	818	552
k99_1058_37	818	864
k99_1058_38	818	726
k99_1058_39	818	686
k99_1058_40	818	722
k99_1058_41	818	608
k99_1058_42	818	704
k99_1058_43	818	585
k99_1058_44	818	595
k99_1058_45	818	307
k99_1058_46	818	761
k99_1058_47	818	543
k99_1058_48	818	776
k99_1058_49	818	691
k99_1058_50	818	957
k99_1058_51	818	695
k99_1058_52	818	207
k99_1256_1	572511	238
k99_1256_2	572511	1500
k99_1256_3	1532	866
k99_1256_4	572511	552
k99_1256_5	572511	605
k99_1256_6	572511	1519
k99_1256_7	33035	251
k99_1256_8	572511	479
k99_1256_9	572511	479
k99_1256_10	572511	702
k99_1256_11	572511	748
k99_1256_12	572511	2081
k99_1256_13	572511	1525
k99_1256_14	572511	318
k99_1256_15	572511	582
k99_1256_16	572511	882
k99_1256_17	572511	396
k99_1256_18	33035	179
k99_1256_19	572511	1491
k99_1256_20	572511	506
k99_1256_21	33035	446
k99_1256_22	572511	809
k99_1256_23	1532	723
k99_1256_24	572511	843
k99_1256_25	572511	1044
k99_1256_26	33035	472
k99_1256_27	572511	443
k99_1256_28	572511	1805
k99_1256_29	33035	231
k99_1256_30	572511	712
k99_1256_31	572511	481
k99_1256_32	1532	306
k99_1256_33	572511	569
k99_1256_34	572511	657
k99_1256_35	1532	182
k99_1256_36	572511	573
k99_1256_37	572511	528
k99_1256_38	572511	770
k99_1256_39	572511	589
k99_1256_40	572511	236
k99_1256_41	572511	693
k99_1256_43	572511	672
k99_1256_44	572511	546
k99_1256_45	572511	895
k99_1256_46	33035	650
k99_1256_47	33035	388
k99_1256_48	572511	224
k99_1256_49	572511	704
k99_1256_50	572511	945
k99_1256_51	33035	145
k99_1256_52	572511	998
k99_1256_53	33035	597
k99_1256_54	572511	937
k99_254_1	1547	144
k99_254_2	1547	999
k99_254_3	1547	105
k99_1353_1	1547	1515
k99_1353_2	1547	474
k99_1353_3	1547	134
k99_1353_4	1547	514
k99_1353_5	1547	697
k99_1353_6	1547	2281
k99_1353_7	1547	1051
k99_1353_8	1547	840
k99_1353_9	1547	1238
k99_1353_10	1547	112
k99_1641_1	186801	214
k99_1641_2	186801	338
k99_1641_3	1912855	233
k99_1641_4	186802	1258
k99_2208_1	562	194
k99_2208_2	562	640
k99_2208_3	562	544
k99_2208_4	562	470
k99_2208_5	562	635
k99_2208_6	562	442
k99_2208_7	561	505
k99_2208_8	562	536
k99_2210_1	3025755	438
k99_367_1	3025755	242
k99_367_2	1547	380
k99_367_3	69824	838
k99_367_4	1547	2472
k99_367_5	3025755	924
k99_367_6	1547	542
k99_367_7	1547	559
k99_2628_1	572511	218
k99_2628_2	186803	196
k99_2628_3	1532	631
k99_2214_1	33035	134
k99_2214_2	186803	407
k99_2214_3	572511	207
k99_1953_1	105841	342
k99_1004_1	561	455
k99_1004_2	562	971
k99_371_1	562	638
k99_371_2	543	561
k99_371_3	562	307
k99_371_4	543	641
k99_2384_1	105841	394
k99_1268_1	207244	309
k99_2637_1	562	130
k99_2637_2	562	277
k99_2637_3	562	964
k99_2637_4	562	523
k99_1269_1	543	350
k99_1476_1	186803	93
k99_1476_2	572511	456
k99_1476_3	1532	1281
k99_1476_4	33035	495
k99_1476_5	33035	403
k99_1476_6	572511	632
k99_1476_7	572511	360
k99_1476_8	572511	375
k99_1476_9	33035	1082
k99_1476_10	572511	480
k99_1476_11	33035	402
k99_1476_12	572511	511
k99_1476_13	33035	195
k99_1476_14	572511	517
k99_1476_15	572511	866
k99_1476_16	572511	449
k99_1476_17	572511	654
k99_1476_18	572511	490
k99_1476_19	572511	1199
k99_1476_20	572511	840
k99_1476_21	572511	315
k99_1476_22	33035	745
k99_1476_23	572511	223
k99_1476_24	572511	292
k99_1476_25	572511	927
k99_1476_26	572511	902
k99_1476_27	572511	554
k99_1476_28	572511	416
k99_1476_29	572511	924
k99_1476_30	33035	194
k99_1476_31	572511	399
k99_1476_32	572511	409
k99_1476_33	572511	439
k99_1476_34	33035	176
k99_1476_35	572511	671
k99_1476_36	572511	311
k99_1476_37	572511	601
k99_1476_38	572511	412
k99_1476_39	572511	671
k99_1476_40	572511	1015
k99_1476_41	572511	650
k99_1476_42	572511	1613
k99_1476_44	572511	679
k99_1476_45	572511	841
k99_1476_46	572511	795
k99_1476_47	572511	1004
k99_1476_48	572511	242
k99_1476_49	572511	322
k99_1476_50	572511	818
k99_1476_51	572511	268
k99_1476_52	572511	677
k99_1476_53	572511	332
k99_1476_54	572511	795
k99_1476_55	572511	793
k99_1476_56	33035	598
k99_1476_57	572511	421
k99_1476_58	572511	671
k99_1476_59	572511	565
k99_1476_60	572511	1483
k99_1476_61	572511	546
k99_1476_62	572511	1394
k99_1476_63	33035	181
k99_1476_64	33035	72
k99_1476_65	33035	476
k99_1476_66	572511	472
k99_1476_67	572511	456
k99_1476_68	572511	372
k99_1476_69	33035	528
k99_1476_70	572511	358
k99_1476_71	33035	129
k99_1476_72	1532	686
k99_1476_73	572511	305
k99_1476_74	572511	1283
k99_1476_75	1532	1667
k99_1476_76	572511	467
k99_1476_77	33035	587
k99_1476_78	572511	602
k99_1476_79	572511	452
k99_1476_80	572511	460
k99_1476_81	33035	633
k99_1476_82	1532	546
k99_1476_83	572511	481
k99_1476_84	572511	898
k99_1476_85	572511	1516
k99_1476_86	33035	442
k99_1007_1	562	247
k99_1007_2	562	165
k99_1007_3	562	136
k99_1007_4	562	157
k99_1007_5	562	826
k99_1007_6	562	630
k99_1007_7	562	887
k99_1007_8	562	57
k99_1007_9	562	659
k99_1007_10	562	714
k99_1958_1	818	1312
k99_1958_2	818	124
k99_1958_3	818	852
k99_1960_1	818	50
k99_1275_1	186801	177
k99_1275_2	1239	177
k99_2126_1	562	436
k99_2126_2	562	322
k99_2126_3	561	751
k99_2126_4	562	408
k99_2126_5	543	636
k99_2127_1	207244	548
k99_2127_2	105841	164
k99_1652_1	1547	1322
k99_2395_1	562	529
k99_2395_2	562	377
k99_2395_3	562	172
k99_1658_1	1547	608
k99_1280_1	572511	991
k99_1280_3	572511	738
k99_1280_4	572511	695
k99_1280_5	572511	749
k99_1280_6	1532	547
k99_1280_7	33035	265
k99_1280_8	572511	836
k99_1280_9	572511	389
k99_1280_10	572511	147
k99_1280_11	572511	872
k99_1280_12	572511	377
k99_1280_13	1532	342
k99_1280_14	572511	434
k99_1280_15	572511	236
k99_1280_16	572511	225
k99_1280_17	572511	1290
k99_1280_18	572511	1240
k99_1280_19	33035	1101
k99_1280_20	33035	286
k99_1280_21	572511	593
k99_1280_22	572511	991
k99_1280_23	572511	370
k99_2399_1	1547	489
k99_2399_2	1547	469
k99_2399_3	1547	291
k99_1975_1	69824	780
k99_1975_2	1547	135
k99_1493_1	543	773
k99_1493_2	562	132
k99_1663_1	1224	1115
k99_1663_2	562	711
k99_1663_3	562	940
k99_1663_4	562	221
k99_1663_5	562	900
k99_1663_6	561	1070
k99_1663_7	562	2274
k99_1663_8	562	600
k99_1663_9	562	640
k99_1663_10	562	147
k99_1663_11	543	1072
k99_2133_1	572511	501
k99_2133_2	1532	270
k99_2133_3	572511	549
k99_2133_4	33035	458
k99_2133_5	572511	407
k99_2133_6	33035	464
k99_2133_7	33035	500
k99_2133_8	572511	875
k99_2133_9	572511	728
k99_2133_10	572511	553
k99_2133_11	572511	1588
k99_2133_12	572511	928
k99_2133_13	572511	442
k99_2133_14	186802	185
k99_2133_15	572511	917
k99_1289_1	1547	350
k99_1289_2	1547	659
k99_1495_1	1547	512
k99_1495_2	1547	708
k99_1495_3	3025755	206
k99_1495_4	1547	1185
k99_1495_5	1547	353
k99_1496_1	3070215	209
k99_2405_1	572511	394
k99_2405_2	572511	198
k99_2405_3	572511	828
k99_2405_4	572511	124
k99_1295_1	572511	1007
k99_1295_2	572511	1776
k99_1295_3	572511	605
k99_1667_1	816	372
k99_758_1	1547	426
k99_758_2	2810280	82
k99_758_3	1547	214
k99_758_4	1547	558
k99_758_5	1547	389
k99_758_6	1547	348
k99_758_7	1547	197
k99_758_8	1547	234
k99_758_9	1547	768
k99_758_10	1547	751
k99_758_11	1547	571
k99_758_12	1547	905
k99_758_13	1547	971
k99_758_14	1547	479
k99_758_15	1547	491
k99_758_16	1547	311
k99_758_17	1547	468
k99_758_18	1547	810
k99_758_19	1547	1229
k99_758_20	1547	501
k99_2643_1	33035	220
k99_2643_2	33035	99
k99_2643_3	33035	112
k99_2643_4	572511	227
k99_1978_1	572511	1563
k99_1978_2	572511	471
k99_1978_3	572511	110
k99_1978_4	572511	483
k99_1978_5	572511	1132
k99_1978_6	572511	806
k99_1978_7	572511	481
k99_1978_8	572511	371
k99_1978_9	572511	1050
k99_1978_10	572511	426
k99_1978_11	33035	276
k99_1978_12	572511	228
k99_1978_13	572511	702
k99_1978_14	572511	236
k99_1978_15	572511	120
k99_1978_16	572511	319
k99_1978_17	572511	646
k99_1978_19	186803	355
k99_1978_20	572511	1338
k99_1978_21	572511	622
k99_1978_22	572511	218
k99_1978_23	572511	677
k99_1978_24	572511	400
k99_1978_25	572511	1233
k99_1978_26	572511	994
k99_1978_27	572511	1315
k99_1978_28	33035	415
k99_1978_29	572511	540
k99_1978_30	572511	582
k99_1978_31	572511	885
k99_1978_32	572511	240
k99_2222_1	562	107
k99_2222_2	562	160
k99_2415_1	562	385
k99_2415_2	562	953
k99_2415_3	562	513
k99_2415_4	543	362
k99_2415_5	562	976
k99_2415_6	562	860
k99_2415_7	562	85
k99_2572_1	1547	214
k99_2572_2	1547	550
k99_2572_3	1547	446
k99_2572_4	1547	429
k99_2572_5	1547	501
k99_2572_6	1547	607
k99_2572_7	1547	540
k99_2572_8	1547	311
k99_2572_9	1547	226
k99_2572_10	1547	229
k99_2572_11	1547	361
k99_2573_1	105841	362
k99_2573_2	207244	370
k99_2417_1	543	251
k99_2417_2	562	602
k99_2417_3	562	340
k99_2417_4	562	1160
k99_516_1	562	1226
k99_516_2	562	165
k99_516_3	562	612
k99_516_4	562	565
k99_516_5	562	776
k99_516_6	562	619
k99_516_7	562	427
k99_516_8	562	785
k99_516_9	562	450
k99_516_10	562	271
k99_516_11	562	580
k99_516_12	562	313
k99_516_13	562	698
k99_516_14	543	102
k99_516_15	562	237
k99_516_16	562	286
k99_516_17	562	202
k99_516_18	562	759
k99_516_19	562	357
k99_386_1	1547	817
k99_386_2	1547	351
k99_386_3	1547	209
k99_386_4	1547	792
k99_386_5	1547	550
k99_386_6	1547	516
k99_386_7	1547	375
k99_386_8	1239	291
k99_386_9	1547	224
k99_386_10	1547	427
k99_386_11	1547	449
k99_386_12	1547	387
k99_386_13	1547	537
k99_386_14	1547	105
k99_386_15	1547	726
k99_386_16	1547	439
k99_386_17	3025755	196
k99_517_1	543	612
k99_1068_1	1547	667
k99_1068_2	1547	401
k99_1068_3	1547	415
k99_1068_4	1547	606
k99_1068_5	1547	790
k99_1068_6	1547	493
k99_1068_7	1547	353
k99_1068_8	1547	847
k99_1068_9	1547	662
k99_1068_10	1547	711
k99_1068_11	1547	271
k99_1068_12	1547	199
k99_1068_14	1547	132
k99_1068_15	1547	603
k99_1068_16	1547	329
k99_1068_17	1547	215
k99_518_1	572511	135
k99_518_2	572511	500
k99_518_3	33035	174
k99_518_4	33035	52
k99_518_5	1532	103
k99_518_6	572511	461
k99_2227_1	1547	514
k99_2227_2	1547	726
k99_2227_3	3025755	129
k99_2227_4	1547	1146
k99_2227_5	1547	654
k99_2422_1	562	262
k99_2422_2	562	410
k99_1506_1	1547	431
k99_1506_2	1547	463
k99_2583_1	562	1031
k99_2583_2	562	456
k99_2583_3	562	184
k99_2583_4	562	139
k99_2583_5	562	738
k99_2583_6	562	646
k99_2583_7	562	1505
k99_2583_8	562	301
k99_2583_9	562	804
k99_2583_10	562	442
k99_1997_1	562	421
k99_1997_2	562	482
k99_1360_1	562	150
k99_1360_2	562	192
k99_1360_3	562	273
k99_1360_4	562	133
k99_1360_5	562	302
k99_522_1	186803	311
k99_522_2	572511	939
k99_522_3	572511	527
k99_522_4	33035	517
k99_522_5	572511	962
k99_522_6	572511	617
k99_522_7	572511	278
k99_522_8	572511	310
k99_522_9	572511	369
k99_522_10	572511	273
k99_522_11	572511	154
k99_522_12	572511	206
k99_522_13	1532	1599
k99_522_14	572511	342
k99_1673_1	186803	1255
k99_393_1	562	565
k99_393_2	562	592
k99_393_3	562	232
k99_2787_1	816	389
k99_2787_2	815	132
k99_2787_3	816	689
k99_2787_4	816	574
k99_2787_5	816	855
k99_2787_6	816	493
k99_2787_7	816	462
k99_2787_8	816	506
k99_2787_9	816	157
k99_2787_10	816	848
k99_2787_11	816	432
k99_2787_12	816	808
k99_2787_13	816	1427
k99_2787_14	816	947
k99_2787_15	818	1007
k99_2787_16	818	556
k99_2787_17	816	891
k99_2787_18	818	920
k99_2787_19	818	202
k99_2787_20	818	1218
k99_2787_21	818	780
k99_2787_22	818	1724
k99_2787_23	818	2119
k99_2787_24	818	1313
k99_2787_25	818	464
k99_2787_26	818	1317
k99_2787_27	818	1575
k99_2787_28	818	1347
k99_2787_29	818	696
k99_2787_30	818	775
k99_2787_31	818	812
k99_2787_32	818	1451
k99_2787_33	816	735
k99_2787_34	816	2103
k99_2787_35	818	1353
k99_2787_36	818	509
k99_2787_37	818	351
k99_2787_38	816	891
k99_2787_39	818	664
k99_2787_40	816	948
k99_2787_41	816	336
k99_2787_42	816	311
k99_2787_43	816	243
k99_2787_44	816	523
k99_2787_45	816	624
k99_2787_46	818	232
k99_2787_47	818	384
k99_2787_48	818	730
k99_2787_49	816	441
k99_2787_50	818	416
k99_2787_51	816	318
k99_2787_52	818	687
k99_2787_53	818	580
k99_2787_54	818	735
k99_2787_55	818	892
k99_2787_56	818	775
k99_2787_57	816	122
k99_2787_58	816	700
k99_2787_59	818	395
k99_2787_60	816	578
k99_2787_61	816	712
k99_2787_62	815	563
k99_2787_63	818	1275
k99_2787_64	818	1211
k99_2787_65	818	242
k99_2787_66	818	157
k99_2787_67	818	375
k99_2787_68	816	822
k99_2787_69	816	771
k99_2787_70	816	603
k99_2787_71	816	875
k99_2787_72	816	62
k99_2787_73	818	882
k99_2787_74	818	984
k99_2787_75	816	690
k99_2787_76	818	1475
k99_2787_77	816	726
k99_2787_78	816	606
k99_2787_79	818	531
k99_2787_80	818	382
k99_2787_81	818	615
k99_2787_82	818	626
k99_2787_83	816	137
k99_2787_84	818	571
k99_2787_85	816	474
k99_2787_86	816	456
k99_2787_87	816	239
k99_2787_88	818	452
k99_2787_89	816	367
k99_2787_90	818	436
k99_2787_91	816	1362
k99_2787_92	816	308
k99_2787_93	816	582
k99_2787_94	816	367
k99_2787_95	818	859
k99_2787_96	816	491
k99_2787_97	818	295
k99_2787_98	816	392
k99_2787_99	818	1399
k99_2787_100	816	502
k99_2787_101	816	710
k99_2787_102	816	809
k99_2787_103	816	566
k99_2787_104	818	486
k99_2787_105	818	1249
k99_2787_106	816	1140
k99_2787_107	818	563
k99_2787_108	818	295
k99_2787_109	816	347
k99_2787_110	816	1158
k99_2787_111	818	622
k99_2787_112	816	429
k99_2787_113	818	1391
k99_2787_114	816	697
k99_2787_115	818	431
k99_2787_116	816	905
k99_2787_117	818	2591
k99_2787_118	818	2130
k99_2787_119	818	1332
k99_2787_120	818	942
k99_2787_121	818	924
k99_2787_122	818	971
k99_2787_123	818	2571
k99_2787_124	818	2137
k99_2787_125	816	1363
k99_2787_126	818	1034
k99_2787_127	818	845
k99_2787_128	816	1597
k99_2787_129	816	1622
k99_2787_130	818	542
k99_2787_131	818	1619
k99_2787_132	818	514
k99_2787_133	818	672
k99_2787_134	818	589
k99_2787_135	818	2711
k99_2787_136	818	272
k99_2787_137	818	367
k99_2787_138	818	373
k99_2787_139	816	829
k99_2787_140	818	67
k99_2787_141	818	571
k99_2787_142	818	88
k99_2787_143	818	711
k99_2787_144	818	257
k99_2787_145	818	1821
k99_2787_146	816	951
k99_2787_147	816	362
k99_2787_148	818	506
k99_2787_149	816	454
k99_2787_150	816	945
k99_2787_151	816	2229
k99_2787_152	816	1102
k99_2787_153	816	681
k99_2787_154	818	778
k99_2787_155	818	948
k99_2787_156	818	868
k99_2787_157	818	301
k99_2787_158	816	1582
k99_2787_160	818	1583
k99_2787_161	818	652
k99_2787_162	818	362
k99_2787_163	818	1547
k99_2787_164	816	1732
k99_2787_165	816	647
k99_2787_166	818	221
k99_2787_167	816	1473
k99_2787_168	818	864
k99_2787_169	818	578
k99_2787_170	816	558
k99_2787_172	818	543
k99_2787_173	818	753
k99_2787_174	818	532
k99_2787_175	818	547
k99_2787_176	818	1316
k99_2787_177	816	241
k99_2787_178	838	62
k99_2787_179	818	735
k99_2787_180	815	887
k99_2787_181	815	583
k99_2787_182	821	1031
k99_2787_183	816	2610
k99_2787_184	816	708
k99_2787_185	816	799
k99_2787_186	815	280
k99_2787_187	816	297
k99_2787_188	171549	210
k99_2787_189	171549	204
k99_2787_190	171549	251
k99_2787_191	815	799
k99_2787_192	171549	823
k99_2787_193	818	169
k99_2787_194	818	189
k99_2787_195	818	620
k99_2787_196	818	150
k99_2787_197	818	171
k99_2787_198	818	71
k99_2787_199	818	169
k99_2787_200	818	359
k99_2787_201	816	69
k99_2787_202	818	274
k99_2787_203	818	115
k99_2787_204	818	204
k99_2787_205	818	362
k99_2787_206	818	175
k99_2787_207	818	1239
k99_2787_208	818	2076
k99_2787_209	818	908
k99_2787_210	818	1131
k99_2787_211	816	738
k99_2787_212	816	531
k99_2787_213	818	656
k99_2787_214	816	963
k99_2787_215	816	61
k99_2787_216	818	1035
k99_2787_217	818	3789
k99_2787_218	816	728
k99_2787_219	816	712
k99_2787_220	818	2768
k99_2787_221	818	578
k99_2787_222	818	583
k99_2787_223	816	666
k99_2787_224	818	843
k99_2787_225	816	590
k99_2787_226	818	1816
k99_2787_227	818	741
k99_2787_228	818	1873
k99_2787_229	816	916
k99_2787_230	816	954
k99_2787_231	816	1261
k99_2787_232	816	193
k99_2787_233	816	309
k99_2787_234	816	308
k99_2787_235	816	718
k99_2787_236	816	1094
k99_2787_237	816	405
k99_2787_238	816	228
k99_2787_239	818	256
k99_2787_240	818	1025
k99_2787_241	818	337
k99_2787_242	818	145
k99_2787_243	818	1766
k99_2787_244	818	1616
k99_2787_245	818	2108
k99_2787_246	818	950
k99_2787_247	818	1895
k99_2787_248	818	587
k99_2787_249	818	477
k99_2787_250	818	1236
k99_2787_251	818	946
k99_2787_252	818	2081
k99_2787_253	818	1405
k99_2787_254	818	692
k99_2787_255	818	929
k99_2787_256	818	1252
k99_2787_257	818	306
k99_2787_258	818	706
k99_2787_259	818	2122
k99_2787_260	818	1213
k99_2787_261	818	2082
k99_2787_262	818	1353
k99_2787_263	818	1580
k99_2787_264	818	1491
k99_2787_265	818	794
k99_2787_266	818	1090
k99_2787_267	816	926
k99_2787_268	818	934
k99_2787_269	816	875
k99_2787_270	818	1295
k99_2787_271	818	671
k99_2787_272	818	1682
k99_2787_273	816	100
k99_2787_274	816	526
k99_2787_275	818	2212
k99_2787_276	816	993
k99_2787_277	816	88
k99_2787_278	816	615
k99_2787_279	816	890
k99_2787_280	818	832
k99_2787_281	818	617
k99_2787_282	818	1171
k99_2787_283	818	2949
k99_2787_284	818	67
k99_2787_285	818	826
k99_2787_286	818	1262
k99_2787_287	818	2119
k99_2787_288	818	986
k99_2787_289	818	1059
k99_2787_290	818	543
k99_2787_291	818	518
k99_2787_292	818	123
k99_2787_293	818	1168
k99_2787_294	818	1095
k99_2787_295	818	2304
k99_2787_296	818	1398
k99_2787_297	818	1009
k99_2787_298	818	2860
k99_2787_299	818	665
k99_2787_300	816	816
k99_2787_301	816	546
k99_2787_302	816	419
k99_2787_303	818	1600
k99_2787_304	816	1301
k99_2787_305	816	522
k99_2787_306	818	783
k99_2787_307	818	870
k99_2787_308	818	1325
k99_2787_309	818	2142
k99_2787_310	818	1245
k99_2787_311	818	2565
k99_2787_312	818	805
k99_2787_313	818	718
k99_2787_314	816	203
k99_2787_315	818	209
k99_2787_316	818	769
k99_2787_317	818	466
k99_2787_318	818	50
k99_1363_1	572511	103
k99_1363_2	572511	689
k99_1363_3	572511	819
k99_1363_4	572511	599
k99_1363_5	572511	1423
k99_1363_6	33035	616
k99_1363_7	572511	887
k99_1363_8	572511	440
k99_1363_9	572511	865
k99_1363_10	572511	647
k99_1363_11	572511	307
k99_1363_12	572511	806
k99_1363_13	33035	714
k99_1363_14	572511	524
k99_1363_15	33035	135
k99_1363_16	33035	117
k99_1363_17	572511	1071
k99_1363_18	33035	171
k99_1363_19	572511	187
k99_1363_20	572511	215
k99_1363_21	572511	402
k99_1512_1	572511	202
k99_1369_1	562	629
k99_1369_2	562	389
k99_1369_3	562	707
k99_1369_4	562	940
k99_1520_1	562	592
k99_1520_2	562	96
k99_535_1	105841	363
k99_1679_1	1547	338
k99_1679_2	1547	467
k99_1679_3	1547	1704
k99_1679_4	1547	394
k99_1679_5	1547	1253
k99_1679_6	1547	1088
k99_1679_7	1547	53
k99_1679_8	1547	472
k99_1679_9	1547	437
k99_1679_10	1547	534
k99_1679_11	1547	2192
k99_1679_13	1547	494
k99_1679_14	1547	318
k99_1679_15	1547	200
k99_1679_16	1547	540
k99_1679_17	1547	841
k99_1679_18	1547	813
k99_1679_19	1547	880
k99_1679_20	1547	204
k99_1679_21	1547	526
k99_1679_22	1547	428
k99_1679_23	1547	499
k99_1679_24	1547	146
k99_1679_25	1547	209
k99_398_1	572511	297
k99_398_2	572511	600
k99_398_3	572511	278
k99_398_4	1532	645
k99_398_5	572511	441
k99_398_6	572511	1295
k99_398_7	572511	498
k99_398_8	572511	746
k99_398_9	572511	871
k99_398_10	572511	1114
k99_398_11	572511	430
k99_1377_1	105841	259
k99_1377_2	207244	97
k99_1379_1	562	431
k99_1379_2	562	1169
k99_1383_1	562	332
k99_1383_2	562	610
k99_1383_3	562	580
k99_1682_1	543	359
k99_1682_2	543	1229
k99_1682_3	543	343
k99_1682_4	543	924
k99_1682_5	562	1840
k99_1682_6	543	638
k99_1682_7	543	343
k99_1682_8	543	335
k99_1682_9	543	179
k99_1682_10	562	387
k99_1525_1	1547	957
k99_1525_2	1547	543
k99_1685_1	562	541
k99_1685_2	562	880
k99_1685_3	543	1036
k99_1685_4	561	391
k99_2237_1	1547	591
k99_2237_2	1547	251
k99_2237_3	1547	1028
k99_2237_4	3025755	1738
k99_1527_1	562	834
k99_1527_2	562	649
k99_1527_3	562	520
k99_542_1	543	310
k99_2654_1	207244	511
k99_2657_1	33035	470
k99_2657_2	33035	853
k99_2657_3	208479	727
k99_405_1	186803	1845
k99_406_1	562	1082
k99_406_2	562	712
k99_406_3	562	536
k99_406_4	562	712
k99_406_5	562	530
k99_406_6	543	129
k99_553_1	33035	295
k99_553_2	33035	406
k99_553_3	33035	333
k99_553_5	33035	226
k99_553_6	33035	114
k99_2673_1	562	158
k99_2673_2	562	280
k99_1695_1	1547	1677
k99_2247_1	562	133
k99_2247_2	562	147
k99_1531_1	562	434
k99_1531_2	562	341
k99_1531_3	562	1019
k99_1531_4	562	2588
k99_1531_5	562	856
k99_1531_6	562	468
k99_1531_7	562	857
k99_1531_8	543	220
k99_1531_9	562	813
k99_1531_10	543	191
k99_2674_1	562	503
k99_2674_2	562	389
k99_2674_3	562	140
k99_2674_4	562	221
k99_2674_5	562	141
k99_2674_6	562	209
k99_2674_7	562	1142
k99_2674_8	562	836
k99_2674_9	562	449
k99_2675_1	562	107
k99_2675_2	543	402
k99_2675_3	562	155
k99_2675_4	562	119
k99_2675_5	562	182
k99_2675_6	562	396
k99_1698_1	562	419
k99_1698_2	562	710
k99_1698_3	562	146
k99_1698_4	561	585
k99_1698_5	561	131
k99_621_1	818	207
k99_621_2	818	610
k99_621_3	818	945
k99_621_4	818	69
k99_621_5	818	408
k99_621_6	816	1353
k99_621_7	818	205
k99_621_8	816	202
k99_621_9	816	803
k99_621_10	816	886
k99_621_11	816	486
k99_621_12	816	969
k99_621_13	818	179
k99_621_14	818	1673
k99_621_15	816	811
k99_621_16	816	303
k99_621_17	818	651
k99_621_18	818	250
k99_621_19	818	460
k99_621_20	818	382
k99_621_21	818	300
k99_621_22	816	322
k99_621_23	816	493
k99_621_24	816	1243
k99_621_25	818	349
k99_621_26	818	412
k99_621_27	816	473
k99_621_28	818	286
k99_621_29	818	756
k99_621_30	818	1262
k99_621_31	818	545
k99_621_32	818	1177
k99_621_33	818	1401
k99_621_34	818	412
k99_621_35	818	1513
k99_621_36	818	1176
k99_621_37	818	855
k99_621_38	818	617
k99_621_39	818	244
k99_621_40	818	650
k99_621_41	818	744
k99_621_42	818	721
k99_621_43	818	786
k99_621_44	818	301
k99_621_45	818	671
k99_621_46	818	660
k99_621_47	818	660
k99_621_48	818	824
k99_621_49	818	815
k99_621_50	818	824
k99_621_51	818	681
k99_621_52	818	1412
k99_621_53	818	512
k99_621_54	818	658
k99_621_55	818	692
k99_621_56	818	402
k99_621_57	818	694
k99_621_58	818	415
k99_621_59	816	145
k99_621_60	816	832
k99_621_61	818	558
k99_621_62	816	669
k99_621_63	816	1017
k99_621_64	818	738
k99_621_65	818	2041
k99_621_66	818	531
k99_621_67	816	1011
k99_621_68	818	1955
k99_621_69	818	1059
k99_621_70	816	836
k99_621_71	818	983
k99_621_72	818	2070
k99_621_73	818	1416
k99_621_74	818	690
k99_621_75	816	257
k99_621_76	818	558
k99_621_77	818	1214
k99_621_78	818	2167
k99_621_79	818	684
k99_621_80	818	2008
k99_621_81	818	813
k99_621_82	816	336
k99_621_83	818	453
k99_621_84	818	2275
k99_621_85	818	1051
k99_621_86	818	2095
k99_621_87	818	1168
k99_621_88	818	707
k99_621_89	818	1229
k99_621_90	818	1743
k99_621_91	818	970
k99_621_92	818	639
k99_621_93	818	855
k99_621_94	818	2094
k99_621_95	818	372
k99_621_96	818	1767
k99_621_97	818	879
k99_621_98	818	508
k99_621_99	818	1026
k99_621_100	818	640
k99_621_101	818	434
k99_621_102	818	305
k99_621_103	818	1548
k99_621_104	818	1348
k99_621_105	818	1017
k99_621_106	818	1027
k99_621_107	816	1992
k99_621_108	818	996
k99_621_109	818	809
k99_621_110	818	346
k99_621_111	816	390
k99_621_112	816	619
k99_621_113	818	710
k99_621_114	816	89
k99_621_115	818	1170
k99_621_116	818	2719
k99_621_117	816	111
k99_621_118	818	804
k99_621_119	818	1691
k99_621_120	818	1478
k99_621_121	818	981
k99_621_122	818	2078
k99_621_123	818	1381
k99_621_124	818	682
k99_621_125	818	1332
k99_621_126	818	2899
k99_621_127	818	1229
k99_621_128	818	1485
k99_621_129	818	528
k99_621_130	818	1423
k99_621_131	818	821
k99_621_132	818	922
k99_621_133	818	524
k99_621_134	818	724
k99_621_135	816	764
k99_621_136	816	281
k99_621_137	818	1701
k99_621_138	818	600
k99_621_139	818	995
k99_621_140	818	2357
k99_621_141	818	769
k99_621_142	818	384
k99_621_143	818	1719
k99_621_144	818	1714
k99_621_145	816	1087
k99_621_146	816	485
k99_621_147	816	970
k99_621_148	818	2202
k99_621_149	818	815
k99_621_150	818	375
k99_621_152	816	1250
k99_621_153	816	350
k99_621_154	818	1210
k99_621_155	816	301
k99_621_156	818	221
k99_621_157	818	582
k99_621_158	818	465
k99_621_159	818	622
k99_621_160	818	1851
k99_621_161	469588	67
k99_621_162	818	259
k99_621_163	818	504
k99_621_164	818	1369
k99_621_165	816	598
k99_621_166	818	843
k99_621_167	818	1523
k99_621_168	816	840
k99_621_169	818	652
k99_621_170	816	301
k99_621_171	818	493
k99_621_172	818	619
k99_621_173	818	525
k99_621_174	818	2271
k99_621_175	816	433
k99_621_176	818	684
k99_621_177	818	689
k99_621_178	818	905
k99_621_179	818	632
k99_621_180	818	1053
k99_621_181	818	2060
k99_621_182	818	2190
k99_621_183	818	1046
k99_621_184	818	588
k99_621_185	818	858
k99_621_186	818	673
k99_621_187	818	873
k99_621_188	818	828
k99_621_189	816	534
k99_621_190	816	581
k99_621_191	818	98
k99_621_193	816	861
k99_621_194	818	457
k99_621_195	818	194
k99_621_196	818	204
k99_621_197	816	491
k99_621_198	818	460
k99_621_199	818	389
k99_621_200	818	389
k99_621_201	818	611
k99_621_202	818	233
k99_621_203	818	1090
k99_621_204	816	840
k99_621_205	818	130
k99_621_206	818	122
k99_621_207	818	311
k99_621_208	818	244
k99_621_209	816	705
k99_621_210	818	485
k99_621_211	816	509
k99_621_212	816	149
k99_621_213	816	541
k99_621_214	818	622
k99_621_216	818	148
k99_621_217	818	543
k99_621_218	818	704
k99_621_219	818	492
k99_621_220	818	71
k99_2256_1	1547	735
k99_2257_1	207244	792
k99_1700_1	562	411
k99_1700_2	543	1041
k99_420_1	562	576
k99_420_2	562	646
k99_420_3	562	272
k99_420_4	562	164
k99_1397_1	572511	417
k99_1397_2	572511	560
k99_1397_3	572511	587
k99_1397_4	572511	372
k99_1397_5	572511	343
k99_1397_6	572511	900
k99_1397_7	572511	238
k99_1397_8	572511	1429
k99_1397_9	572511	653
k99_1397_10	572511	1167
k99_1397_11	572511	1337
k99_1397_12	33035	279
k99_1397_13	572511	884
k99_1397_14	572511	575
k99_1397_15	572511	823
k99_1397_16	33035	457
k99_1397_17	572511	530
k99_1397_18	572511	518
k99_1397_19	572511	596
k99_1397_20	572511	1031
k99_1397_21	572511	297
k99_1397_22	33035	502
k99_1397_23	33035	467
k99_1397_24	572511	686
k99_1397_25	33035	585
k99_1397_26	572511	350
k99_1397_27	33035	276
k99_1397_28	572511	993
k99_1397_29	572511	1181
k99_1397_30	572511	529
k99_1397_31	572511	586
k99_1397_32	572511	838
k99_1397_33	572511	800
k99_1397_34	572511	493
k99_1397_35	572511	1307
k99_1397_36	572511	517
k99_1397_37	572511	1048
k99_1397_38	572511	1006
k99_1397_39	572511	177
k99_1397_40	572511	291
k99_1402_1	562	221
k99_1402_2	543	413
k99_1402_3	562	1196
k99_1402_4	543	995
k99_1402_5	561	96
k99_1402_6	562	547
k99_1402_7	543	139
k99_1404_1	105841	332
k99_1544_1	186803	320
k99_423_1	562	499
k99_423_2	562	1518
k99_423_3	562	851
k99_423_4	562	160
k99_423_5	562	2562
k99_423_6	562	715
k99_423_7	562	540
k99_423_8	562	578
k99_765_1	1547	260
k99_765_2	1547	817
k99_765_3	1547	337
k99_765_4	1547	378
k99_765_5	1547	514
k99_765_6	1547	494
k99_765_7	1547	559
k99_765_8	1547	801
k99_765_9	3025755	617
k99_765_10	1547	722
k99_765_11	1547	574
k99_2677_1	572511	313
k99_2677_2	572511	771
k99_2677_3	572511	622
k99_2677_4	572511	1368
k99_2677_5	572511	592
k99_2677_6	572511	246
k99_2677_7	33035	280
k99_2677_8	572511	289
k99_2677_9	33035	602
k99_2677_10	572511	863
k99_2677_11	572511	768
k99_2677_12	572511	322
k99_2677_13	572511	708
k99_2677_14	572511	428
k99_2677_15	33035	533
k99_2677_16	572511	627
k99_2677_17	572511	695
k99_2677_18	572511	575
k99_2677_19	572511	830
k99_2677_20	572511	271
k99_2677_21	572511	122
k99_1548_1	105841	408
k99_2681_1	562	733
k99_1409_1	1547	194
k99_1409_2	1547	166
k99_1409_3	1547	206
k99_770_1	1547	532
k99_770_2	1547	544
k99_770_3	1547	501
k99_770_4	1547	329
k99_770_5	1547	703
k99_770_6	1547	202
k99_772_1	562	117
k99_772_2	562	278
k99_772_3	562	146
k99_772_4	562	110
k99_772_5	562	261
k99_1558_1	562	259
k99_1558_2	562	884
k99_1558_3	543	298
k99_1559_1	207244	246
k99_1559_2	207244	150
k99_777_1	543	247
k99_777_2	562	751
k99_777_3	562	310
k99_1418_1	105841	453
k99_2684_1	562	472
k99_2684_2	543	559
k99_2684_3	543	749
k99_2684_4	562	745
k99_2684_5	562	1880
k99_2684_6	543	496
k99_2684_7	543	449
k99_562_1	1547	324
k99_562_2	1547	212
k99_562_3	1547	273
k99_562_4	526525	158
k99_562_5	1547	1730
k99_562_7	1547	69
k99_562_8	1547	1454
k99_562_9	1547	783
k99_562_10	1547	475
k99_2273_1	562	84
k99_2273_2	562	1297
k99_2273_3	562	127
k99_630_1	572511	884
k99_630_2	572511	1524
k99_630_3	572511	234
k99_630_4	572511	571
k99_630_5	572511	404
k99_630_6	572511	779
k99_630_7	572511	1597
k99_630_9	33035	314
k99_630_10	572511	522
k99_630_11	572511	829
k99_630_12	33035	212
k99_630_13	572511	696
k99_630_14	572511	784
k99_630_15	572511	594
k99_630_16	572511	792
k99_630_17	572511	275
k99_630_18	572511	782
k99_630_19	572511	777
k99_630_20	572511	912
k99_630_21	572511	566
k99_630_22	572511	514
k99_630_23	572511	1058
k99_630_24	572511	775
k99_630_25	572511	509
k99_630_26	572511	107
k99_2693_1	572511	680
k99_2693_2	572511	671
k99_2694_1	1547	583
k99_2694_2	1547	473
k99_2694_3	3025755	148
k99_2695_1	1547	176
k99_2695_2	1547	91
k99_2148_1	562	636
k99_2148_2	562	249
k99_2148_3	562	421
k99_2148_4	562	582
k99_2148_5	562	469
k99_2148_6	562	162
k99_2148_7	562	818
k99_2148_8	562	826
k99_2148_9	543	66
k99_1434_1	562	189
k99_1434_2	562	565
k99_1434_3	562	801
k99_1434_4	562	424
k99_1434_5	562	916
k99_1434_6	562	410
k99_1434_7	562	287
k99_1434_8	562	571
k99_1434_9	562	399
k99_1434_10	543	511
k99_568_1	562	591
k99_568_2	562	484
k99_568_3	562	418
k99_568_4	562	468
k99_568_5	562	624
k99_568_6	562	261
k99_2706_1	562	143
k99_2706_2	562	315
k99_2706_3	562	473
k99_2711_1	562	55
k99_2711_2	562	354
k99_2711_3	562	174
k99_2711_4	562	424
k99_2711_5	562	108
k99_2711_6	562	270
k99_2152_1	562	438
k99_2152_2	562	94
k99_2286_1	572511	364
k99_2286_2	33035	243
k99_2286_3	572511	676
k99_2286_4	33035	442
k99_2286_5	572511	636
k99_2286_6	572511	886
k99_2286_7	33035	612
k99_2286_8	572511	686
k99_2286_9	572511	573
k99_2286_10	572511	655
k99_2286_11	572511	150
k99_2286_12	572511	879
k99_2286_13	33035	257
k99_2286_14	572511	920
k99_1435_1	572511	1204
k99_1435_2	572511	673
k99_1435_3	572511	687
k99_1435_4	572511	473
k99_1435_5	572511	529
k99_1435_6	572511	460
k99_1435_7	572511	461
k99_1435_8	572511	150
k99_1435_9	33035	805
k99_1435_10	572511	229
k99_1435_11	33035	119
k99_1435_12	572511	607
k99_1435_13	572511	832
k99_1435_14	572511	339
k99_1435_15	572511	710
k99_1435_16	572511	714
k99_1435_17	572511	548
k99_1435_18	572511	572
k99_1435_19	572511	1484
k99_1435_20	572511	458
k99_1435_21	572511	837
k99_1435_22	572511	421
k99_1435_23	33035	156
k99_1435_24	572511	633
k99_1435_25	572511	321
k99_1435_26	33035	1352
k99_1435_27	572511	498
k99_1435_28	572511	452
k99_1435_29	1532	840
k99_1435_30	572511	149
k99_1435_31	572511	1458
k99_1435_32	33035	434
k99_1435_33	1532	582
k99_1435_34	572511	457
k99_1435_35	572511	113
k99_780_1	818	127
k99_780_2	816	207
k99_780_3	818	435
k99_780_4	818	899
k99_780_5	818	63
k99_780_6	818	306
k99_780_7	818	187
k99_780_8	818	324
k99_780_9	818	180
k99_780_10	818	634
k99_780_11	818	616
k99_780_12	818	432
k99_780_13	816	307
k99_780_14	818	322
k99_780_15	816	875
k99_780_16	818	1705
k99_780_17	818	833
k99_780_18	818	862
k99_780_19	818	978
k99_780_20	818	1722
k99_780_21	818	842
k99_780_22	818	822
k99_780_23	818	343
k99_780_24	818	373
k99_780_25	818	775
k99_780_26	818	915
k99_780_27	816	613
k99_780_28	818	320
k99_780_29	816	548
k99_780_30	818	376
k99_780_31	818	900
k99_780_32	818	1046
k99_780_33	818	546
k99_780_34	818	391
k99_780_35	818	685
k99_780_36	818	771
k99_780_37	816	1160
k99_780_38	818	1125
k99_780_39	818	1144
k99_780_40	818	1713
k99_780_41	818	2187
k99_780_42	818	852
k99_780_43	818	721
k99_780_44	818	608
k99_780_45	818	481
k99_780_47	818	366
k99_780_48	818	613
k99_780_49	816	365
k99_780_50	816	550
k99_780_51	818	244
k99_780_52	816	328
k99_780_53	818	422
k99_780_54	816	317
k99_780_55	816	450
k99_780_56	816	429
k99_780_57	818	182
k99_780_58	818	379
k99_780_59	818	1480
k99_780_60	818	245
k99_780_61	816	331
k99_780_62	818	875
k99_780_63	818	954
k99_780_64	816	657
k99_780_65	816	479
k99_780_66	818	439
k99_780_67	818	504
k99_780_68	818	726
k99_780_69	816	268
k99_780_70	818	299
k99_780_71	816	115
k99_780_72	818	484
k99_780_73	818	414
k99_780_74	818	224
k99_780_75	818	461
k99_780_76	816	379
k99_780_77	818	521
k99_780_78	818	303
k99_780_79	818	90
k99_780_80	816	115
k99_780_81	818	699
k99_780_82	818	1803
k99_780_83	818	152
k99_780_84	816	1630
k99_780_85	818	860
k99_780_86	818	642
k99_780_87	818	1214
k99_780_88	816	1018
k99_780_89	818	1191
k99_780_90	818	1236
k99_780_91	816	814
k99_780_92	816	825
k99_780_93	818	114
k99_2157_1	1547	66
k99_2157_2	1547	136
k99_651_1	105841	253
k99_651_2	105841	237
k99_2723_1	562	169
k99_2723_2	562	595
k99_2723_3	562	491
k99_2723_4	562	334
k99_2723_5	562	331
k99_2723_6	562	349
k99_2723_7	562	566
k99_2723_8	562	370
k99_2723_9	562	632
k99_2723_10	562	721
k99_2723_11	562	560
k99_2723_12	562	398
k99_1807_1	572511	736
k99_1579_1	1547	1126
k99_1579_2	3025755	134
k99_1579_3	1547	338
k99_1579_4	1547	1033
k99_1579_5	1547	781
k99_1579_6	1547	528
k99_1579_7	1547	735
k99_1579_8	1547	1483
k99_1579_9	1547	180
k99_1579_10	1547	555
k99_1579_11	1547	3412
k99_1579_12	1547	558
k99_1579_13	1547	718
k99_2726_1	562	1165
k99_2729_1	562	353
k99_2729_2	562	579
k99_2729_3	562	198
k99_2729_4	562	525
k99_2729_5	562	367
k99_1811_1	562	696
k99_1811_2	562	365
k99_1811_3	562	308
k99_1811_4	543	995
k99_1811_5	562	367
k99_1811_6	562	503
k99_1811_7	561	509
k99_1811_8	562	434
k99_1811_9	562	466
k99_1811_10	543	118
k99_784_1	1547	556
k99_784_2	1547	420
k99_784_3	1547	1609
k99_784_4	1547	876
k99_784_5	1547	348
k99_784_6	3025755	944
k99_784_7	1547	285
k99_784_8	1547	832
k99_784_9	1547	591
k99_784_10	1547	599
k99_784_11	1547	658
k99_784_12	1547	482
k99_784_13	1547	628
k99_784_14	1547	537
k99_784_15	1547	273
k99_784_16	1547	229
k99_784_17	1547	206
k99_784_18	1547	58
k99_785_1	1547	144
k99_785_2	1547	265
k99_785_3	1547	130
k99_2291_1	543	317
k99_2810_1	105841	115
k99_2810_2	207244	229
k99_791_1	207244	380
k99_1829_1	1547	133
k99_1829_2	1547	595
k99_1829_3	1547	594
k99_1829_4	1547	585
k99_1829_5	1547	655
k99_1829_6	1547	1947
k99_793_1	562	604
k99_793_2	562	207
k99_793_3	562	115
k99_793_4	562	1200
k99_1832_1	544	218
k99_1832_2	544	696
k99_1832_3	544	617
k99_1832_4	544	933
k99_1832_5	544	66
k99_1835_1	543	213
k99_669_1	562	1055
k99_669_2	543	386
k99_1840_1	562	405
k99_1840_2	562	677
k99_1840_3	562	380
k99_1840_4	562	646
k99_1843_1	562	193
k99_1843_2	562	617
k99_1844_1	543	478
k99_672_1	543	136
k99_672_2	562	342
k99_672_3	562	524
k99_672_4	562	371
k99_672_5	562	841
k99_672_6	562	976
k99_672_7	562	217
k99_672_8	562	640
k99_672_9	562	2156
k99_672_10	562	308
k99_672_11	562	911
k99_1851_1	1547	1321
k99_1851_2	1547	1170
k99_1851_3	1547	879
k99_1851_4	1547	275
k99_1851_5	2810280	481
k99_1851_6	1547	724
k99_1851_7	3025755	175
k99_1851_8	1547	575
k99_2825_1	562	157
k99_2825_2	562	133
k99_1858_1	1532	850
k99_1858_2	186803	377
k99_1858_3	572511	416
k99_1858_4	572511	447
k99_1858_5	572511	793
k99_1858_6	1532	901
k99_1858_7	572511	235
k99_1858_8	572511	934
k99_1858_9	572511	563
k99_1869_1	562	500
k99_1869_2	562	578
k99_2840_1	562	394
k99_2840_2	562	399
k99_2840_3	562	513
k99_2434_1	562	302
k99_2434_2	562	146
k99_2434_3	562	342
k99_2434_4	562	149
k99_2434_5	562	468
k99_2434_6	562	707
k99_2434_7	562	100
k99_2434_8	562	629
k99_2434_9	543	909
k99_2434_10	562	720
k99_2434_11	562	786
k99_2434_12	562	129
k99_2434_13	562	479
k99_2434_14	562	290
k99_2434_15	562	235
k99_2434_16	543	1873
k99_2434_17	562	306
k99_2434_18	562	182
k99_2434_19	562	1053
k99_2434_20	562	218
k99_2434_21	562	309
k99_2434_22	543	820
k99_2434_23	561	1015
k99_2434_24	562	653
k99_2434_25	562	1031
k99_2434_26	562	207
k99_2434_27	562	1347
k99_2434_28	562	991
k99_2434_29	562	398
k99_2434_30	562	470
k99_2434_31	562	612
k99_2434_32	562	1060
k99_2434_33	562	250
k99_2434_34	562	377
k99_2434_35	543	804
k99_2434_36	562	457
k99_2434_37	543	1139
k99_2434_38	543	289
k99_2434_39	562	922
k99_2434_40	562	1330
k99_2434_41	562	635
k99_2434_42	562	171
k99_2434_43	562	1324
k99_2434_44	562	634
k99_2434_45	562	467
k99_2434_46	562	606
k99_2434_47	562	1002
k99_2434_48	562	592
k99_2434_49	562	580
k99_2434_50	562	295
k99_2434_51	562	133
k99_2434_52	562	534
k99_2434_53	562	296
k99_2434_54	562	371
k99_2434_55	562	741
k99_2434_56	562	446
k99_2434_57	562	494
k99_2434_58	562	571
k99_2434_59	562	697
k99_2434_60	562	379
k99_2434_61	562	294
k99_2434_62	562	480
k99_2434_63	543	236
k99_2434_64	562	654
k99_2434_65	562	509
k99_2434_66	562	305
k99_2434_67	543	234
k99_2434_68	562	1445
k99_2434_69	562	594
k99_2434_70	562	964
k99_2434_71	561	56
k99_2434_72	562	697
k99_2434_73	562	437
k99_2434_74	562	303
k99_2436_1	543	803
k99_677_1	572511	304
k99_677_2	572511	534
k99_677_3	572511	558
k99_677_4	572511	845
k99_677_5	572511	691
k99_677_6	572511	796
k99_677_7	572511	786
k99_677_8	572511	733
k99_677_9	572511	216
k99_677_10	33035	237
k99_677_11	572511	1160
k99_677_12	572511	536
k99_677_13	572511	775
k99_677_14	186803	944
k99_677_15	572511	673
k99_677_16	572511	541
k99_677_17	572511	394
k99_677_18	572511	1502
k99_677_19	572511	1150
k99_677_20	572511	382
k99_677_21	572511	406
k99_677_22	572511	1025
k99_677_23	572511	1030
k99_677_24	572511	697
k99_677_25	33035	206
k99_677_26	572511	418
k99_677_27	33035	415
k99_677_28	572511	1567
k99_677_29	572511	1836
k99_679_1	572511	647
k99_681_1	562	637
k99_707_1	186803	69
k99_707_2	186803	851
k99_707_3	186803	1140
k99_707_4	186803	197
k99_707_5	186803	986
k99_707_6	186803	1153
k99_707_7	186803	743
k99_707_8	186803	1311
k99_2865_1	818	1950
k99_2865_2	818	2131
k99_2865_3	816	60
k99_2865_4	818	360
k99_2865_5	818	323
k99_2865_6	818	595
k99_2865_7	818	216
k99_2865_8	818	471
k99_2865_9	816	902
k99_2865_10	818	254
k99_2865_11	816	993
k99_2865_12	818	493
k99_2865_13	818	404
k99_2865_14	818	391
k99_2865_15	818	873
k99_2865_16	818	792
k99_2865_17	818	932
k99_2865_18	818	862
k99_2865_19	818	239
k99_2865_20	816	1048
k99_2865_21	818	180
k99_2865_22	816	390
k99_2865_23	816	1006
k99_2865_24	818	750
k99_2865_25	818	2093
k99_2865_26	818	1586
k99_2865_27	818	1092
k99_2865_28	818	1263
k99_2865_29	818	1234
k99_2865_30	818	2226
k99_2865_32	818	1670
k99_2865_33	818	2630
k99_2865_34	818	978
k99_2865_35	818	516
k99_2865_36	818	2611
k99_2865_37	818	529
k99_2865_38	818	1362
k99_2865_39	818	362
k99_2865_40	816	352
k99_2865_41	816	116
k99_2865_42	816	626
k99_2865_43	818	1407
k99_2865_44	818	600
k99_2865_45	818	452
k99_2865_46	818	1153
k99_2865_47	818	877
k99_2865_48	818	837
k99_2865_49	818	1385
k99_2865_50	818	2107
k99_2865_51	818	69
k99_2865_52	818	1653
k99_2865_53	818	186
k99_2865_54	171552	125
k99_2865_55	838	982
k99_2865_56	165179	485
k99_2865_57	171549	318
k99_2865_58	171549	158
k99_2865_60	838	871
k99_2865_61	815	766
k99_2865_62	171549	520
k99_2865_63	815	290
k99_2865_64	818	472
k99_2865_65	171549	616
k99_2865_66	165179	260
k99_2865_67	165179	313
k99_2865_68	815	181
k99_2865_69	171549	208
k99_2865_70	171549	208
k99_2865_71	165179	233
k99_2865_72	165179	238
k99_2865_73	165179	799
k99_2865_74	165179	805
k99_2865_75	818	2320
k99_2865_76	818	1396
k99_2865_77	818	1348
k99_2865_78	818	1473
k99_2865_79	818	1525
k99_2865_80	816	523
k99_2865_81	818	385
k99_2865_82	816	602
k99_2865_83	818	1941
k99_2865_84	818	150
k99_2865_85	818	980
k99_2865_86	818	563
k99_2865_87	818	587
k99_2865_88	816	1696
k99_2865_89	818	958
k99_2865_90	818	441
k99_2865_91	818	588
k99_2865_92	818	597
k99_2865_93	816	714
k99_2865_94	818	2288
k99_2865_95	818	71
k99_2865_96	818	2344
k99_2865_97	816	740
k99_2865_98	818	917
k99_2865_99	818	1607
k99_2865_100	818	692
k99_2865_101	818	146
k99_2865_102	818	1050
k99_2865_103	818	691
k99_2865_104	818	1147
k99_2865_105	818	1138
k99_2865_106	818	1428
k99_2865_107	818	2083
k99_2865_108	818	1146
k99_2865_109	818	942
k99_2865_110	818	585
k99_2865_111	816	400
k99_2865_112	818	387
k99_2865_113	818	2579
k99_2865_114	818	1468
k99_2865_115	818	1058
k99_2865_116	818	807
k99_2865_117	818	1177
k99_2865_118	818	1498
k99_2865_119	818	1021
k99_2865_120	816	2002
k99_2865_121	818	1013
k99_2865_122	818	1028
k99_2865_123	818	1228
k99_2865_124	818	1745
k99_2865_125	818	1469
k99_2865_126	816	586
k99_2865_127	818	888
k99_2865_128	818	1148
k99_2865_129	818	238
k99_2865_130	816	600
k99_2865_131	818	1169
k99_2865_132	818	328
k99_2865_133	816	1400
k99_2865_134	818	683
k99_2865_135	816	637
k99_2865_136	818	660
k99_2865_137	816	819
k99_2865_138	816	270
k99_2865_139	818	736
k99_2865_140	818	829
k99_852_1	572511	614
k99_852_2	33035	596
k99_852_3	572511	462
k99_852_4	572511	921
k99_852_5	572511	475
k99_852_6	33035	500
k99_852_7	572511	476
k99_852_8	572511	491
k99_852_9	33035	183
k99_852_10	1532	378
k99_852_11	572511	835
k99_852_12	1532	828
k99_852_13	33035	671
k99_852_14	572511	378
k99_852_15	572511	601
k99_852_16	572511	869
k99_852_17	572511	556
k99_852_18	572511	342
k99_852_19	572511	309
k99_852_20	572511	545
k99_852_21	572511	1105
k99_852_22	572511	860
k99_852_23	572511	565
k99_852_24	572511	536
k99_852_25	572511	1038
k99_852_26	33035	791
k99_852_27	572511	513
k99_852_28	572511	1051
k99_852_29	572511	447
k99_852_30	572511	841
k99_852_31	572511	555
k99_852_32	572511	434
k99_852_33	33035	232
k99_852_34	33035	289
k99_852_35	572511	410
k99_852_36	572511	915
k99_852_37	572511	870
k99_852_38	33035	135
k99_852_39	572511	1587
k99_852_40	33035	461
k99_852_41	572511	840
k99_852_42	572511	518
k99_852_43	33035	137
k99_852_44	572511	507
k99_852_45	572511	583
k99_852_46	572511	783
k99_852_47	572511	490
k99_852_48	33035	601
k99_2870_1	1532	537
k99_2870_2	572511	904
k99_2870_3	1532	2173
k99_2870_4	572511	531
k99_2870_5	572511	559
k99_2870_6	572511	930
k99_2870_7	572511	847
k99_2870_8	572511	992
k99_2870_9	572511	1164
k99_2870_10	33035	513
k99_144_1	562	206
k99_576_1	562	621
k99_576_2	562	712
k99_2159_1	3025755	574
k99_2159_2	1547	818
k99_2159_3	1547	284
k99_2018_1	543	213
k99_2018_2	562	408
k99_2018_3	562	696
k99_2018_4	562	1078
k99_2018_5	562	301
k99_147_1	562	749
k99_147_2	562	588
k99_147_3	562	581
k99_11_1	3025755	343
k99_2739_1	207244	366
k99_2739_2	207244	103
k99_149_1	562	225
k99_149_2	562	997
k99_149_3	562	221
k99_15_1	186803	900
k99_15_2	186803	189
k99_15_3	186803	199
k99_15_4	186803	154
k99_19_1	207244	352
k99_2451_1	562	1375
k99_2451_2	562	436
k99_2451_3	561	278
k99_1737_1	562	278
k99_1737_2	543	1011
k99_1737_3	562	651
k99_1875_1	1547	1151
k99_1875_2	1547	332
k99_1875_3	1547	396
k99_2592_1	544	202
k99_2592_2	562	231
k99_2592_3	562	164
k99_2592_4	562	740
k99_2592_5	562	602
k99_2592_6	562	453
k99_2592_7	1236	442
k99_2592_8	543	776
k99_23_1	562	142
k99_23_2	562	678
k99_23_3	562	276
k99_23_4	562	877
k99_23_5	562	281
k99_2594_1	186803	529
k99_871_1	207244	350
k99_2309_1	543	185
k99_2309_2	562	725
k99_2309_3	562	566
k99_2309_4	543	371
k99_2312_1	562	773
k99_2312_2	562	126
k99_2312_3	562	727
k99_2312_4	562	105
k99_582_1	562	59
k99_582_2	562	1317
k99_582_3	561	431
k99_2025_1	562	491
k99_2025_2	562	1483
k99_2027_1	1547	132
k99_879_1	572511	247
k99_879_2	33035	217
k99_879_3	33035	156
k99_1444_1	207244	376
k99_163_1	572511	920
k99_1303_1	105841	228
k99_171_1	543	394
k99_2603_1	543	630
k99_2603_2	562	168
k99_1025_1	562	101
k99_1025_2	562	112
k99_1025_3	562	253
k99_1025_4	562	266
k99_1025_5	543	1063
k99_1025_6	543	917
k99_1025_7	562	745
k99_1025_8	562	160
k99_1880_1	562	218
k99_176_1	572511	552
k99_2034_1	186801	283
k99_1584_1	33035	263
k99_1584_2	33035	242
k99_1584_3	1532	94
k99_1584_4	572511	397
k99_1584_5	33035	880
k99_1584_6	186803	146
k99_1584_7	186803	150
k99_1584_8	186803	189
k99_1584_9	2719313	197
k99_1584_10	2719313	840
k99_1584_11	33035	134
k99_1584_12	2719313	624
k99_1584_13	33035	248
k99_1584_14	33035	344
k99_1584_15	186803	506
k99_1584_16	572511	672
k99_1584_17	33035	157
k99_1584_18	186803	194
k99_1584_19	33035	618
k99_1584_20	33035	1336
k99_1584_21	186803	548
k99_1584_22	33035	722
k99_1584_23	186803	431
k99_1584_24	186803	299
k99_1584_25	186801	932
k99_1584_26	33035	1214
k99_1584_27	572511	302
k99_1584_28	186803	86
k99_1584_29	186803	1249
k99_1584_30	186803	555
k99_1584_31	186803	291
k99_1584_32	33035	402
k99_1584_33	186803	1594
k99_1584_34	572511	1697
k99_1584_35	186803	152
k99_1584_36	33035	662
k99_1584_37	186803	3102
k99_1584_38	186803	336
k99_1584_39	186801	398
k99_1584_40	186803	671
k99_1584_41	186803	200
k99_1584_42	33035	358
k99_1584_43	33035	282
k99_1584_44	186803	206
k99_1584_45	33035	332
k99_1584_46	186803	312
k99_1584_47	186801	359
k99_1584_48	33035	337
k99_1584_49	33035	239
k99_1584_50	186803	283
k99_1584_51	33035	375
k99_1584_52	33035	93
k99_1584_53	33035	1328
k99_1584_54	186803	258
k99_1584_55	186802	396
k99_1584_56	186803	427
k99_1584_57	33035	632
k99_1584_58	33035	465
k99_1584_59	186803	226
k99_1584_60	186803	177
k99_1584_61	33035	345
k99_1584_62	186803	920
k99_1584_63	186803	689
k99_1584_64	186803	665
k99_1584_65	186803	831
k99_1584_66	33035	622
k99_1584_67	33038	494
k99_1584_68	186803	290
k99_1584_69	186803	299
k99_1584_70	186803	424
k99_1584_71	186803	430
k99_1584_72	186803	213
k99_1584_73	186803	1089
k99_1584_74	186803	252
k99_1584_75	186803	921
k99_1584_77	186803	440
k99_1585_1	105841	164
k99_1585_2	105841	112
k99_1585_3	105841	95
k99_1450_1	33035	768
k99_1450_2	572511	939
k99_585_1	105841	173
k99_585_2	207244	147
k99_1748_1	105841	444
k99_292_1	572511	241
k99_292_2	572511	944
k99_292_3	572511	545
k99_292_4	572511	562
k99_292_5	572511	1463
k99_292_6	572511	457
k99_292_7	572511	857
k99_2315_1	562	322
k99_2315_2	562	1466
k99_2315_3	543	597
k99_2315_4	562	1597
k99_2315_5	543	760
k99_2315_6	543	213
k99_2315_7	562	405
k99_2315_8	562	154
k99_2315_9	562	1479
k99_2315_10	562	672
k99_2315_11	562	478
k99_2315_12	543	342
k99_2315_13	543	840
k99_2315_14	562	594
k99_2315_15	543	319
k99_2315_16	562	115
k99_2315_17	543	298
k99_1026_1	186801	52
k99_1026_2	1547	320
k99_1026_3	1547	498
k99_1026_4	1547	508
k99_1026_5	1547	95
k99_1026_6	1547	452
k99_1026_7	1547	253
k99_1026_8	1547	244
k99_1026_9	1547	452
k99_1026_10	1547	4398
k99_1026_11	3025755	233
k99_1026_12	1547	547
k99_1026_13	1547	381
k99_1026_14	1547	295
k99_1026_15	1547	314
k99_1026_16	1547	459
k99_1026_17	1547	422
k99_1026_18	3025755	121
k99_1026_19	1547	622
k99_1026_20	1547	710
k99_1026_21	1547	231
k99_1026_22	1547	685
k99_1026_23	1547	1334
k99_2750_1	1547	98
k99_1453_1	572511	284
k99_1453_2	1532	1049
k99_1453_3	572511	1003
k99_1453_4	572511	902
k99_1453_5	572511	652
k99_1453_6	572511	652
k99_1453_7	572511	580
k99_1453_8	33038	53
k99_1453_9	572511	996
k99_1453_10	1532	1149
k99_1453_11	572511	873
k99_1453_12	1532	814
k99_1453_13	572511	358
k99_1453_14	572511	786
k99_1453_15	33035	318
k99_1453_16	572511	688
k99_1453_17	572511	515
k99_1453_18	572511	232
k99_1453_19	572511	819
k99_1453_20	1532	207
k99_1453_21	572511	969
k99_1453_22	572511	857
k99_1454_1	33035	355
k99_184_1	572511	353
k99_184_2	572511	1438
k99_184_3	572511	459
k99_184_4	572511	1106
k99_184_5	572511	954
k99_184_6	572511	909
k99_184_7	572511	948
k99_184_8	572511	456
k99_1308_1	1547	106
k99_1308_2	1547	887
k99_1308_3	1547	2089
k99_1756_1	1547	772
k99_1756_2	1547	347
k99_1756_3	1547	1454
k99_1756_4	1547	863
k99_1756_5	1547	1162
k99_1756_6	1547	720
k99_1756_7	1547	884
k99_1756_8	1547	159
k99_2753_1	1547	229
k99_2753_2	1547	961
k99_2753_3	1547	831
k99_2753_4	1547	1911
k99_1162_1	572511	866
k99_1312_1	1547	273
k99_1312_2	1547	256
k99_1313_1	572511	358
k99_1313_2	572511	72
k99_1163_1	562	154
k99_1163_2	562	378
k99_1163_3	562	388
k99_1163_4	562	1301
k99_1163_5	562	222
k99_1163_6	543	216
k99_1757_1	572511	262
k99_1757_2	33035	353
k99_1757_3	186803	271
k99_1757_4	572511	745
k99_1757_5	572511	543
k99_1757_6	572511	496
k99_1757_7	572511	693
k99_1757_8	572511	391
k99_1757_9	572511	535
k99_1757_10	572511	909
k99_1757_11	1532	1011
k99_1757_12	572511	466
k99_1757_13	572511	772
k99_1757_14	572511	152
k99_42_1	562	159
k99_42_2	562	166
k99_42_3	562	170
k99_42_4	562	157
k99_42_5	562	81
k99_1760_1	562	390
k99_1760_2	562	471
k99_1760_3	562	1227
k99_2326_1	1547	527
k99_2326_2	1547	465
k99_2326_3	1547	303
k99_2326_4	1547	88
k99_2046_1	105841	382
k99_898_1	1547	279
k99_898_2	1547	182
k99_898_3	1547	236
k99_898_4	1547	2094
k99_898_5	1547	717
k99_898_6	1547	470
k99_2761_1	818	875
k99_187_1	572511	886
k99_187_2	1532	982
k99_187_3	572511	1338
k99_187_4	572511	645
k99_187_5	572511	566
k99_187_6	572511	637
k99_187_7	572511	640
k99_187_8	572511	751
k99_187_9	1532	544
k99_187_10	572511	1122
k99_187_11	572511	1077
k99_187_12	572511	1142
k99_187_13	33035	371
k99_187_14	33035	212
k99_187_15	572511	494
k99_187_16	572511	558
k99_187_17	572511	129
k99_187_18	572511	418
k99_187_19	33035	858
k99_187_20	1532	387
k99_187_21	572511	125
k99_187_23	572511	1773
k99_187_24	572511	1424
k99_187_25	572511	867
k99_187_26	33035	101
k99_187_27	572511	940
k99_187_28	186803	202
k99_187_29	572511	288
k99_187_30	33035	446
k99_187_31	572511	231
k99_2765_1	572511	1165
k99_2765_2	572511	810
k99_2765_3	33035	364
k99_2765_4	1532	1005
k99_2765_5	33035	443
k99_2765_6	572511	326
k99_190_1	207244	275
k99_2766_1	572511	1003
k99_2464_1	818	515
k99_2464_2	816	112
k99_2464_3	815	432
k99_2464_4	816	637
k99_2464_5	816	1214
k99_2464_6	815	1317
k99_2464_7	816	769
k99_2464_8	816	1398
k99_2464_9	816	756
k99_2464_10	816	581
k99_2464_11	816	500
k99_2464_12	816	403
k99_2464_13	815	180
k99_2464_14	816	279
k99_2464_15	816	258
k99_2464_16	818	518
k99_2464_17	816	259
k99_2464_18	816	283
k99_2464_19	816	561
k99_2464_20	816	1102
k99_2464_21	816	66
k99_2464_22	816	1878
k99_2464_23	816	868
k99_2464_24	816	1058
k99_2464_25	816	1427
k99_2464_26	816	1459
k99_2464_27	816	1464
k99_2464_28	815	182
k99_2464_29	816	478
k99_2464_30	816	2315
k99_2464_31	171549	79
k99_2464_32	815	196
k99_2464_33	815	792
k99_2464_34	816	810
k99_2464_35	816	97
k99_1319_1	1547	2508
k99_1319_2	1547	2023
k99_1319_3	3025755	633
k99_1319_4	1547	401
k99_1319_5	1547	587
k99_1319_6	1547	125
k99_1319_7	1547	94
k99_1319_8	1547	615
k99_1319_9	1547	355
k99_1319_10	1547	266
k99_1319_11	1239	439
k99_1319_12	1547	1529
k99_454_1	562	592
k99_454_2	562	325
k99_454_3	562	218
k99_454_4	543	253
k99_454_5	543	798
k99_454_6	561	318
k99_454_7	562	482
k99_454_8	562	525
k99_454_9	562	580
k99_454_10	562	853
k99_454_11	562	732
k99_454_12	562	577
k99_454_13	562	961
k99_454_14	562	347
k99_454_15	562	226
k99_454_16	562	530
k99_454_17	562	795
k99_454_18	562	268
k99_454_19	562	629
k99_454_20	562	728
k99_454_21	562	558
k99_454_22	562	964
k99_302_1	1547	226
k99_302_2	1547	58
k99_191_1	572511	1165
k99_191_2	572511	695
k99_191_3	572511	1286
k99_191_4	572511	568
k99_191_5	572511	731
k99_191_6	572511	596
k99_191_7	572511	900
k99_191_8	572511	405
k99_191_9	572511	686
k99_191_10	572511	1097
k99_191_11	572511	1022
k99_191_12	572511	309
k99_2055_1	207244	125
k99_2055_2	105841	232
k99_1174_1	562	357
k99_1174_2	562	462
k99_1174_3	562	692
k99_1174_4	562	625
k99_1174_5	562	308
k99_1034_1	818	635
k99_2466_1	562	523
k99_2466_2	562	455
k99_2466_3	562	560
k99_2466_4	562	420
k99_2466_5	562	795
k99_2466_6	562	454
k99_2466_7	562	788
k99_2466_8	562	550
k99_195_1	572511	788
k99_195_2	33035	817
k99_195_3	572511	607
k99_195_4	33035	484
k99_195_5	33035	219
k99_195_6	186803	125
k99_195_7	572511	512
k99_198_1	29348	177
k99_198_2	1547	883
k99_200_1	33035	403
k99_200_3	33035	99
k99_200_4	572511	112
k99_200_5	572511	94
k99_200_6	33035	241
k99_204_1	1547	328
k99_204_2	1547	920
k99_2773_1	562	264
k99_2773_2	543	1753
k99_2773_3	562	368
k99_2773_4	562	666
k99_2773_5	562	442
k99_2773_6	562	421
k99_2773_7	543	208
k99_2773_8	543	320
k99_2773_9	543	672
k99_2469_1	207244	205
k99_2469_2	207244	63
k99_2470_1	105841	538
k99_911_1	562	59
k99_911_2	543	356
k99_911_3	562	495
k99_911_4	562	560
k99_911_5	562	279
k99_911_6	562	203
k99_911_7	562	101
k99_313_1	562	1218
k99_313_2	562	738
k99_313_3	562	369
k99_313_4	562	140
k99_313_5	562	215
k99_313_6	562	1064
k99_313_7	562	506
k99_313_8	562	780
k99_313_9	562	325
k99_313_10	543	537
k99_313_11	562	658
k99_313_12	543	313
k99_313_13	562	174
k99_313_14	562	276
k99_313_15	562	1013
k99_313_16	562	414
k99_1185_1	818	482
k99_1185_2	818	107
k99_1185_3	818	2073
k99_1185_4	818	328
k99_1185_5	818	447
k99_1766_1	572511	134
k99_1766_2	572511	460
k99_1766_3	572511	920
k99_1766_4	572511	611
k99_1766_5	572511	603
k99_1766_6	572511	1551
k99_1766_7	572511	560
k99_1766_8	572511	440
k99_1766_9	572511	384
k99_1766_10	572511	470
k99_1766_11	572511	867
k99_1766_12	572511	678
k99_1766_13	572511	228
k99_1766_14	1532	805
k99_1766_15	572511	966
k99_1766_16	572511	429
k99_1766_17	572511	1160
k99_1766_18	572511	507
k99_1766_19	572511	571
k99_1766_20	572511	811
k99_1766_21	572511	447
k99_1766_22	572511	952
k99_1766_23	572511	566
k99_1766_24	572511	1126
k99_1766_26	572511	98
k99_1766_27	572511	217
k99_1766_28	572511	125
k99_1892_1	33035	778
k99_1892_2	33035	898
k99_1892_3	33035	263
k99_1892_4	572511	152
k99_913_1	562	397
k99_913_2	562	585
k99_913_3	543	432
k99_913_4	562	767
k99_913_5	562	666
k99_913_6	543	646
k99_913_7	543	987
k99_913_8	543	552
k99_1186_1	1547	1184
k99_1186_2	1547	187
k99_1186_3	1547	290
k99_1186_4	1547	634
k99_1186_5	1547	910
k99_1186_6	1547	1615
k99_1186_7	2810280	641
k99_1186_8	1547	312
k99_1186_9	1547	128
k99_2488_1	207244	343
k99_1194_1	1547	91
k99_1194_2	1547	500
k99_1194_3	1547	206
k99_1194_4	1547	193
k99_1194_5	1547	419
k99_2492_1	207244	501
k99_2492_2	105841	124
k99_1768_1	674529	1017
k99_1768_2	818	198
k99_1768_3	818	218
k99_1768_4	818	477
k99_1768_5	818	139
k99_1768_6	818	294
k99_1768_7	818	466
k99_1768_8	818	1631
k99_1768_9	816	230
k99_1768_10	818	159
k99_1768_11	818	729
k99_1768_12	818	291
k99_1768_13	818	313
k99_1768_14	816	56
k99_1768_15	818	2133
k99_1768_16	818	2511
k99_1768_17	818	213
k99_1768_18	818	404
k99_206_1	207244	439
k99_926_1	33035	207
k99_2331_1	572511	1578
k99_2331_2	1532	189
k99_2331_4	33035	151
k99_2331_5	572511	538
k99_2331_6	572511	209
k99_2331_7	572511	157
k99_2331_8	572511	300
k99_2331_9	572511	512
k99_2331_10	33035	458
k99_2331_11	572511	372
k99_2331_12	572511	333
k99_2331_13	572511	298
k99_2331_14	33035	144
k99_2331_15	572511	860
k99_2331_16	572511	810
k99_2331_17	572511	768
k99_2331_18	572511	667
k99_2331_19	572511	524
k99_2331_20	33035	343
k99_2331_21	572511	959
k99_2331_22	33035	536
k99_2331_23	33035	399
k99_2331_24	33035	514
k99_2331_25	572511	565
k99_2331_26	572511	663
k99_2331_27	572511	858
k99_2331_28	572511	627
k99_2331_29	572511	919
k99_2331_30	572511	1021
k99_2331_31	572511	817
k99_2331_32	33035	457
k99_2331_33	572511	523
k99_2331_34	572511	537
k99_2331_35	572511	841
k99_2331_36	572511	618
k99_2331_37	572511	694
k99_2331_38	572511	800
k99_2331_39	572511	487
k99_2331_40	572511	785
k99_2331_41	572511	603
k99_2331_42	572511	412
k99_2331_43	572511	607
k99_2331_44	572511	444
k99_2331_45	572511	374
k99_2331_46	33035	356
k99_2331_47	572511	415
k99_2331_48	33035	453
k99_2331_49	572511	997
k99_2331_50	572511	298
k99_2331_51	572511	665
k99_2331_52	572511	373
k99_2331_53	572511	253
k99_2331_54	572511	1162
k99_2331_55	572511	319
k99_2331_56	572511	1560
k99_2331_57	572511	134
k99_2331_58	572511	265
k99_2331_59	33035	106
k99_2331_60	572511	1501
k99_2331_62	572511	1181
k99_2331_63	572511	339
k99_2331_64	186803	890
k99_2331_65	572511	972
k99_2331_66	572511	176
k99_2331_67	572511	299
k99_2331_68	572511	182
k99_2331_69	572511	149
k99_2331_70	572511	164
k99_2331_71	572511	1149
k99_2331_72	572511	659
k99_2331_73	1532	60
k99_2331_74	33035	158
k99_2331_75	572511	870
k99_2331_76	572511	975
k99_2331_77	572511	340
k99_2331_78	572511	417
k99_2331_79	33035	293
k99_2331_80	572511	680
k99_2331_81	572511	440
k99_2331_82	572511	1466
k99_2331_83	33035	420
k99_2331_84	572511	1077
k99_2331_85	186803	248
k99_2331_86	572511	484
k99_2331_87	572511	133
k99_2331_88	572511	77
k99_2331_89	572511	280
k99_930_1	526525	109
k99_930_2	3025755	499
k99_71_1	562	834
k99_2499_1	186803	576
k99_935_1	562	775
k99_2196_1	572511	291
k99_2196_2	572511	596
k99_2196_3	572511	664
k99_2196_4	572511	846
k99_2196_5	572511	725
k99_2196_6	33035	237
k99_2196_7	33035	247
k99_2196_8	33035	176
k99_2196_9	572511	396
k99_2196_10	33035	176
k99_2196_11	572511	1017
k99_2196_12	572511	1494
k99_2196_13	572511	669
k99_2196_14	572511	586
k99_2196_15	33035	230
k99_1773_1	562	532
k99_1773_2	562	387
k99_1773_3	562	535
k99_1773_4	543	536
k99_1773_5	562	446
k99_1773_6	543	421
k99_1773_7	543	366
k99_1773_8	562	303
k99_1773_9	562	781
k99_1773_10	562	430
k99_1773_11	91347	155
k99_1773_12	543	108
k99_1773_13	562	557
k99_1773_14	562	316
k99_1773_15	562	835
k99_1773_16	562	553
k99_939_1	562	146
k99_939_2	562	518
k99_939_3	562	566
k99_2785_1	1547	325
k99_2785_2	1547	113
k99_2785_3	1547	103
k99_941_1	1547	87
k99_941_2	1547	991
k99_941_3	1547	313
k99_941_4	1547	196
k99_2057_1	818	1031
k99_2057_2	818	243
k99_2057_3	816	245
k99_2057_4	818	159
k99_2057_5	816	446
k99_2057_6	818	437
k99_2057_7	816	258
k99_2057_8	818	526
k99_2057_9	816	614
k99_2057_10	816	181
k99_2057_11	818	282
k99_2057_12	816	565
k99_2057_13	375288	70
k99_2057_14	818	195
k99_2057_15	816	198
k99_2057_16	816	496
k99_2057_17	816	223
k99_2057_18	816	1352
k99_2057_19	816	231
k99_2057_20	816	216
k99_2057_21	816	1781
k99_2057_22	816	468
k99_2057_23	817	505
k99_2057_24	817	368
k99_2057_25	816	3681
k99_2057_26	816	303
k99_2057_27	816	1362
k99_2057_28	816	885
k99_2057_29	816	671
k99_2057_30	817	136
k99_2057_31	171549	607
k99_2057_32	818	885
k99_2057_33	816	635
k99_2057_34	818	758
k99_2057_35	818	1803
k99_2057_36	816	324
k99_2057_37	816	236
k99_2057_38	817	805
k99_2057_39	816	310
k99_2057_40	816	905
k99_2057_41	816	339
k99_2057_42	818	194
k99_2057_43	816	564
k99_2057_44	816	420
k99_2057_45	816	1332
k99_2057_46	816	805
k99_2057_47	816	281
k99_2057_48	816	487
k99_2057_49	816	239
k99_2057_50	816	460
k99_2057_51	817	194
k99_2057_52	816	216
k99_2057_53	816	1356
k99_2057_54	815	1133
k99_2057_55	816	386
k99_2057_56	816	187
k99_2057_57	816	375
k99_2057_58	816	649
k99_2057_59	816	409
k99_2057_60	816	225
k99_2057_61	816	783
k99_2057_62	816	634
k99_2057_63	816	395
k99_2057_64	816	286
k99_2057_65	816	154
k99_2057_66	816	394
k99_2057_67	816	177
k99_2057_68	171549	150
k99_2057_69	816	326
k99_2057_70	816	172
k99_2057_71	816	176
k99_2057_72	816	206
k99_2057_73	816	617
k99_2057_74	816	278
k99_2057_75	816	826
k99_2057_76	816	692
k99_2057_77	816	345
k99_2057_78	818	318
k99_2057_79	816	443
k99_2057_80	816	483
k99_2057_81	818	468
k99_2057_82	816	415
k99_2057_83	818	932
k99_2057_84	818	1973
k99_1591_1	572511	1005
k99_1591_2	572511	588
k99_1591_3	572511	532
k99_1591_4	572511	855
k99_1591_5	572511	860
k99_1591_6	572511	685
k99_1591_7	33035	555
k99_1591_8	33035	631
k99_1591_9	572511	775
k99_1591_10	572511	889
k99_1591_11	33035	403
k99_1591_12	33035	322
k99_1591_13	572511	411
k99_1591_14	33035	433
k99_1591_15	33035	72
k99_1591_16	33035	321
k99_1591_17	572511	128
k99_1591_18	572511	919
k99_1591_19	33035	440
k99_1591_20	572511	620
k99_1591_21	33035	449
k99_1591_22	572511	1681
k99_1591_23	33035	330
k99_1591_24	33035	380
k99_1591_25	33035	676
k99_1591_26	572511	303
k99_1591_27	572511	752
k99_1591_28	572511	578
k99_1591_29	572511	617
k99_1591_30	572511	488
k99_1591_31	572511	461
k99_1591_32	572511	138
k99_1591_33	572511	613
k99_1591_34	572511	847
k99_1591_35	572511	503
k99_1591_36	572511	440
k99_1591_37	33035	310
k99_1591_38	33035	743
k99_1591_39	572511	449
k99_1591_40	572511	326
k99_1591_41	572511	1043
k99_1591_42	33035	299
k99_1591_44	572511	352
k99_1591_45	572511	1063
k99_1591_46	572511	408
k99_1591_47	572511	386
k99_1591_48	572511	670
k99_1591_49	572511	862
k99_1591_50	572511	438
k99_1591_51	572511	671
k99_1591_52	572511	352
k99_1591_53	572511	594
k99_1591_54	572511	563
k99_1591_55	572511	1065
k99_1591_56	572511	1167
k99_1591_57	572511	1045
k99_1591_58	33035	918
k99_1591_59	33035	556
k99_1591_60	33035	546
k99_1591_61	572511	1496
k99_1591_62	572511	1486
k99_1591_63	572511	465
k99_1591_64	572511	710
k99_1591_65	572511	670
k99_1591_66	33035	188
k99_1591_67	572511	441
k99_1591_68	572511	865
k99_1591_69	572511	358
k99_1591_70	572511	672
k99_1591_72	572511	1629
k99_1591_73	572511	850
k99_1591_74	572511	933
k99_1591_75	33035	2526
k99_1591_76	572511	613
k99_1591_77	572511	687
k99_1591_78	572511	896
k99_1591_79	572511	767
k99_1591_80	572511	818
k99_1591_81	572511	914
k99_75_1	1547	962
k99_75_2	3025755	1669
k99_75_3	1547	75
k99_75_4	1547	176
k99_1594_1	207244	324
k99_1594_2	105841	55
k99_1595_1	1547	472
k99_1595_2	1547	163
k99_2058_1	562	879
k99_2058_2	562	1498
k99_2058_3	562	531
k99_2058_4	562	601
k99_2058_5	562	543
k99_322_1	562	253
k99_322_2	562	649
k99_322_3	562	576
k99_322_4	562	712
k99_322_5	562	479
k99_78_1	1547	640
k99_78_2	1547	663
k99_78_3	1547	416
k99_78_4	1547	586
k99_78_5	1547	290
k99_78_6	1547	2312
k99_949_1	562	177
k99_949_2	562	877
k99_949_3	562	816
k99_949_4	562	634
k99_949_5	562	141
k99_949_6	562	199
k99_949_7	562	97
k99_1785_1	572511	193
k99_1785_2	572511	783
k99_1785_3	572511	567
k99_1216_1	816	288
k99_1216_2	818	298
k99_1216_3	818	362
k99_1216_4	816	253
k99_1216_5	816	135
k99_1467_1	543	641
k99_1467_2	562	271
k99_1467_3	543	971
k99_1467_4	543	577
k99_1467_5	543	551
k99_1467_6	562	577
k99_1467_7	562	652
k99_1467_8	562	882
k99_1467_9	562	457
k99_86_1	562	566
k99_86_2	562	393
k99_86_3	562	303
k99_86_4	562	664
k99_86_5	562	884
k99_86_6	562	980
k99_86_7	562	243
k99_2513_1	1547	933
k99_2513_2	1547	189
k99_2513_3	1547	692
k99_2513_4	1547	1298
k99_2513_5	1547	1092
k99_2514_1	562	210
k99_2514_2	561	202
k99_2514_3	562	167
k99_2514_4	562	979
k99_2514_5	562	537
k99_90_1	572511	300
k99_90_2	572511	125
k99_2336_1	572511	333
k99_2337_1	562	142
k99_2337_2	562	569
k99_2337_3	562	103
k99_2337_4	562	234
k99_2337_5	562	53
k99_2337_6	562	271
k99_1906_1	543	126
k99_1906_2	543	296
k99_1907_1	562	685
k99_2518_2	572511	495
k99_2518_3	33035	143
k99_2518_4	33035	204
k99_2518_5	186803	657
k99_2518_6	572511	466
k99_2518_7	33035	1182
k99_2518_8	33035	432
k99_2518_9	572511	702
k99_2518_10	33035	286
k99_2518_11	572511	830
k99_2518_12	572511	395
k99_2518_13	33035	702
k99_2518_14	572511	655
k99_1914_1	562	480
k99_1914_2	562	245
k99_1914_3	562	151
k99_1914_4	562	451
k99_1914_5	562	459
k99_1914_6	562	895
k99_491_1	562	725
k99_491_2	562	873
k99_491_3	562	1921
k99_491_4	562	507
k99_491_5	562	890
k99_491_6	562	2110
k99_491_7	562	393
k99_491_8	562	525
k99_491_9	562	1053
k99_491_10	562	594
k99_491_11	562	945
k99_491_12	562	833
k99_491_13	562	803
k99_491_14	562	787
k99_491_15	562	1149
k99_491_16	562	327
k99_491_17	562	585
k99_491_18	562	1514
k99_491_19	562	203
k99_1328_3	818	475
k99_1328_4	818	797
k99_1328_5	816	1084
k99_1328_6	818	593
k99_1328_7	818	886
k99_1328_8	818	1919
k99_1328_9	818	1110
k99_1328_10	818	1268
k99_1328_11	818	1323
k99_1328_12	818	461
k99_1328_13	816	567
k99_1328_14	816	672
k99_1328_15	816	1132
k99_1328_16	818	1117
k99_1328_17	818	272
k99_1328_18	818	3293
k99_1328_19	818	320
k99_1328_20	818	209
k99_1328_21	818	516
k99_1328_22	818	1125
k99_1328_23	818	819
k99_1328_24	818	692
k99_1328_25	818	234
k99_1328_26	818	351
k99_1328_27	818	268
k99_1328_28	818	154
k99_1328_29	818	57
k99_1328_30	818	724
k99_1603_1	818	756
k99_1603_2	816	192
k99_1603_3	816	125
k99_1603_4	816	778
k99_1603_5	816	1248
k99_1603_6	816	2201
k99_1603_7	816	176
k99_2535_1	105841	313
k99_494_1	1547	66
k99_494_2	1547	1089
k99_494_3	1547	306
k99_494_4	1547	529
k99_494_5	1547	116
k99_494_6	1547	765
k99_494_7	1547	1159
k99_494_8	1547	1187
k99_494_9	1547	586
k99_494_10	1547	295
k99_494_11	3025755	1627
k99_342_1	1547	1413
k99_342_2	1547	345
k99_342_3	3025755	480
k99_342_4	1547	108
k99_342_5	3025755	113
k99_342_6	1547	753
k99_342_7	1547	645
k99_342_8	1547	980
k99_342_9	1547	551
k99_342_10	1547	1061
k99_342_11	1547	1078
k99_1611_1	818	801
k99_100_1	1547	836
k99_100_2	1547	251
k99_100_3	1547	474
k99_100_4	1547	405
k99_100_5	1547	123
k99_100_6	3025755	369
k99_100_7	1547	3005
k99_100_8	1547	899
k99_100_9	1547	327
k99_100_10	1547	556
k99_100_11	1547	577
k99_100_12	1547	467
k99_100_13	3025755	1741
k99_100_14	1547	829
k99_100_15	1547	1071
k99_100_16	1547	962
k99_100_17	1547	552
k99_100_18	1547	481
k99_100_19	1547	453
k99_100_20	1547	145
k99_1046_1	572511	845
k99_1797_1	105841	199
k99_232_1	572511	412
k99_1618_1	562	152
k99_1618_2	562	962
k99_105_1	562	813
k99_105_2	562	422
k99_2348_1	33035	370
k99_107_1	562	617
k99_107_2	562	484
k99_107_3	562	325
k99_107_4	562	490
k99_107_5	562	233
k99_1048_1	207244	160
k99_1048_2	207244	161
k99_2550_1	572511	694
k99_2550_2	572511	299
k99_2550_3	572511	1715
k99_2550_4	572511	393
k99_2550_5	572511	539
k99_2550_6	572511	172
k99_2550_7	572511	877
k99_2550_8	572511	131
k99_2550_9	572511	145
k99_2550_10	572511	1431
k99_2550_11	572511	806
k99_2550_12	572511	791
k99_2550_13	572511	352
k99_2550_14	572511	129
k99_2550_15	572511	385
k99_2550_16	572511	633
k99_2550_17	33035	139
k99_740_1	818	427
k99_740_2	818	860
k99_740_3	818	729
k99_740_4	818	919
k99_740_5	816	291
k99_740_6	816	288
k99_740_7	818	957
k99_740_8	818	1726
k99_740_9	818	1622
k99_740_10	818	643
k99_740_11	818	517
k99_740_12	818	827
k99_740_13	818	902
k99_740_14	816	598
k99_740_15	818	2206
k99_740_16	818	944
k99_740_17	818	680
k99_740_18	818	1898
k99_740_19	818	2948
k99_740_20	818	449
k99_740_21	818	1472
k99_740_22	818	786
k99_740_23	816	1933
k99_740_24	816	878
k99_740_25	816	1085
k99_740_26	818	611
k99_740_27	818	879
k99_740_28	818	498
k99_740_29	818	855
k99_740_30	816	1352
k99_740_31	818	353
k99_740_32	818	576
k99_740_33	818	493
k99_740_34	818	1073
k99_740_35	818	2122
k99_740_36	818	1102
k99_740_37	818	517
k99_740_38	816	301
k99_740_39	816	681
k99_740_40	818	616
k99_740_41	818	282
k99_740_42	818	296
k99_740_43	818	330
k99_740_44	818	547
k99_740_45	818	1389
k99_740_46	816	357
k99_740_47	816	521
k99_740_48	816	112
k99_740_49	816	698
k99_740_50	816	128
k99_740_51	816	188
k99_740_52	818	986
k99_740_53	818	952
k99_740_54	818	276
k99_740_55	818	1256
k99_740_56	818	1592
k99_740_57	818	1216
k99_740_58	818	1008
k99_740_59	818	513
k99_740_60	818	671
k99_740_61	818	563
k99_740_62	818	476
k99_740_63	816	305
k99_740_64	816	1323
k99_740_65	816	1057
k99_740_66	818	1641
k99_740_67	818	1060
k99_740_68	816	1048
k99_740_69	816	219
k99_740_70	816	469
k99_740_71	818	454
k99_740_72	816	1102
k99_740_73	816	773
k99_236_1	1547	287
k99_236_2	1547	358
k99_236_3	1547	1028
k99_236_4	1547	912
k99_236_5	1547	125
k99_236_6	1547	722
k99_1332_1	1547	348
k99_1052_1	562	975
k99_1052_2	562	440
k99_1052_3	562	556
k99_1052_4	562	311
k99_1052_5	562	743
k99_1052_6	562	447
k99_1052_7	562	162
k99_1232_1	207244	342
k99_1917_1	562	334
k99_1917_2	562	363
k99_1917_3	562	266
k99_343_1	562	278
k99_343_2	562	422
k99_343_3	562	216
k99_343_4	562	548
k99_343_5	543	270
k99_343_6	91347	148
k99_343_7	543	215
k99_343_8	543	256
k99_343_9	562	179
k99_343_10	562	473
k99_343_11	562	570
k99_343_12	543	432
k99_343_13	562	303
k99_343_14	543	201
k99_343_15	543	892
k99_343_16	543	759
k99_343_17	562	488
k99_343_18	562	502
k99_343_19	562	207
k99_343_20	562	177
k99_343_21	562	1092
k99_343_22	562	815
k99_343_23	562	430
k99_343_24	562	254
k99_343_25	562	449
k99_343_26	562	394
k99_343_27	562	259
k99_343_28	543	473
k99_343_29	562	1552
k99_343_30	543	275
k99_343_31	543	864
k99_343_32	562	132
k99_343_33	562	625
k99_343_34	562	728
k99_343_35	561	821
k99_343_36	543	149
k99_343_37	562	619
k99_343_38	562	1202
k99_343_39	562	838
k99_343_40	562	310
k99_343_41	562	1003
k99_343_42	562	776
k99_344_1	562	162
k99_344_2	562	489
k99_1920_1	1547	718
k99_1920_2	1547	348
k99_1920_3	1547	446
k99_1920_4	1547	499
k99_1920_5	1547	776
k99_1920_6	1547	366
k99_1920_7	1547	90
k99_748_1	561	305
k99_2609_2	818	294
k99_2609_3	818	533
k99_2609_4	816	103
k99_2609_5	818	1248
k99_2609_6	818	2003
k99_2609_7	818	447
k99_2609_8	818	1204
k99_2609_9	818	653
k99_2609_10	818	1407
k99_2609_11	818	2086
k99_2609_12	818	981
k99_2609_13	818	89
k99_2609_14	816	1036
k99_2609_15	816	248
k99_2609_16	816	613
k99_2609_17	818	1409
k99_2609_18	818	335
k99_2609_19	816	299
k99_2609_20	818	1148
k99_2609_21	816	377
k99_2609_22	818	560
k99_2609_23	816	182
k99_2609_24	816	725
k99_2609_25	818	408
k99_2609_26	816	337
k99_2609_27	818	877
k99_2609_28	818	1264
k99_2609_29	818	345
k99_2609_30	818	145
k99_2609_31	818	436
k99_2609_32	818	2226
k99_2609_33	818	1352
k99_2609_34	818	853
k99_2609_35	818	1719
k99_2609_36	818	969
k99_2609_37	816	595
k99_2609_38	818	2345
k99_2609_39	816	734
k99_2609_40	818	429
k99_2609_41	818	583
k99_2609_42	818	548
k99_2609_43	818	2785
k99_2609_44	818	412
k99_2609_45	818	103
k99_2609_46	818	397
k99_2609_47	818	951
k99_2609_48	818	121
k99_2609_49	818	99
k99_2609_50	818	424
k99_2609_51	818	853
k99_2609_52	818	970
k99_2609_53	818	113
k99_2609_54	818	853
k99_2609_55	818	698
k99_2609_56	818	691
k99_2609_57	818	1915
k99_2609_58	818	175
k99_2609_59	816	114
k99_2609_60	818	699
k99_2609_61	816	306
k99_2609_62	816	672
k99_2609_63	818	453
k99_2609_64	816	639
k99_2609_65	816	632
k99_2609_66	818	500
k99_2609_67	816	507
k99_2609_68	818	662
k99_2609_69	818	560
k99_2609_70	816	366
k99_2609_71	816	79
k99_2609_72	816	781
k99_2609_73	816	720
k99_2609_74	816	544
k99_2609_75	816	809
k99_2609_76	818	468
k99_2609_77	816	917
k99_2609_78	816	453
k99_2609_79	816	350
k99_2609_80	818	610
k99_2609_81	818	291
k99_2609_82	818	1541
k99_2609_83	818	1370
k99_2609_84	818	1060
k99_2609_85	816	247
k99_2609_86	818	204
k99_2609_87	818	130
k99_2609_88	818	587
k99_2609_89	818	1558
k99_2609_90	818	585
k99_2609_91	818	729
k99_2609_92	818	468
k99_2609_93	818	677
k99_2609_94	816	563
k99_2609_95	818	1095
k99_2609_96	818	845
k99_2609_97	818	1196
k99_2609_98	818	437
k99_2609_99	818	913
k99_2609_100	818	2537
k99_2609_101	818	2027
k99_2609_102	818	556
k99_2609_103	818	1221
k99_2609_104	818	2719
k99_2609_105	816	221
k99_2609_106	818	954
k99_2609_107	818	1293
k99_2609_108	818	806
k99_2609_109	818	1057
k99_2609_110	818	2277
k99_2609_112	818	412
k99_2609_113	818	1080
k99_2609_114	818	1188
k99_2609_115	818	2113
k99_2609_116	818	1178
k99_2609_117	818	1148
k99_2609_118	818	1065
k99_2609_119	818	2163
k99_2609_120	818	1540
k99_2609_121	818	1410
k99_2609_122	818	395
k99_2609_123	818	1439
k99_2609_124	818	1145
k99_2609_125	818	476
k99_2609_126	818	1257
k99_2609_127	818	2016
k99_2609_128	818	943
k99_2609_129	818	658
k99_2609_130	818	881
k99_2609_131	818	2069
k99_2609_132	818	121
k99_2609_133	818	1992
k99_2609_134	818	849
k99_2609_135	818	1026
k99_2609_136	818	398
k99_2609_137	818	961
k99_2609_138	818	1904
k99_601_1	561	667
k99_601_2	562	659
k99_601_3	562	848
k99_601_4	562	127
k99_601_5	562	494
k99_601_6	562	617
k99_601_7	562	517
k99_601_8	562	535
k99_601_9	543	857
k99_601_10	543	455
k99_601_11	562	2757
k99_601_12	562	1224
k99_601_13	562	325
k99_1924_1	562	259
k99_1924_2	562	200
k99_1924_3	562	74
k99_2557_1	207244	162
k99_2557_2	207244	261
k99_2612_1	818	102
k99_1931_1	543	515
k99_1931_2	562	258
k99_1931_3	562	122
k99_1931_4	562	278
k99_1931_5	562	135
k99_1799_1	562	923
k99_1799_2	562	416
k99_1799_3	562	764
k99_1799_4	543	64
k99_1799_5	562	793
k99_1799_6	562	714
k99_1799_7	562	210
k99_1799_8	562	150
k99_1799_9	562	716
k99_1799_10	562	161
k99_1799_11	562	919
k99_1799_12	562	124
k99_1799_13	562	734
k99_1799_14	562	509
k99_1799_15	562	300
k99_1799_16	562	340
k99_1799_17	562	132
k99_1799_18	562	424
k99_1799_19	562	186
k99_1799_20	562	88
k99_1799_21	561	629
k99_1799_22	562	608
k99_1799_23	562	786
k99_1799_24	562	1924
k99_1799_25	562	278
k99_131_1	207244	112
k99_131_2	207244	237
k99_132_1	1547	127
k99_132_2	1547	361
k99_975_1	1547	836
k99_975_2	1547	483
k99_975_3	1547	327
k99_975_4	1547	322
k99_975_5	1547	232
k99_975_6	1547	468
k99_975_7	1547	573
k99_975_8	1547	339
k99_1471_1	1239	175
k99_1471_2	186801	254
k99_1471_3	186803	527
k99_1471_4	572511	295
k99_1471_5	33035	295
k99_1471_6	186803	1524
k99_1471_7	186803	245
k99_1471_8	33035	1171
k99_1471_9	33035	571
k99_1471_11	33035	525
k99_1471_12	33035	857
k99_1471_13	33035	148
k99_1471_14	33035	392
k99_1471_15	186802	221
k99_1471_16	33035	259
k99_1471_17	33035	340
k99_1471_18	33035	216
k99_1471_19	33035	249
k99_1471_20	33035	1179
k99_1471_21	33035	142
k99_1471_22	39491	122
k99_1471_23	33035	1535
k99_1471_24	33035	162
k99_1471_25	186803	842
k99_1471_26	33035	141
k99_1471_27	33035	1311
k99_1471_29	33035	939
k99_1471_30	33035	704
k99_1471_31	186803	240
k99_1471_32	33035	271
k99_1471_33	186803	1313
k99_1471_34	186803	735
k99_1471_35	572511	1323
k99_1471_36	186803	991
k99_1471_37	33035	218
k99_1471_38	33035	221
k99_1471_39	572511	899
k99_1471_40	572511	561
k99_1471_41	572511	283
k99_1471_42	572511	289
k99_1471_43	33035	890
k99_1471_44	186803	426
k99_1471_45	572511	481
k99_1471_46	572511	280
k99_1471_47	33035	370
k99_1471_48	572511	690
k99_1471_49	1532	605
k99_1471_50	33035	320
k99_1471_51	572511	1087
k99_1471_52	572511	989
k99_1471_53	572511	195
k99_1471_54	33035	244
k99_1471_55	33035	219
k99_1471_56	572511	370
k99_1471_57	33035	157
k99_1471_58	33035	405
k99_1471_59	572511	698
k99_1471_60	33035	615
k99_1471_61	1532	742
k99_1471_62	572511	793
k99_1471_63	572511	679
k99_1471_64	572511	169
k99_1471_65	572511	702
k99_1471_66	572511	1701
k99_1471_67	572511	682
k99_1471_68	33035	848
k99_1471_69	1532	562
k99_1471_70	1532	727
k99_1471_71	572511	507
k99_1471_72	33035	459
k99_1471_73	572511	214
k99_1471_74	33035	209
k99_1471_75	572511	754
k99_1471_76	33035	194
k99_1471_77	572511	249
k99_1471_78	572511	1162
k99_1471_79	572511	336
k99_1471_80	572511	455
k99_1471_81	572511	397
k99_1471_82	572511	556
k99_1471_83	572511	538
k99_1471_84	572511	843
k99_1471_85	572511	301
k99_1471_86	572511	142
k99_1471_87	572511	3078
k99_1471_89	33035	1003
k99_1471_90	572511	578
k99_1471_91	572511	571
k99_1471_92	572511	633
k99_1471_93	572511	328
k99_1471_94	33035	488
k99_1471_95	572511	493
k99_1471_96	33035	551
k99_1471_97	572511	319
k99_1471_98	572511	116
k99_1471_99	572511	170
k99_1471_100	572511	1138
k99_1471_101	572511	389
k99_1471_102	572511	883
k99_1471_103	572511	1181
k99_1471_104	572511	758
k99_1471_105	572511	739
k99_1471_106	572511	299
k99_1471_107	572511	457
k99_1471_108	33035	157
k99_1471_109	572511	1508
k99_1471_110	572511	1865
k99_1471_111	1532	277
k99_1471_112	572511	592
k99_1471_113	572511	457
k99_1471_114	572511	488
k99_1471_115	572511	889
k99_1471_116	572511	186
k99_1471_117	33035	464
k99_1471_118	33035	1539
k99_1471_119	572511	733
k99_1471_120	572511	696
k99_1471_121	572511	1522
k99_1471_123	572511	442
k99_1471_124	572511	653
k99_1471_125	572511	732
k99_1471_126	572511	89
k99_1471_127	572511	1298
k99_1471_128	572511	282
k99_1471_129	572511	254
k99_1471_130	572511	628
k99_1471_131	33035	209
k99_1471_133	572511	1149
k99_1471_134	572511	897
k99_1471_135	572511	426
k99_1471_136	572511	667
k99_1471_137	572511	765
k99_1471_138	572511	869
k99_1471_139	572511	340
k99_1471_140	572511	774
k99_1471_141	572511	579
k99_2089_1	207244	213
k99_2089_2	207244	107
k99_135_1	562	941
k99_135_2	543	625
k99_135_3	562	580
k99_135_4	562	513
k99_135_5	562	499
k99_135_6	562	619
k99_135_7	562	367
k99_135_8	562	805
k99_1057_1	562	356
k99_1057_2	562	561
k99_1057_3	562	981
k99_1057_4	562	139
k99_2616_1	562	845
k99_2616_2	562	665
k99_2616_3	562	842
k99_2616_4	562	597
k99_2616_5	562	462
k99_2616_6	543	160
k99_1943_1	562	607
k99_1943_2	562	566
k99_1632_1	562	359
k99_1632_2	562	317
k99_611_1	562	1646
k99_611_2	562	500
k99_611_3	562	715
k99_611_4	562	142
k99_611_5	562	418
k99_611_6	562	827
k99_611_7	543	919
k99_611_8	562	1857
k99_611_9	562	862
k99_611_10	562	402
k99_611_11	562	841
k99_611_12	562	526
k99_611_13	562	234
k99_611_14	562	411
k99_611_15	562	624
k99_611_16	562	598
k99_611_17	562	417
k99_611_18	562	939
k99_611_19	543	661
k99_611_20	543	130
k99_611_21	562	1163
k99_611_22	543	911
k99_2094_1	1547	917
k99_2094_2	1547	269
k99_2094_3	1547	845
k99_2094_4	1547	397
k99_2094_5	1547	544
k99_2094_6	1547	432
k99_2094_7	1547	456
k99_2094_8	1547	263
k99_2094_9	1547	791
k99_2094_10	1547	297
k99_2094_11	1547	529
k99_2094_12	1547	868
k99_2094_13	1547	1062
k99_2094_14	1547	261
k99_2094_15	1547	218
k99_2094_16	1547	69
k99_2094_17	1547	1151
k99_2094_18	1547	788
k99_2094_19	1547	1290
k99_2094_20	1547	1875
k99_2094_21	1547	271
k99_1349_1	572511	390
k99_1349_2	572511	471
k99_1349_3	572511	343
k99_1349_4	572511	452
k99_1349_5	572511	238
k99_1349_6	572511	893
k99_1349_7	572511	654
k99_1349_8	572511	2112
k99_1349_9	33035	606
k99_1349_10	572511	395
k99_1349_11	572511	453
k99_1349_12	572511	862
k99_1349_13	1532	492
k99_1349_14	572511	456
k99_1349_15	572511	232
k99_1349_16	572511	278
k99_1349_17	572511	81
k99_507_1	105841	365
k99_1350_1	562	609
k99_1350_2	562	650
k99_1350_3	562	644
k99_1350_4	562	486
k99_1350_5	562	553
k99_1350_6	562	523
k99_1350_7	562	507
k99_1350_8	562	170
k99_2100_1	562	187
k99_2100_2	562	467
k99_2100_3	562	639
k99_2100_4	562	295
k99_1946_1	562	598
k99_989_1	572511	340
k99_989_2	572511	477
k99_989_3	33035	272
k99_989_4	572511	186
k99_989_5	572511	299
k99_989_6	572511	693
k99_989_7	572511	666
k99_989_8	572511	310
k99_1949_1	562	381
k99_369_1	137838	179
k99_369_2	186803	533
k99_2111_1	543	283
k99_2111_2	562	369
k99_2111_3	562	1208
k99_2111_4	562	674
k99_2111_5	562	450
k99_2111_6	562	679
k99_2630_1	207244	172
k99_998_1	572511	1356
k99_998_2	572511	627
k99_255_1	1547	179
k99_255_2	2810280	166
k99_255_3	1547	729
k99_255_4	1547	629
k99_255_5	1547	1489
k99_255_6	1547	728
k99_255_7	1547	106
k99_255_8	1547	549
k99_255_9	1547	560
k99_255_10	1547	899
k99_255_11	1547	558
k99_255_12	1547	724
k99_255_13	1547	429
k99_255_14	1547	971
k99_255_15	1547	554
k99_255_16	1547	414
k99_255_17	1547	682
k99_255_18	1547	822
k99_255_19	1547	140
k99_255_20	3025755	1176
k99_255_21	1547	305
k99_1002_1	207244	286
k99_1002_2	105841	169
k99_2378_1	562	253
k99_2378_2	562	184
k99_2378_3	543	988
k99_2378_4	562	228
k99_2378_5	562	561
k99_2378_6	562	684
k99_2378_7	543	379
k99_2378_8	561	77
k99_2378_9	543	86
k99_2378_10	562	190
k99_2378_11	562	365
k99_2378_12	562	772
k99_2378_13	562	241
k99_2378_14	562	265
k99_2378_15	543	509
k99_2378_16	562	509
k99_1062_1	1547	328
k99_1062_2	1547	801
k99_1954_1	562	246
k99_1954_2	562	61
k99_2382_1	818	224
k99_2382_2	818	181
k99_2636_1	562	215
k99_2636_2	543	427
k99_2636_3	562	131
k99_2636_4	543	315
k99_256_1	1547	352
k99_256_2	1547	907
k99_256_3	1547	1592
k99_256_4	1547	460
k99_256_5	3025755	381
k99_256_6	1547	755
k99_256_7	1547	499
k99_256_8	1547	824
k99_256_9	1547	279
k99_256_10	1547	269
k99_2385_1	1547	3041
k99_1479_1	562	387
k99_1274_1	572511	857
k99_1274_2	572511	182
k99_1274_3	186801	207
k99_1274_4	572511	631
k99_1274_5	33035	459
k99_1274_6	572511	823
k99_1274_7	186803	201
k99_1274_8	572511	311
k99_1274_10	572511	629
k99_1274_11	572511	256
k99_1274_12	33035	195
k99_1274_13	186803	224
k99_1274_14	33035	238
k99_1274_15	186803	572
k99_1274_16	186803	345
k99_1274_17	186803	542
k99_1274_18	33035	645
k99_1274_19	186803	780
k99_1274_20	207244	565
k99_1648_1	572511	216
k99_1648_2	572511	233
k99_1648_3	33035	593
k99_1648_4	572511	674
k99_1648_5	33035	845
k99_1648_6	572511	1276
k99_1648_7	572511	183
k99_1648_8	572511	441
k99_1648_9	572511	170
k99_1648_10	572511	825
k99_1648_11	572511	561
k99_1648_12	572511	633
k99_1648_13	572511	266
k99_1648_14	572511	472
k99_1648_15	572511	1435
k99_1648_16	572511	625
k99_1648_17	572511	1867
k99_1648_19	572511	301
k99_1648_20	572511	774
k99_1648_21	572511	1177
k99_1648_22	572511	721
k99_1648_23	572511	575
k99_1648_24	572511	142
k99_1648_25	572511	638
k99_1648_26	1532	1435
k99_1648_27	572511	613
k99_1648_28	572511	909
k99_1648_29	572511	452
k99_1648_30	572511	432
k99_1648_31	572511	602
k99_1648_32	572511	491
k99_1648_33	33035	229
k99_1648_34	33035	308
k99_1648_35	572511	278
k99_1648_36	572511	138
k99_750_1	818	249
k99_750_2	816	1016
k99_750_3	816	176
k99_750_4	818	704
k99_750_5	818	293
k99_750_6	816	856
k99_750_7	818	427
k99_750_8	816	159
k99_750_9	818	206
k99_750_10	818	921
k99_750_11	818	520
k99_750_12	818	1347
k99_750_13	818	1332
k99_750_14	818	580
k99_750_15	818	899
k99_750_16	818	917
k99_750_17	818	626
k99_750_18	818	1036
k99_750_19	818	1113
k99_750_20	816	442
k99_750_21	816	776
k99_750_22	818	553
k99_750_23	816	1209
k99_750_24	818	588
k99_750_25	816	817
k99_750_26	816	801
k99_750_28	818	798
k99_750_29	818	985
k99_750_30	818	307
k99_750_31	818	780
k99_750_32	818	637
k99_750_33	818	800
k99_750_34	818	879
k99_750_35	818	821
k99_750_36	818	731
k99_750_37	818	458
k99_750_38	818	1570
k99_750_39	816	116
k99_750_40	818	326
k99_750_41	818	391
k99_750_42	818	308
k99_750_43	816	218
k99_750_44	818	1642
k99_750_45	818	680
k99_750_46	818	720
k99_750_47	816	461
k99_750_48	818	324
k99_750_49	818	924
k99_750_50	818	416
k99_750_51	816	885
k99_750_52	818	937
k99_750_53	816	407
k99_750_54	816	1007
k99_750_55	816	1000
k99_750_56	816	342
k99_750_57	818	1529
k99_750_58	818	435
k99_750_59	818	528
k99_750_60	818	448
k99_750_61	818	756
k99_750_62	818	1621
k99_750_63	818	737
k99_750_64	818	2070
k99_750_65	818	1001
k99_750_66	818	744
k99_750_67	818	734
k99_750_68	816	99
k99_750_69	818	144
k99_750_70	818	704
k99_750_71	816	523
k99_750_72	816	787
k99_750_73	818	384
k99_750_74	818	551
k99_750_75	818	285
k99_750_76	818	182
k99_750_77	818	545
k99_750_78	818	427
k99_750_79	818	445
k99_750_80	818	405
k99_750_81	818	258
k99_750_82	816	236
k99_750_83	818	220
k99_750_84	818	1475
k99_750_85	818	331
k99_750_86	818	420
k99_750_87	816	1016
k99_750_88	818	818
k99_750_89	818	555
k99_750_90	818	884
k99_750_91	816	447
k99_750_92	818	374
k99_750_93	818	357
k99_750_94	818	562
k99_750_95	818	626
k99_750_96	818	2082
k99_750_97	818	2799
k99_750_98	818	409
k99_750_99	818	419
k99_750_100	818	549
k99_750_101	818	1175
k99_750_102	818	479
k99_750_103	818	712
k99_750_104	818	681
k99_750_105	818	395
k99_750_106	818	791
k99_750_107	818	605
k99_750_108	818	623
k99_750_109	818	610
k99_750_110	818	249
k99_750_111	818	764
k99_750_112	818	239
k99_750_113	818	701
k99_750_114	818	313
k99_750_115	818	375
k99_750_116	818	213
k99_750_117	818	854
k99_750_118	818	355
k99_750_119	818	579
k99_750_120	816	287
k99_750_121	818	561
k99_750_122	818	402
k99_750_123	816	570
k99_750_124	816	403
k99_750_125	816	483
k99_750_126	816	497
k99_750_127	816	413
k99_750_128	816	478
k99_750_129	816	865
k99_750_130	816	771
k99_750_131	816	323
k99_750_132	816	240
k99_750_133	816	776
k99_750_134	816	639
k99_750_135	818	574
k99_750_136	818	667
k99_750_137	818	523
k99_750_138	818	1046
k99_750_139	816	261
k99_750_140	816	715
k99_750_141	816	558
k99_750_142	818	780
k99_750_143	818	1030
k99_750_144	816	486
k99_750_145	818	1100
k99_750_146	818	379
k99_750_147	818	249
k99_750_148	818	1400
k99_1650_1	1547	271
k99_2130_1	572511	98
k99_2130_2	572511	466
k99_2130_3	572511	475
k99_2130_4	572511	350
k99_2130_5	33035	923
k99_2130_6	33035	983
k99_2130_7	33035	704
k99_2130_8	572511	204
k99_1482_1	818	862
k99_1482_2	818	1442
k99_1482_3	818	2064
k99_1482_4	818	1311
k99_1482_5	818	946
k99_1482_6	818	1227
k99_1482_7	818	103
k99_1482_8	818	204
k99_1482_9	818	847
k99_1482_10	818	755
k99_1482_11	818	920
k99_1482_12	818	1858
k99_1482_13	818	988
k99_1482_14	818	975
k99_1482_15	818	1110
k99_1482_16	818	1145
k99_1482_17	816	2174
k99_1482_18	818	844
k99_1969_1	562	418
k99_1969_2	562	502
k99_1969_3	562	751
k99_1291_1	105841	50
k99_1291_2	105841	102
k99_379_1	562	1480
k99_379_2	561	536
k99_379_3	543	474
k99_379_4	543	533
k99_379_5	543	466
k99_379_6	561	337
k99_379_7	562	769
k99_379_8	562	505
k99_379_9	562	502
k99_379_10	562	886
k99_379_11	562	1646
k99_379_12	562	285
k99_379_13	562	568
k99_379_14	543	304
k99_379_15	562	432
k99_379_16	562	758
k99_379_17	562	388
k99_379_18	543	2301
k99_379_19	543	621
k99_379_20	562	1327
k99_262_1	1547	137
k99_262_2	2810280	123
k99_262_3	1547	223
k99_262_4	1547	151
k99_514_1	572511	541
k99_514_2	572511	817
k99_514_3	572511	1140
k99_514_4	572511	904
k99_514_5	572511	528
k99_514_6	572511	508
k99_514_7	572511	1245
k99_514_8	33035	690
k99_514_9	33035	137
k99_514_10	572511	200
k99_514_11	572511	766
k99_514_12	572511	3042
k99_514_13	572511	1130
k99_514_14	572511	1039
k99_514_15	572511	548
k99_514_16	33035	234
k99_514_17	572511	369
k99_514_18	572511	825
k99_514_19	572511	385
k99_514_20	33035	219
k99_514_21	33035	562
k99_514_22	572511	394
k99_514_23	572511	835
k99_514_24	572511	470
k99_514_25	572511	624
k99_514_26	572511	245
k99_514_27	572511	400
k99_514_28	572511	338
k99_514_29	572511	297
k99_514_30	572511	758
k99_514_31	572511	521
k99_514_32	572511	714
k99_514_33	572511	325
k99_514_34	572511	421
k99_514_35	572511	355
k99_514_36	33035	335
k99_514_37	572511	846
k99_514_38	572511	500
k99_514_39	572511	239
k99_514_40	572511	574
k99_514_41	572511	137
k99_514_42	572511	130
k99_514_43	572511	478
k99_514_44	33035	562
k99_514_45	33035	623
k99_514_46	1532	584
k99_514_47	572511	568
k99_514_48	572511	808
k99_514_49	1532	657
k99_514_50	1532	656
k99_514_51	572511	477
k99_2416_1	543	202
k99_2416_2	562	452
k99_1067_1	207244	202
k99_1067_2	207244	138
k99_1988_1	1547	452
k99_2418_1	1547	961
k99_2418_2	1547	1422
k99_2418_3	1547	375
k99_2418_4	1547	2218
k99_2418_5	1547	379
k99_2418_6	1547	408
k99_2418_7	1547	230
k99_2418_8	1547	309
k99_2418_9	1547	405
k99_2418_10	1547	577
k99_2418_11	1547	305
k99_2418_12	1547	449
k99_2418_13	1547	416
k99_2418_14	1547	799
k99_2418_15	1547	73
k99_2423_1	562	309
k99_2423_2	562	186
k99_2423_3	562	273
k99_2423_4	562	255
k99_2423_5	562	187
k99_2423_6	562	339
k99_2423_7	562	739
k99_1507_1	1547	526
k99_1507_2	1547	170
k99_1507_3	1547	347
k99_1507_4	1547	1006
k99_1507_5	3025755	828
k99_1507_6	1547	1009
k99_1507_7	1547	285
k99_1507_8	1547	475
k99_1507_9	1547	474
k99_1507_10	1547	325
k99_1507_11	1547	521
k99_1507_12	1547	464
k99_1507_13	1547	1205
k99_1507_14	1547	421
k99_1507_15	3025755	699
k99_1358_1	818	50
k99_1358_2	818	1114
k99_1358_3	818	2208
k99_1358_4	818	627
k99_1358_5	818	354
k99_1358_6	816	1385
k99_1358_7	818	753
k99_1358_8	816	280
k99_1358_9	816	257
k99_1358_10	818	582
k99_1358_11	818	773
k99_1358_12	816	334
k99_1358_13	818	136
k99_1358_14	816	992
k99_1358_15	816	634
k99_1358_16	818	443
k99_1358_17	818	1006
k99_1358_18	818	810
k99_1358_19	47678	88
k99_1358_20	818	140
k99_1358_21	816	826
k99_1358_22	818	2876
k99_1358_23	816	806
k99_1358_24	818	111
k99_1358_25	818	720
k99_1358_26	818	328
k99_1358_27	816	427
k99_1358_28	816	645
k99_1358_29	816	538
k99_1358_30	816	214
k99_1358_31	816	332
k99_1358_32	816	666
k99_1358_33	818	204
k99_1358_34	816	582
k99_1358_35	816	542
k99_1358_36	816	748
k99_1358_37	816	236
k99_1358_38	28116	60
k99_1358_39	816	206
k99_1358_40	816	157
k99_1358_41	816	310
k99_1358_42	816	391
k99_1358_43	816	611
k99_1358_44	816	826
k99_1358_45	816	207
k99_1358_46	816	412
k99_1358_47	816	646
k99_1358_48	816	352
k99_1358_49	816	244
k99_1358_50	816	1144
k99_1358_51	816	1607
k99_1358_52	816	204
k99_1358_53	816	191
k99_1358_54	816	665
k99_1358_55	816	439
k99_1358_56	816	298
k99_1358_57	816	503
k99_1358_58	816	147
k99_1358_59	816	266
k99_1358_60	816	832
k99_1358_61	816	1355
k99_1358_62	816	901
k99_1358_63	816	946
k99_1358_64	816	847
k99_1358_65	816	1539
k99_1358_66	816	1317
k99_1358_67	818	903
k99_1358_68	816	1501
k99_1358_69	816	1051
k99_1358_70	818	636
k99_1358_71	818	1337
k99_1358_72	818	2077
k99_1358_73	818	877
k99_1358_74	1262741	89
k99_1358_75	816	2634
k99_1358_76	816	1585
k99_1358_77	816	660
k99_1358_78	816	796
k99_1358_79	816	990
k99_1358_80	816	666
k99_1358_81	818	144
k99_1358_82	818	135
k99_1358_83	816	115
k99_1358_84	816	558
k99_1358_85	816	174
k99_1358_86	816	1100
k99_1358_87	816	174
k99_1358_88	816	1176
k99_1358_89	816	110
k99_1358_90	816	144
k99_1358_91	816	612
k99_1358_92	816	149
k99_1358_93	816	751
k99_1358_94	816	490
k99_1358_95	816	542
k99_1358_96	816	457
k99_1358_97	816	195
k99_1358_98	816	186
k99_1358_99	816	197
k99_1358_100	818	792
k99_1358_101	818	2209
k99_1358_102	818	731
k99_1358_103	818	691
k99_1358_104	818	1371
k99_1358_105	818	923
k99_1358_106	818	421
k99_1358_107	818	1135
k99_1358_108	818	871
k99_1358_109	818	617
k99_1358_110	818	512
k99_1358_111	818	410
k99_1358_112	818	382
k99_1358_113	816	492
k99_1358_114	818	275
k99_1672_1	561	1029
k99_1672_2	562	860
k99_1672_3	562	838
k99_1672_4	562	894
k99_1672_5	562	90
k99_1672_6	562	251
k99_1672_7	562	397
k99_1672_8	543	167
k99_1672_9	562	392
k99_1672_10	562	452
k99_1672_11	543	721
k99_1672_12	562	536
k99_1672_13	562	317
k99_1672_14	562	1289
k99_1672_15	562	406
k99_1672_16	562	494
k99_1672_17	562	129
k99_1672_18	562	490
k99_1672_19	562	764
k99_1672_20	562	373
k99_1672_21	543	2694
k99_1672_22	543	2622
k99_1672_23	543	200
k99_1672_24	543	299
k99_1672_25	543	435
k99_1672_26	543	269
k99_1672_27	543	365
k99_1672_28	543	227
k99_1672_29	543	76
k99_526_1	572511	149
k99_526_2	33035	135
k99_526_3	33035	274
k99_526_4	186803	430
k99_2140_1	207244	470
k99_1511_1	186803	82
k99_1511_2	207244	246
k99_1367_1	3025755	229
k99_1367_2	1547	325
k99_1370_1	105841	430
k99_1372_1	1547	555
k99_1372_2	1547	323
k99_1372_3	1547	493
k99_1374_1	186803	165
k99_1375_1	207244	431
k99_1681_1	562	125
k99_1681_2	562	50
k99_401_1	572511	795
k99_1384_1	562	471
k99_1384_2	562	251
k99_1384_3	562	159
k99_1387_1	207244	439
k99_2798_1	562	971
k99_269_1	816	100
k99_269_2	818	444
k99_269_3	816	321
k99_269_4	816	224
k99_269_5	816	484
k99_269_6	816	114
k99_269_7	816	619
k99_269_8	816	415
k99_269_9	816	848
k99_269_10	816	1489
k99_269_11	816	368
k99_269_12	816	774
k99_269_13	816	529
k99_269_14	816	77
k99_269_15	816	708
k99_269_16	816	717
k99_269_17	816	363
k99_269_18	816	115
k99_269_19	816	309
k99_269_20	816	203
k99_269_21	816	434
k99_269_22	816	497
k99_269_23	816	648
k99_269_24	816	864
k99_269_25	816	2076
k99_269_26	816	700
k99_269_27	816	411
k99_269_28	816	822
k99_269_29	816	629
k99_269_31	816	172
k99_269_32	816	662
k99_269_33	816	432
k99_269_34	816	1179
k99_269_35	816	167
k99_269_36	816	316
k99_269_37	816	581
k99_269_38	816	304
k99_269_39	816	404
k99_269_40	816	587
k99_269_41	816	524
k99_269_42	815	293
k99_269_43	171549	67
k99_269_44	816	639
k99_269_45	816	276
k99_269_46	816	86
k99_269_47	816	194
k99_269_48	815	90
k99_269_49	816	1543
k99_269_50	815	110
k99_269_51	816	202
k99_269_52	816	175
k99_269_53	815	243
k99_269_54	816	321
k99_269_55	816	593
k99_269_56	816	316
k99_269_57	815	289
k99_269_58	291645	140
k99_269_59	371601	57
k99_269_61	816	147
k99_269_62	816	62
k99_269_63	816	689
k99_269_64	816	92
k99_269_65	816	1008
k99_269_66	816	482
k99_269_67	816	454
k99_269_68	818	1556
k99_269_69	816	817
k99_269_70	818	133
k99_269_71	816	842
k99_269_72	818	294
k99_269_73	815	127
k99_269_74	816	2608
k99_269_75	816	674
k99_269_76	816	211
k99_269_77	816	190
k99_269_78	815	2385
k99_269_79	815	862
k99_269_80	357276	110
k99_269_81	816	923
k99_2653_1	561	285
k99_2653_2	562	917
k99_2653_3	562	1777
k99_2653_4	562	862
k99_2653_5	562	1491
k99_2653_6	562	169
k99_2653_7	562	231
k99_2653_8	562	513
k99_2653_9	543	1086
k99_2653_10	543	822
k99_2653_11	562	520
k99_2653_12	543	91
k99_2653_13	562	464
k99_2653_14	562	1017
k99_2653_15	562	831
k99_2653_16	562	525
k99_2653_17	562	986
k99_2653_18	562	914
k99_2653_19	562	506
k99_2653_20	562	557
k99_2653_21	562	377
k99_2653_22	562	186
k99_2653_23	562	859
k99_2653_24	543	261
k99_2653_25	562	1176
k99_2653_26	561	1157
k99_2653_27	543	502
k99_2653_28	562	828
k99_1097_1	562	611
k99_1097_2	562	322
k99_1097_3	562	159
k99_1097_4	562	329
k99_1097_5	562	161
k99_1097_6	562	764
k99_1097_7	562	455
k99_1097_8	562	358
k99_1097_9	543	1202
k99_1097_10	562	417
k99_1097_11	562	137
k99_1097_12	562	475
k99_1097_13	562	481
k99_1097_14	543	120
k99_404_1	1547	1578
k99_404_2	3025755	393
k99_404_3	3025755	372
k99_404_4	1547	2971
k99_404_5	1547	1003
k99_404_6	1547	343
k99_404_7	1547	295
k99_404_8	1547	521
k99_404_9	1547	895
k99_404_10	3025755	897
k99_404_11	3025755	439
k99_404_12	1547	841
k99_404_13	1547	588
k99_404_14	1547	622
k99_404_15	1547	279
k99_404_16	1547	770
k99_1395_1	572511	147
k99_1395_2	186803	48
k99_409_1	207244	220
k99_409_2	207244	404
k99_1529_1	562	54
k99_1529_2	562	269
k99_1529_3	562	263
k99_1529_4	562	427
k99_1529_5	562	128
k99_1529_6	562	90
k99_1692_1	543	105
k99_1692_2	562	686
k99_1692_3	562	504
k99_1692_4	562	520
k99_1692_5	562	571
k99_1692_6	562	314
k99_416_1	105841	329
k99_417_1	1547	491
k99_417_2	1547	293
k99_2426_1	572511	848
k99_2426_2	1532	488
k99_2426_3	572511	1196
k99_2426_4	572511	478
k99_2426_5	572511	899
k99_2426_6	572511	572
k99_2426_7	572511	555
k99_2426_8	572511	1454
k99_2426_9	572511	1402
k99_2426_10	572511	404
k99_2426_11	572511	1576
k99_2426_12	33035	195
k99_2426_13	33035	515
k99_2426_14	572511	458
k99_2426_15	572511	235
k99_2426_16	572511	516
k99_2426_17	33035	553
k99_2426_18	572511	230
k99_2426_19	572511	221
k99_2426_20	572511	424
k99_2426_21	572511	240
k99_2426_22	572511	197
k99_2426_23	572511	635
k99_2426_24	572511	806
k99_2426_25	572511	994
k99_2426_26	572511	694
k99_2426_27	572511	618
k99_2426_28	33035	619
k99_2426_29	572511	327
k99_2426_30	572511	827
k99_2426_31	572511	584
k99_2426_32	33035	394
k99_1539_1	572511	85
k99_1539_2	572511	422
k99_1539_3	572511	490
k99_1539_4	572511	508
k99_273_1	1547	514
k99_273_2	1547	1311
k99_273_3	1547	304
k99_273_4	1547	279
k99_273_5	1547	576
k99_273_6	1547	503
k99_273_7	1547	1273
k99_273_8	1547	624
k99_273_9	1547	959
k99_273_10	1547	1144
k99_273_11	3025755	764
k99_273_12	1547	466
k99_273_13	1547	505
k99_273_14	1547	261
k99_273_15	1547	305
k99_273_16	1547	859
k99_273_17	1547	603
k99_273_18	1547	231
k99_273_19	1547	874
k99_273_20	1547	577
k99_273_21	1547	183
k99_273_22	1547	670
k99_273_23	3025755	901
k99_273_24	1547	1178
k99_273_25	1547	135
k99_273_26	1547	617
k99_273_27	1547	484
k99_273_28	1547	171
k99_273_29	1547	624
k99_273_30	1547	241
k99_273_31	1547	838
k99_273_32	1547	551
k99_273_33	1547	210
k99_273_34	1547	495
k99_273_35	1547	411
k99_273_37	1547	612
k99_273_38	1547	464
k99_273_39	3025755	521
k99_273_40	1547	348
k99_273_41	1547	1264
k99_273_42	1547	460
k99_273_43	1547	170
k99_273_44	1547	840
k99_273_45	1547	312
k99_273_46	1547	545
k99_276_1	105841	381
k99_1399_1	562	50
k99_1399_2	562	75
k99_1399_3	543	168
k99_1399_4	543	517
k99_1399_5	562	380
k99_1704_1	562	731
k99_278_1	69824	98
k99_281_1	562	77
k99_281_2	562	746
k99_281_3	562	235
k99_281_4	562	168
k99_1408_1	562	565
k99_1408_2	562	509
k99_1408_3	562	830
k99_1408_4	562	327
k99_1408_5	543	426
k99_1408_6	543	247
k99_1408_7	543	291
k99_1408_8	562	752
k99_1408_9	561	251
k99_1408_10	562	678
k99_1556_1	572511	239
k99_1556_2	572511	576
k99_1556_3	572511	496
k99_1556_4	572511	557
k99_1556_5	186803	470
k99_1556_6	572511	481
k99_1556_7	572511	412
k99_1556_8	572511	690
k99_1556_9	572511	374
k99_1557_1	105841	258
k99_1557_2	105841	51
k99_427_1	562	612
k99_1560_1	562	392
k99_1560_2	562	271
k99_1560_3	562	654
k99_1560_4	562	107
k99_1560_5	562	219
k99_1561_1	105841	252
k99_1561_2	105841	239
k99_624_1	562	246
k99_624_2	1236	108
k99_2259_1	572511	68
k99_2259_2	33035	334
k99_2259_3	572511	874
k99_2259_4	572511	417
k99_2259_5	572511	367
k99_2259_6	572511	1008
k99_2259_7	572511	850
k99_2259_8	572511	155
k99_2259_9	572511	616
k99_2259_10	572511	581
k99_2259_11	572511	597
k99_2259_12	572511	479
k99_2259_13	572511	229
k99_2259_14	572511	683
k99_2259_15	186803	318
k99_2259_16	572511	383
k99_2259_17	572511	1774
k99_2259_18	572511	484
k99_2259_19	572511	1005
k99_2259_20	572511	597
k99_2259_21	572511	619
k99_2259_23	572511	102
k99_2259_24	572511	280
k99_2259_25	1532	1097
k99_2259_26	1532	903
k99_2259_27	572511	2232
k99_2259_28	572511	900
k99_2259_29	572511	655
k99_2259_30	572511	578
k99_2259_31	572511	1171
k99_2259_32	33035	625
k99_2259_33	572511	563
k99_2259_34	572511	649
k99_2259_35	572511	311
k99_2259_36	572511	654
k99_2259_37	572511	1167
k99_2259_38	572511	1046
k99_2259_39	572511	796
k99_2259_40	1532	954
k99_2259_41	572511	1159
k99_2259_42	33035	418
k99_2259_43	1532	2174
k99_2259_44	572511	888
k99_2259_45	33035	566
k99_2259_46	33035	194
k99_2259_47	572511	595
k99_2259_48	572511	261
k99_2259_49	572511	179
k99_1706_1	818	945
k99_1706_2	818	676
k99_1706_3	818	902
k99_1706_4	818	884
k99_1706_5	818	782
k99_1706_6	818	478
k99_1706_7	816	671
k99_1706_8	818	818
k99_1706_9	818	593
k99_1706_10	818	533
k99_1706_11	818	436
k99_1706_12	818	1047
k99_1706_13	818	293
k99_1706_14	816	63
k99_1706_15	818	290
k99_1706_16	818	150
k99_1706_17	818	1187
k99_1706_18	818	421
k99_1706_19	818	101
k99_1706_20	818	1075
k99_1706_21	818	2556
k99_1706_22	818	1008
k99_1706_23	818	507
k99_1706_24	818	1120
k99_1706_25	816	2250
k99_1706_26	818	1219
k99_1706_27	818	1188
k99_1706_28	818	1098
k99_1706_29	818	1583
k99_1706_30	818	2126
k99_1706_31	818	1243
k99_1706_32	818	1058
k99_1706_33	816	766
k99_1706_34	818	1063
k99_1706_35	818	1093
k99_1706_36	818	1303
k99_1706_37	818	2342
k99_1706_38	818	654
k99_1706_39	818	357
k99_1706_40	818	712
k99_1706_41	816	969
k99_1706_42	816	138
k99_1706_43	816	372
k99_1706_44	818	220
k99_1706_46	818	1182
k99_1706_47	818	160
k99_1706_48	818	757
k99_1706_49	816	574
k99_1706_50	818	920
k99_1706_51	818	535
k99_1706_52	818	585
k99_2274_1	562	924
k99_1710_1	33035	180
k99_1710_2	33035	181
k99_1710_3	33035	1226
k99_1710_4	33035	142
k99_1710_5	33035	507
k99_1710_6	33035	167
k99_1710_7	33035	256
k99_1710_8	33035	594
k99_1710_9	33035	297
k99_1710_10	33035	201
k99_1710_11	33035	388
k99_1710_12	33035	355
k99_1569_1	33035	782
k99_1569_2	33035	645
k99_1569_3	33035	711
k99_1569_4	33035	376
k99_1569_5	186803	704
k99_1569_6	572511	168
k99_1569_7	572511	321
k99_1569_8	186801	65
k99_1569_9	572511	576
k99_1569_10	186803	825
k99_1569_11	33035	676
k99_1569_12	33035	842
k99_1569_13	572511	438
k99_1569_14	572511	269
k99_1569_16	572511	919
k99_1569_17	572511	216
k99_1569_18	572511	954
k99_1569_19	572511	337
k99_1569_20	572511	135
k99_1569_21	572511	159
k99_1569_22	572511	804
k99_1569_23	572511	221
k99_1569_24	572511	356
k99_1569_25	572511	90
k99_1569_26	572511	273
k99_636_1	1547	746
k99_636_2	1547	382
k99_636_3	1547	1118
k99_636_4	1547	164
k99_636_5	1547	1564
k99_636_6	1547	695
k99_636_7	1547	460
k99_638_1	562	181
k99_638_2	562	647
k99_638_3	561	527
k99_638_4	543	564
k99_638_5	562	1125
k99_638_6	562	101
k99_638_7	562	103
k99_638_8	562	405
k99_638_9	543	411
k99_2281_1	562	293
k99_2281_2	562	1044
k99_1715_1	572511	1009
k99_1715_2	572511	1059
k99_1715_3	572511	220
k99_1715_4	572511	128
k99_1715_5	572511	239
k99_1715_6	1532	604
k99_1715_7	572511	224
k99_1715_8	572511	1002
k99_1715_9	572511	308
k99_1715_10	1532	171
k99_1715_11	572511	874
k99_1715_12	572511	827
k99_1715_13	1532	1474
k99_1715_14	572511	248
k99_1715_15	572511	651
k99_1715_16	572511	390
k99_1715_17	572511	280
k99_1715_18	572511	236
k99_2712_1	562	473
k99_2712_2	562	656
k99_2712_3	562	1098
k99_2712_4	562	449
k99_2712_5	562	551
k99_2712_6	543	384
k99_1106_1	207244	297
k99_1106_2	105841	108
k99_1108_1	543	154
k99_1108_2	543	194
k99_2716_1	186803	133
k99_2716_2	186803	233
k99_2716_3	186803	347
k99_2716_4	33035	202
k99_2716_5	33035	183
k99_2716_6	572511	166
k99_2716_7	1239	138
k99_2716_8	33035	87
k99_1575_1	562	196
k99_1575_2	562	310
k99_1575_3	562	393
k99_1575_4	562	471
k99_1575_5	562	696
k99_1575_6	562	1126
k99_647_1	818	379
k99_647_2	818	816
k99_656_1	572511	539
k99_656_2	572511	887
k99_656_3	572511	590
k99_656_4	572511	516
k99_656_5	572511	650
k99_2727_2	572511	576
k99_2727_3	208479	833
k99_2727_4	2719313	686
k99_2727_5	1532	348
k99_1116_1	572511	552
k99_1116_2	572511	624
k99_1116_3	33035	465
k99_1116_4	572511	739
k99_1116_5	572511	771
k99_1116_6	572511	154
k99_1116_7	572511	850
k99_1116_8	572511	179
k99_1116_9	572511	280
k99_1116_10	572511	143
k99_1116_11	572511	1088
k99_1116_12	572511	220
k99_1116_13	33035	304
k99_1116_14	33035	416
k99_1116_15	572511	847
k99_1116_16	572511	392
k99_1116_17	33035	150
k99_1116_18	572511	573
k99_1116_19	1532	103
k99_1116_20	572511	994
k99_1116_21	572511	560
k99_1116_22	572511	1376
k99_1116_23	572511	497
k99_1116_24	572511	179
k99_1116_25	572511	995
k99_1116_26	572511	308
k99_1116_27	186803	79
k99_1119_1	572511	299
k99_1119_2	572511	1243
k99_1119_3	572511	857
k99_1119_4	33035	739
k99_1119_5	1532	1489
k99_1119_6	572511	551
k99_1119_7	186803	90
k99_1580_1	1547	907
k99_1580_2	1547	991
k99_1580_3	1547	647
k99_1580_4	1547	296
k99_1580_5	1547	275
k99_1580_6	1547	842
k99_1580_7	1547	376
k99_1580_8	1547	193
k99_1580_9	1547	449
k99_1580_10	1547	466
k99_1580_11	1547	278
k99_1580_12	1547	338
k99_1580_13	1547	214
k99_1580_14	1547	774
k99_1580_15	1547	513
k99_1580_16	2810280	779
k99_1580_17	2810280	137
k99_2287_1	371601	794
k99_2287_2	816	699
k99_2287_3	816	291
k99_2287_4	816	299
k99_2287_5	816	994
k99_2287_6	816	781
k99_2287_7	816	758
k99_2287_8	818	114
k99_2287_9	816	634
k99_2287_10	818	756
k99_2287_11	816	616
k99_2287_12	816	272
k99_2287_13	816	404
k99_2287_14	816	637
k99_2287_15	171549	641
k99_2287_16	816	653
k99_2287_17	818	831
k99_2287_18	816	762
k99_2287_19	816	770
k99_2287_20	816	757
k99_2287_21	816	650
k99_2287_22	816	194
k99_2287_23	816	776
k99_2287_24	816	652
k99_2287_25	816	516
k99_2287_26	816	1456
k99_2287_27	171549	112
k99_2287_28	816	130
k99_2287_29	816	1444
k99_2287_30	816	1712
k99_2287_31	816	822
k99_2287_32	816	178
k99_2287_33	371601	180
k99_2287_34	816	547
k99_2287_35	818	420
k99_2287_36	816	271
k99_2287_37	818	1066
k99_2287_38	818	330
k99_1717_1	572511	81
k99_1816_1	1872530	342
k99_1816_2	207244	182
k99_1126_1	562	585
k99_1126_2	562	347
k99_1126_3	562	212
k99_1126_4	562	468
k99_1126_5	562	556
k99_1126_6	562	167
k99_1126_7	562	677
k99_1126_8	562	667
k99_1126_9	561	772
k99_1126_10	562	641
k99_1126_11	562	1424
k99_1126_12	562	279
k99_1126_13	562	170
k99_1126_14	562	208
k99_1126_15	562	234
k99_1126_16	562	296
k99_1126_17	562	239
k99_1126_18	562	344
k99_1126_19	562	183
k99_1126_20	543	109
k99_1126_21	562	290
k99_1720_1	1547	512
k99_1720_2	1547	205
k99_1720_3	1547	164
k99_1720_4	1547	358
k99_1720_5	1547	1224
k99_1720_6	1547	414
k99_1720_7	1547	829
k99_1720_8	1547	498
k99_1720_9	1547	709
k99_1127_1	562	320
k99_1127_2	562	340
k99_1127_3	562	473
k99_1127_4	562	116
k99_1130_1	1547	255
k99_1130_2	1547	706
k99_2299_1	543	348
k99_1133_1	562	260
k99_1134_1	1547	607
k99_1134_2	1547	206
k99_1134_3	1547	288
k99_1134_4	1547	281
k99_1134_5	1547	387
k99_1134_6	3025755	214
k99_1134_7	1547	790
k99_1134_8	1547	177
k99_1139_1	1547	49
k99_1139_2	1547	493
k99_1139_3	3025755	280
k99_1139_4	1547	164
k99_1139_5	1547	397
k99_1833_1	105841	345
k99_1145_1	562	744
k99_1145_2	562	502
k99_1145_3	562	395
k99_1145_4	562	391
k99_1145_5	562	590
k99_1145_6	562	1159
k99_1145_7	561	1381
k99_668_1	1547	293
k99_668_2	1547	411
k99_668_3	1547	573
k99_1837_1	572511	493
k99_1837_2	572511	437
k99_1837_3	572511	1210
k99_1837_4	572511	678
k99_1848_1	562	460
k99_1848_2	562	452
k99_1848_3	562	607
k99_1848_4	562	588
k99_1848_5	562	392
k99_1848_6	562	157
k99_1850_1	572511	337
k99_1850_2	33035	82
k99_1850_3	572511	831
k99_1850_4	572511	446
k99_1850_5	572511	1520
k99_1850_6	572511	476
k99_1850_7	572511	220
k99_1149_1	562	430
k99_806_1	543	723
k99_806_2	562	213
k99_806_3	562	405
k99_806_4	562	865
k99_806_5	562	436
k99_806_6	562	235
k99_806_7	562	333
k99_806_8	562	194
k99_806_9	562	268
k99_806_10	562	1079
k99_806_11	543	1452
k99_806_12	562	492
k99_806_13	562	282
k99_2435_1	105841	136
k99_2435_2	105841	251
k99_2439_1	1547	291
k99_2439_2	1547	833
k99_2439_3	1547	873
k99_2439_4	1547	292
k99_2439_5	1547	593
k99_2439_6	1547	1199
k99_2439_7	1547	1631
k99_2439_8	1547	327
k99_2439_9	3025755	1004
k99_2439_10	1547	210
k99_2439_11	3025755	611
k99_2443_1	562	243
k99_2847_1	33035	560
k99_2847_2	33035	575
k99_2847_3	33035	903
k99_2847_4	572511	522
k99_2847_5	572511	474
k99_2847_6	572511	665
k99_2847_7	1532	212
k99_2847_8	572511	268
k99_2847_9	572511	588
k99_2847_10	33035	325
k99_2848_1	105841	246
k99_814_1	33035	169
k99_814_2	33035	343
k99_814_3	33035	191
k99_814_4	33035	2236
k99_814_5	33035	240
k99_814_6	33035	394
k99_814_7	33035	325
k99_814_8	33035	206
k99_814_9	33035	410
k99_814_10	33035	2206
k99_814_12	33035	283
k99_814_13	29354	159
k99_814_14	33035	350
k99_814_15	33035	306
k99_814_16	33035	248
k99_814_17	33035	365
k99_814_18	33035	383
k99_814_19	33035	114
k99_814_20	33035	256
k99_814_21	33035	208
k99_814_22	33035	116
k99_814_23	1532	712
k99_814_24	33035	219
k99_814_25	33035	343
k99_814_26	33035	977
k99_814_27	33035	300
k99_814_28	572511	1163
k99_814_29	33035	178
k99_814_30	33035	129
k99_814_31	33035	289
k99_814_33	33035	456
k99_814_34	33035	352
k99_814_35	33035	96
k99_814_36	33035	129
k99_814_37	33035	379
k99_814_38	33035	536
k99_814_39	33035	521
k99_814_40	33035	123
k99_814_41	186803	150
k99_814_42	33035	556
k99_814_43	33035	208
k99_814_45	33035	1190
k99_814_46	33035	269
k99_814_47	33035	377
k99_814_48	420345	168
k99_814_49	33035	368
k99_814_50	33035	265
k99_814_51	33035	441
k99_814_52	33035	293
k99_814_53	33035	197
k99_814_54	33035	459
k99_814_55	33035	238
k99_814_56	572511	105
k99_814_57	33035	153
k99_2856_1	186803	328
k99_2856_2	572511	535
k99_2856_3	33035	428
k99_2856_4	572511	432
k99_2856_5	33035	529
k99_2856_6	572511	1459
k99_2858_1	69824	1063
k99_2858_2	1547	67
k99_674_1	816	560
k99_674_2	818	549
k99_674_3	818	241
k99_674_4	674529	533
k99_674_5	674529	293
k99_674_6	816	311
k99_674_7	818	550
k99_674_8	816	1167
k99_674_9	816	868
k99_674_10	816	377
k99_674_11	816	1174
k99_674_12	816	277
k99_674_13	816	1134
k99_674_14	816	1762
k99_674_15	818	711
k99_674_16	816	946
k99_674_17	816	508
k99_674_18	816	486
k99_674_19	818	902
k99_674_20	818	415
k99_674_21	818	1113
k99_674_22	818	84
k99_674_23	818	614
k99_674_24	818	1028
k99_674_25	818	851
k99_674_26	818	648
k99_674_27	818	1085
k99_674_28	818	2204
k99_674_29	818	655
k99_674_30	818	355
k99_674_31	816	857
k99_674_32	818	269
k99_674_33	818	951
k99_674_34	816	430
k99_674_35	816	1218
k99_674_36	818	654
k99_674_37	816	264
k99_674_38	816	94
k99_674_39	816	812
k99_674_40	818	691
k99_674_41	818	1916
k99_674_42	818	831
k99_674_43	818	682
k99_674_44	818	532
k99_674_45	818	2016
k99_674_46	818	354
k99_674_47	816	237
k99_674_48	818	1078
k99_674_49	818	447
k99_674_50	818	664
k99_674_51	818	302
k99_674_52	818	122
k99_674_53	818	320
k99_674_54	818	192
k99_674_55	818	389
k99_674_56	818	857
k99_674_57	818	192
k99_674_58	818	374
k99_674_59	818	281
k99_674_60	818	828
k99_674_61	818	648
k99_674_62	818	1011
k99_674_63	818	1735
k99_674_64	816	639
k99_674_65	816	813
k99_674_66	816	1480
k99_674_67	818	499
k99_674_68	818	323
k99_674_69	818	111
k99_674_70	818	271
k99_674_71	818	157
k99_674_72	818	1413
k99_674_73	818	191
k99_674_74	818	220
k99_674_75	816	276
k99_674_76	818	166
k99_674_77	818	83
k99_674_78	818	893
k99_674_79	818	619
k99_674_80	818	1685
k99_674_81	818	899
k99_674_82	818	2240
k99_674_83	818	657
k99_674_84	818	377
k99_674_85	818	806
k99_674_86	818	361
k99_674_87	818	479
k99_674_88	818	425
k99_674_89	818	607
k99_674_90	818	608
k99_674_91	816	236
k99_674_92	818	1553
k99_674_93	818	1303
k99_674_94	818	497
k99_674_95	818	615
k99_674_96	818	805
k99_674_97	818	658
k99_674_98	818	1070
k99_674_99	818	2146
k99_674_100	818	607
k99_674_101	818	377
k99_674_102	818	721
k99_674_103	818	709
k99_674_104	816	545
k99_674_105	818	1127
k99_674_106	818	757
k99_674_107	816	802
k99_674_108	818	256
k99_674_109	818	1129
k99_674_110	818	522
k99_674_111	818	788
k99_674_112	818	1974
k99_674_113	818	706
k99_674_114	818	2063
k99_674_115	818	640
k99_674_116	818	1013
k99_674_117	818	1372
k99_674_118	818	672
k99_674_119	818	363
k99_674_120	818	1885
k99_674_121	818	1090
k99_674_122	818	116
k99_674_123	818	1687
k99_674_124	818	1099
k99_674_125	818	85
k99_674_126	816	1555
k99_674_127	818	698
k99_674_128	816	813
k99_674_129	818	355
k99_674_130	818	285
k99_674_131	818	816
k99_674_132	818	355
k99_674_133	818	2313
k99_674_134	818	155
k99_674_135	818	2009
k99_674_136	818	1059
k99_674_137	818	1156
k99_674_138	818	741
k99_674_139	818	1703
k99_674_140	818	442
k99_674_141	818	1130
k99_674_142	816	917
k99_674_143	818	2273
k99_674_144	818	1422
k99_674_145	818	1431
k99_674_146	818	2083
k99_674_147	818	1125
k99_674_148	818	895
k99_674_149	818	1379
k99_674_150	816	1110
k99_674_151	816	1145
k99_674_152	818	626
k99_674_153	818	804
k99_674_154	818	1810
k99_674_155	818	566
k99_674_156	816	1017
k99_674_157	818	359
k99_674_158	818	229
k99_674_159	818	345
k99_674_160	818	121
k99_674_161	818	1011
k99_674_162	818	559
k99_674_163	818	347
k99_674_164	818	832
k99_674_165	818	299
k99_674_166	818	291
k99_674_167	818	417
k99_674_168	816	421
k99_674_169	816	647
k99_674_170	816	394
k99_674_171	818	787
k99_674_172	818	2305
k99_674_173	818	1270
k99_674_174	818	897
k99_674_175	818	1066
k99_674_176	816	990
k99_674_177	816	436
k99_674_178	816	2270
k99_674_179	816	2130
k99_674_180	816	442
k99_674_181	816	729
k99_674_182	815	437
k99_674_183	816	404
k99_674_184	816	572
k99_674_185	816	248
k99_674_186	816	1214
k99_674_187	816	422
k99_674_188	816	235
k99_674_189	816	832
k99_674_190	816	363
k99_674_191	816	1142
k99_674_192	818	514
k99_674_193	818	860
k99_674_194	816	832
k99_674_195	816	305
k99_674_196	816	662
k99_674_197	816	631
k99_674_198	816	244
k99_674_199	816	300
k99_674_200	818	768
k99_674_201	818	1573
k99_674_202	818	694
k99_674_203	818	790
k99_674_204	818	1555
k99_674_205	818	422
k99_674_206	93974	159
k99_674_207	818	1149
k99_674_208	818	579
k99_674_209	818	383
k99_674_210	816	1613
k99_674_211	818	168
k99_674_212	818	278
k99_674_213	818	395
k99_674_214	818	655
k99_674_215	816	177
k99_674_216	816	593
k99_674_217	818	250
k99_674_218	816	373
k99_674_219	816	387
k99_674_220	818	267
k99_674_221	816	292
k99_674_222	816	1423
k99_674_223	818	741
k99_674_224	818	814
k99_674_225	816	952
k99_674_226	818	1486
k99_816_1	562	673
k99_816_2	562	1192
k99_816_3	562	620
k99_816_4	562	815
k99_816_5	562	494
k99_816_6	562	416
k99_816_7	562	618
k99_816_8	562	1631
k99_818_1	186803	223
k99_818_2	572511	835
k99_818_3	572511	444
k99_821_1	207244	150
k99_690_1	1547	734
k99_690_2	1547	1582
k99_694_1	186803	314
k99_694_2	186803	1706
k99_694_3	186803	659
k99_694_4	186803	464
k99_694_5	186803	1539
k99_694_6	186803	1525
k99_694_7	186803	430
k99_694_8	186803	1645
k99_694_9	186803	435
k99_694_10	186803	654
k99_694_11	186803	454
k99_694_12	186803	306
k99_694_13	186803	247
k99_694_14	186803	991
k99_694_15	186803	233
k99_694_16	33035	411
k99_694_17	186803	1516
k99_694_18	186803	278
k99_694_19	186803	318
k99_694_20	186803	526
k99_694_21	186803	241
k99_694_22	186803	191
k99_831_1	572511	186
k99_831_2	572511	185
k99_831_3	572511	198
k99_831_4	572511	1409
k99_831_5	572511	248
k99_831_6	572511	643
k99_831_7	572511	610
k99_831_8	572511	627
k99_831_9	572511	1023
k99_831_10	186803	539
k99_831_11	572511	171
k99_831_12	572511	1365
k99_831_13	33035	339
k99_831_14	33035	345
k99_831_15	572511	535
k99_831_16	572511	388
k99_831_17	33035	778
k99_831_18	572511	526
k99_831_19	572511	640
k99_831_20	572511	263
k99_831_21	572511	989
k99_831_22	572511	1341
k99_831_23	572511	377
k99_831_24	33035	597
k99_831_25	572511	634
k99_831_26	572511	341
k99_831_27	572511	579
k99_831_28	572511	1021
k99_831_29	572511	984
k99_831_30	572511	656
k99_831_31	572511	664
k99_831_32	572511	315
k99_831_33	572511	780
k99_831_34	572511	982
k99_831_35	572511	776
k99_831_36	33035	202
k99_831_37	572511	668
k99_831_38	572511	344
k99_831_39	572511	433
k99_831_40	572511	888
k99_831_41	572511	524
k99_831_42	572511	419
k99_831_43	572511	986
k99_831_44	33035	608
k99_831_45	572511	837
k99_701_1	572511	780
k99_701_2	572511	564
k99_701_3	572511	663
k99_701_4	572511	240
k99_701_5	33035	436
k99_701_6	572511	1408
k99_701_7	572511	711
k99_701_8	572511	594
k99_701_9	572511	654
k99_701_10	33035	461
k99_701_11	572511	554
k99_701_12	572511	706
k99_701_13	572511	438
k99_701_14	572511	550
k99_701_15	572511	772
k99_701_16	572511	581
k99_701_17	572511	691
k99_701_18	572511	653
k99_701_19	572511	944
k99_701_20	572511	864
k99_701_21	572511	573
k99_701_22	1532	559
k99_701_23	572511	652
k99_701_24	572511	804
k99_701_25	572511	641
k99_701_26	1532	927
k99_701_27	572511	2149
k99_701_28	572511	697
k99_701_29	572511	633
k99_701_30	572511	708
k99_701_31	572511	273
k99_701_32	572511	744
k99_701_33	572511	1468
k99_701_34	572511	570
k99_701_35	572511	723
k99_701_36	33035	876
k99_701_37	33035	596
k99_701_38	572511	545
k99_701_39	572511	1095
k99_701_40	572511	1066
k99_701_41	572511	959
k99_701_42	572511	1662
k99_701_43	572511	1191
k99_701_44	572511	906
k99_701_45	33035	297
k99_701_46	572511	894
k99_701_48	572511	152
k99_701_49	186803	101
k99_836_1	562	350
k99_836_2	562	630
k99_836_3	562	132
k99_839_1	105841	93
k99_839_2	105841	232
k99_713_1	1547	286
k99_716_1	543	401
k99_2866_1	572511	414
k99_2866_2	572511	971
k99_2866_3	572511	590
k99_2866_4	572511	305
k99_2866_5	1532	498
k99_2866_6	572511	1069
k99_2866_7	572511	1333
k99_2866_8	572511	555
k99_2866_9	572511	2072
k99_2866_10	572511	732
k99_847_1	33035	1681
k99_864_1	562	337
k99_864_2	562	724
k99_1873_1	2810280	713
k99_1441_1	207244	355
k99_288_1	1547	147
k99_288_2	1547	560
k99_288_3	1547	652
k99_288_4	1547	543
k99_288_5	1547	568
k99_288_6	1547	370
k99_288_7	1547	800
k99_288_8	1547	266
k99_290_1	1547	537
k99_290_2	1547	263
k99_290_3	1547	906
k99_2022_1	562	47
k99_2022_2	562	404
k99_2022_3	562	410
k99_2023_1	562	764
k99_2023_2	562	428
k99_2023_3	622	59
k99_2161_1	1532	731
k99_2161_2	572511	316
k99_2161_3	572511	1140
k99_2161_4	572511	1241
k99_2161_5	572511	322
k99_2161_6	572511	399
k99_2161_7	572511	351
k99_2161_8	33035	302
k99_2161_9	572511	122
k99_20_1	562	605
k99_20_2	562	535
k99_156_1	562	411
k99_156_2	562	301
k99_865_1	562	644
k99_865_2	562	419
k99_865_3	562	206
k99_865_4	543	1014
k99_865_5	562	473
k99_865_6	562	1889
k99_865_7	543	248
k99_865_8	562	731
k99_865_9	562	796
k99_865_10	562	776
k99_865_11	562	883
k99_865_12	562	387
k99_865_13	562	205
k99_865_14	562	409
k99_865_15	561	800
k99_865_16	543	421
k99_865_17	562	157
k99_865_18	543	212
k99_1738_1	562	207
k99_1738_2	562	698
k99_1738_3	562	260
k99_1738_4	562	866
k99_867_1	1547	534
k99_867_2	1547	343
k99_867_3	1547	134
k99_1009_1	572511	800
k99_1009_2	572511	1061
k99_1009_3	572511	394
k99_1009_4	572511	317
k99_1009_5	572511	819
k99_1009_6	572511	570
k99_1009_7	33035	346
k99_1009_8	33035	397
k99_1009_9	1532	3516
k99_1009_10	572511	2484
k99_1009_11	572511	769
k99_1009_12	572511	695
k99_1009_13	572511	1154
k99_1009_14	572511	549
k99_1009_15	1532	110
k99_1877_1	1547	865
k99_1877_2	1547	120
k99_1877_3	1547	231
k99_1877_4	1547	1356
k99_1877_5	1547	142
k99_1877_6	1547	1045
k99_872_1	562	233
k99_872_2	562	441
k99_2310_1	562	605
k99_2310_2	562	248
k99_2310_3	562	121
k99_874_1	1547	103
k99_874_2	1547	488
k99_874_3	1547	526
k99_874_4	1547	613
k99_874_5	1547	404
k99_1012_1	572511	324
k99_1012_2	572511	229
k99_1012_3	572511	553
k99_1012_4	33035	584
k99_1012_5	572511	540
k99_1012_6	572511	325
k99_1012_7	33035	171
k99_1012_8	572511	674
k99_1012_9	572511	578
k99_1012_10	572511	1720
k99_1012_11	33035	102
k99_1012_12	572511	136
k99_878_1	562	474
k99_2026_1	3025755	684
k99_1020_1	2810280	348
k99_880_1	1547	407
k99_880_2	1547	166
k99_880_3	1547	411
k99_880_4	1547	88
k99_880_5	1547	491
k99_880_6	1547	783
k99_880_7	1547	591
k99_880_8	1547	304
k99_880_9	1547	487
k99_880_10	1547	790
k99_880_11	1547	1029
k99_880_12	1547	1467
k99_880_13	1547	274
k99_1745_1	562	117
k99_1745_2	562	484
k99_1745_3	562	610
k99_1745_4	562	833
k99_1745_5	562	217
k99_1745_6	562	1112
k99_1745_7	543	1558
k99_1745_8	561	541
k99_1745_9	562	703
k99_1745_10	562	127
k99_1745_11	562	298
k99_1156_1	562	669
k99_1156_2	543	1206
k99_1156_3	562	261
k99_1156_4	562	450
k99_1156_5	562	354
k99_881_1	1547	446
k99_881_2	1547	449
k99_881_3	1547	219
k99_881_4	3025755	400
k99_881_5	1547	414
k99_881_6	1547	226
k99_881_7	1547	1469
k99_881_8	1547	1392
k99_435_1	562	134
k99_435_2	562	1120
k99_435_3	562	329
k99_436_1	207244	390
k99_882_1	1547	340
k99_882_2	1547	529
k99_882_3	1547	606
k99_882_4	1547	990
k99_882_5	1547	330
k99_2038_1	105841	382
k99_177_1	543	631
k99_177_2	562	209
k99_177_3	562	257
k99_177_4	562	72
k99_177_5	543	863
k99_177_6	562	364
k99_177_7	562	1643
k99_177_8	562	475
k99_177_9	562	530
k99_29_1	1547	506
k99_29_2	1547	264
k99_29_3	1547	120
k99_180_1	1532	64
k99_180_2	572511	749
k99_181_1	105841	589
k99_1881_1	186803	512
k99_1881_2	186803	2833
k99_1881_3	186803	339
k99_1881_4	186803	644
k99_1881_5	186803	812
k99_1881_6	186803	217
k99_1881_7	186803	179
k99_1881_8	186803	602
k99_1881_9	186803	206
k99_1881_10	33035	454
k99_1881_11	186803	265
k99_1881_12	186803	150
k99_1881_13	186803	797
k99_1881_14	142586	98
k99_1881_15	572511	338
k99_1881_16	572511	721
k99_1881_17	572511	446
k99_1881_18	33035	567
k99_1881_19	572511	561
k99_1753_1	543	1087
k99_1753_2	562	506
k99_1753_3	562	560
k99_1753_4	562	605
k99_1753_5	543	655
k99_34_1	1547	652
k99_34_2	1547	592
k99_294_1	33035	155
k99_294_2	572511	177
k99_294_3	33035	305
k99_294_4	33035	501
k99_294_5	33035	141
k99_294_6	572511	320
k99_294_7	572511	352
k99_294_8	572511	781
k99_294_9	572511	382
k99_294_10	572511	844
k99_294_11	572511	1452
k99_294_12	572511	389
k99_294_13	572511	792
k99_294_14	572511	566
k99_294_15	572511	565
k99_294_16	572511	95
k99_2457_1	572511	1381
k99_2457_2	33035	1269
k99_2457_3	572511	119
k99_887_1	562	807
k99_887_2	562	624
k99_887_3	561	434
k99_887_4	562	181
k99_887_5	562	662
k99_887_6	562	1121
k99_887_7	562	89
k99_887_8	562	143
k99_887_9	562	283
k99_887_10	562	512
k99_1455_1	562	222
k99_1455_2	562	655
k99_2179_1	572511	540
k99_2179_3	572511	831
k99_2179_4	572511	122
k99_2179_5	572511	258
k99_889_1	562	389
k99_889_2	562	549
k99_2751_1	1547	602
k99_2751_2	1547	369
k99_2751_3	1547	515
k99_2751_4	3025755	535
k99_2751_5	1547	727
k99_2751_6	1547	274
k99_2180_1	1547	817
k99_2180_2	1547	784
k99_1459_1	1547	345
k99_1459_2	1547	147
k99_1459_3	1547	778
k99_1459_4	1547	572
k99_1459_5	1547	1003
k99_1459_6	1547	362
k99_1164_1	1547	398
k99_1164_2	1547	842
k99_1164_3	3025755	301
k99_1164_4	3025755	197
k99_1164_5	3025755	677
k99_1164_6	1547	1301
k99_1164_7	1547	289
k99_2323_1	1532	601
k99_2323_2	572511	726
k99_2323_3	572511	332
k99_2323_4	572511	158
k99_2323_5	572511	414
k99_2323_6	1532	593
k99_2323_7	572511	529
k99_2323_8	572511	388
k99_2323_9	572511	718
k99_2323_10	572511	449
k99_2323_11	33035	1546
k99_2323_12	572511	946
k99_897_1	543	54
k99_897_2	562	145
k99_897_3	562	106
k99_897_4	562	716
k99_897_5	562	1666
k99_897_6	562	303
k99_446_1	572511	331
k99_446_2	572511	565
k99_446_3	572511	396
k99_446_4	572511	313
k99_446_5	572511	708
k99_446_6	572511	1052
k99_446_7	572511	214
k99_446_8	572511	394
k99_446_9	572511	709
k99_446_10	572511	422
k99_446_11	572511	562
k99_446_12	572511	580
k99_446_13	572511	504
k99_446_14	572511	446
k99_446_15	572511	702
k99_446_16	572511	679
k99_446_17	572511	426
k99_446_18	572511	650
k99_446_19	572511	820
k99_446_20	33035	513
k99_446_21	572511	517
k99_446_22	572511	1158
k99_1885_1	1547	412
k99_1885_2	1547	199
k99_1885_3	1547	97
k99_1885_4	1547	822
k99_1885_5	1547	201
k99_1885_6	1547	723
k99_1885_7	1547	547
k99_1885_8	1547	1044
k99_1885_9	1547	176
k99_1885_10	1547	938
k99_1885_11	1547	460
k99_1885_12	1547	568
k99_1885_13	3025755	440
k99_1885_14	1547	155
k99_1885_15	1547	541
k99_1885_16	1547	714
k99_1885_17	1547	1700
k99_1885_18	3025755	138
k99_1885_19	1547	731
k99_1885_20	1547	422
k99_1029_1	33035	223
k99_1029_2	33035	86
k99_1029_3	33035	161
k99_1029_4	33035	209
k99_1029_5	33035	63
k99_1889_1	1547	880
k99_1889_2	1547	1015
k99_1889_3	1547	245
k99_1889_4	1547	825
k99_1889_5	1547	957
k99_1889_6	1547	482
k99_299_1	572511	1113
k99_299_2	1532	1887
k99_299_3	572511	668
k99_299_4	1532	714
k99_299_5	572511	541
k99_299_6	572511	645
k99_299_7	572511	887
k99_299_8	572511	669
k99_299_9	1532	1426
k99_299_10	572511	224
k99_299_11	572511	634
k99_299_12	1532	742
k99_299_13	572511	1288
k99_299_14	572511	569
k99_299_15	1532	508
k99_299_16	1532	575
k99_299_17	1532	1451
k99_53_1	562	272
k99_53_2	562	106
k99_53_3	562	103
k99_53_4	562	149
k99_53_5	562	308
k99_53_6	562	376
k99_53_7	562	198
k99_53_8	562	140
k99_2051_1	543	389
k99_2189_1	1547	267
k99_2189_2	3025755	395
k99_2189_3	1547	453
k99_2189_4	1547	412
k99_2189_5	1547	353
k99_2189_6	1547	376
k99_2189_7	1547	566
k99_2189_8	1547	560
k99_2189_9	1547	489
k99_2189_10	1547	538
k99_2189_11	1547	642
k99_2189_12	2810280	318
k99_2189_13	1547	508
k99_2189_14	1547	732
k99_2189_15	1547	102
k99_2189_16	1547	1269
k99_2189_17	1547	1020
k99_2189_18	1547	162
k99_2189_19	1547	845
k99_2189_20	1547	315
k99_2189_21	1547	311
k99_2189_22	1547	904
k99_2189_23	1547	1029
k99_2189_24	1547	432
k99_2189_25	1547	95
k99_194_1	105841	458
k99_1033_1	105841	308
k99_903_1	562	125
k99_903_2	562	237
k99_903_3	562	1437
k99_1176_1	562	372
k99_1176_2	562	803
k99_1176_3	562	1130
k99_1176_4	562	512
k99_1176_5	562	53
k99_2772_1	33035	82
k99_2772_2	33035	292
k99_2772_3	33035	434
k99_2772_4	33035	272
k99_2772_5	572511	164
k99_2772_6	572511	737
k99_2772_7	572511	113
k99_2772_8	572511	273
k99_2772_9	572511	1102
k99_2772_10	572511	486
k99_2772_11	572511	538
k99_2772_12	572511	956
k99_2772_13	572511	1109
k99_1177_1	562	188
k99_1177_2	562	289
k99_1177_3	562	1361
k99_1177_4	562	160
k99_309_1	572511	54
k99_309_2	572511	2033
k99_309_3	572511	76
k99_60_1	562	431
k99_60_2	562	225
k99_60_3	562	309
k99_60_4	562	482
k99_60_5	562	2187
k99_60_7	562	223
k99_60_8	562	68
k99_910_1	562	213
k99_910_2	562	541
k99_2467_1	543	313
k99_2467_2	562	1108
k99_2467_3	562	409
k99_2467_4	562	900
k99_2467_5	562	934
k99_2467_6	562	610
k99_2467_7	562	1559
k99_2467_8	562	504
k99_2467_9	562	860
k99_2467_10	562	786
k99_2471_1	562	228
k99_2471_2	562	808
k99_2472_1	105841	356
k99_2778_1	186803	389
k99_2778_2	186803	602
k99_2778_3	1531	498
k99_2778_4	39482	557
k99_2778_5	186803	251
k99_2778_6	186803	299
k99_2778_7	186803	610
k99_2778_8	186803	352
k99_2778_9	186803	262
k99_2778_10	186803	197
k99_2778_11	186803	339
k99_912_1	562	952
k99_912_2	562	1904
k99_912_3	562	842
k99_912_4	562	88
k99_2608_1	816	657
k99_2608_2	818	1197
k99_2608_3	818	1361
k99_2608_4	818	473
k99_2608_5	816	426
k99_2608_6	818	611
k99_2608_7	818	880
k99_2608_8	818	278
k99_2608_9	818	867
k99_2608_10	818	1264
k99_2608_11	818	566
k99_2608_12	816	475
k99_2608_13	818	1016
k99_2608_14	818	858
k99_2608_15	818	356
k99_2608_16	818	685
k99_2608_17	818	542
k99_2608_18	818	368
k99_2608_19	818	1611
k99_2608_20	818	665
k99_2608_21	818	1717
k99_2608_22	818	1698
k99_2608_23	818	1746
k99_2608_24	818	1821
k99_2608_25	818	1346
k99_2608_26	818	962
k99_2608_27	818	65
k99_2608_28	818	101
k99_2608_29	818	971
k99_2608_30	818	1320
k99_2608_31	818	1169
k99_2608_32	818	266
k99_2608_33	818	546
k99_2608_34	818	980
k99_2608_35	818	2128
k99_2608_36	818	1439
k99_2608_37	818	634
k99_2608_38	818	566
k99_2608_39	818	1392
k99_2608_40	818	704
k99_2608_41	818	1239
k99_2608_42	818	1382
k99_2608_43	818	2496
k99_2608_44	818	883
k99_2608_45	818	2089
k99_2608_46	818	1385
k99_2608_47	818	595
k99_2608_49	818	1348
k99_2608_50	818	733
k99_2608_51	818	910
k99_2608_52	818	804
k99_2608_53	818	686
k99_2608_54	818	633
k99_2608_55	816	416
k99_2608_56	816	221
k99_2608_57	816	652
k99_2608_58	816	786
k99_2608_59	818	807
k99_2608_60	816	458
k99_2608_61	816	205
k99_2608_62	816	534
k99_2608_63	818	1419
k99_2608_64	818	971
k99_2608_65	818	785
k99_2608_66	818	1129
k99_2608_67	818	2003
k99_2608_68	818	1533
k99_2608_69	818	1274
k99_2608_70	818	1023
k99_315_1	33035	234
k99_315_2	33035	378
k99_315_3	572511	404
k99_315_4	1532	268
k99_2474_1	572511	174
k99_2474_2	33035	282
k99_2474_3	33035	243
k99_2479_1	572511	94
k99_2479_2	186803	248
k99_2479_3	572511	164
k99_734_1	1547	511
k99_734_2	1547	893
k99_734_3	1547	127
k99_734_4	1547	167
k99_734_5	1547	131
k99_734_6	1547	450
k99_734_7	1547	601
k99_1894_1	186803	998
k99_916_1	818	123
k99_2780_1	562	1603
k99_2780_2	562	439
k99_2780_3	562	347
k99_2780_4	562	192
k99_2780_5	561	729
k99_2780_6	543	924
k99_2487_1	562	122
k99_2487_2	562	177
k99_471_1	207244	259
k99_1195_1	1547	555
k99_1195_2	1547	176
k99_1896_1	572511	1375
k99_1896_2	572511	664
k99_1896_3	572511	446
k99_1896_4	572511	981
k99_1896_5	572511	512
k99_1896_6	572511	796
k99_1896_7	33035	1069
k99_1896_8	572511	299
k99_1896_9	572511	562
k99_1896_10	572511	525
k99_1896_11	572511	1233
k99_1896_12	572511	562
k99_1896_13	572511	131
k99_1896_14	33035	728
k99_1896_15	33035	260
k99_1896_16	572511	240
k99_1196_1	1547	445
k99_1196_2	1547	1522
k99_1196_3	1547	430
k99_1196_4	1547	596
k99_1196_5	1547	348
k99_1196_6	1547	89
k99_1325_1	816	528
k99_1325_2	818	810
k99_1325_3	816	238
k99_1325_4	818	2248
k99_1325_5	818	1871
k99_1325_6	818	1248
k99_1325_7	816	1201
k99_1325_8	816	324
k99_1325_9	818	684
k99_1325_10	28111	236
k99_1325_11	815	148
k99_1325_12	816	288
k99_1325_13	815	441
k99_1325_14	816	223
k99_1325_15	815	1098
k99_1325_16	171549	298
k99_1325_17	171549	663
k99_1325_18	171549	329
k99_1325_19	816	556
k99_1325_20	171549	136
k99_1325_21	818	577
k99_1325_22	816	259
k99_1325_23	816	1358
k99_1325_24	816	192
k99_1325_25	816	349
k99_1325_26	816	1348
k99_1325_27	816	121
k99_1325_28	816	918
k99_1325_29	816	1323
k99_1325_30	816	764
k99_1325_31	816	285
k99_1325_32	816	182
k99_1325_33	816	218
k99_1325_34	816	498
k99_1325_35	816	277
k99_1325_36	816	443
k99_1325_37	816	185
k99_1325_38	816	211
k99_1325_39	816	1668
k99_1325_40	816	240
k99_1325_41	816	385
k99_1325_42	816	613
k99_1325_43	816	407
k99_1325_44	816	192
k99_1325_45	816	843
k99_1325_46	816	593
k99_1325_47	816	397
k99_1325_48	816	299
k99_1325_49	815	566
k99_1325_50	816	623
k99_1325_51	816	141
k99_1325_52	816	362
k99_1325_53	816	298
k99_1325_54	816	333
k99_1325_55	816	806
k99_1325_56	816	84
k99_1325_57	816	135
k99_2498_1	105841	89
k99_2782_1	572511	305
k99_2782_2	572511	71
k99_1900_1	562	989
k99_1900_2	562	243
k99_2786_1	562	789
k99_2786_2	562	778
k99_72_1	1547	716
k99_72_2	2810280	482
k99_72_3	3025755	505
k99_72_4	1547	422
k99_72_5	1547	1043
k99_72_6	1547	1736
k99_72_7	1547	374
k99_72_8	1547	640
k99_72_9	1547	265
k99_1776_1	1547	701
k99_1776_2	1547	422
k99_1208_1	1547	257
k99_1208_2	1547	428
k99_1208_3	1547	1253
k99_1208_4	1547	154
k99_1208_5	1547	542
k99_1208_6	1547	1492
k99_1208_7	3025755	216
k99_1208_8	1547	348
k99_1208_9	1547	275
k99_1208_10	3025755	728
k99_1208_11	1547	895
k99_943_1	562	196
k99_943_2	543	152
k99_943_3	543	182
k99_943_4	562	94
k99_943_5	562	168
k99_943_6	562	711
k99_943_7	562	466
k99_77_1	562	1056
k99_77_2	562	2594
k99_736_1	3025755	98
k99_736_2	1547	512
k99_736_3	1547	2057
k99_736_4	3025755	605
k99_736_5	1547	507
k99_736_6	1547	839
k99_736_7	1547	583
k99_736_8	1547	320
k99_736_9	1547	207
k99_209_1	562	585
k99_209_2	562	716
k99_209_3	562	601
k99_209_4	562	439
k99_209_5	543	65
k99_209_6	562	501
k99_209_7	562	1079
k99_209_8	562	466
k99_209_9	562	308
k99_209_10	562	291
k99_209_11	562	1223
k99_209_12	562	742
k99_209_13	562	1519
k99_209_14	562	705
k99_209_15	562	215
k99_209_16	562	2007
k99_1778_1	818	584
k99_1778_2	818	1176
k99_1778_3	818	553
k99_1778_4	818	803
k99_1778_5	818	644
k99_1778_6	818	645
k99_1778_7	818	368
k99_1778_8	818	530
k99_1778_9	818	387
k99_1778_10	818	1442
k99_1778_11	818	852
k99_1779_1	562	222
k99_1779_2	562	925
k99_215_1	562	391
k99_1465_1	543	129
k99_1465_2	543	892
k99_1465_3	561	439
k99_1465_4	562	638
k99_1465_5	562	534
k99_1465_6	562	248
k99_1465_7	562	1294
k99_1465_8	562	509
k99_1465_9	562	622
k99_1465_10	562	361
k99_1465_11	543	135
k99_1465_12	562	805
k99_1465_13	562	449
k99_1465_14	562	1173
k99_1465_15	562	2465
k99_1465_16	562	244
k99_1465_17	562	169
k99_1465_18	562	205
k99_1465_19	543	356
k99_1465_20	562	606
k99_1465_21	562	960
k99_1465_22	562	618
k99_1465_23	561	619
k99_1465_24	543	671
k99_1465_25	561	930
k99_1465_26	562	346
k99_1465_27	543	877
k99_1465_28	562	187
k99_1465_29	562	332
k99_1465_30	562	1450
k99_1465_31	562	1179
k99_1465_32	562	924
k99_1465_33	562	616
k99_1465_34	562	909
k99_1784_2	33035	126
k99_1784_3	572511	102
k99_82_1	572511	1021
k99_82_2	572511	313
k99_82_3	572511	615
k99_82_4	572511	477
k99_2510_1	3025755	144
k99_2510_2	1547	550
k99_2510_3	1547	803
k99_2510_4	1547	400
k99_2510_5	1547	358
k99_2510_6	1547	89
k99_2510_7	1547	93
k99_2510_8	1547	189
k99_2510_9	1547	244
k99_2510_10	1547	985
k99_2510_11	1547	742
k99_2510_12	1547	219
k99_2510_13	1547	778
k99_2510_14	3025755	465
k99_2510_15	1239	268
k99_2510_16	1547	501
k99_2510_17	1547	265
k99_2510_18	3025755	429
k99_2510_19	1547	347
k99_2510_20	3025755	214
k99_2510_21	1547	387
k99_2510_22	3025755	2338
k99_2510_23	1547	2382
k99_2510_24	1547	124
k99_2510_25	1547	251
k99_2510_26	1547	292
k99_2510_27	3025755	268
k99_2510_28	3025755	305
k99_2510_29	3025755	1338
k99_2510_30	3025755	784
k99_2510_31	3025755	188
k99_88_1	562	990
k99_88_2	562	360
k99_88_3	562	322
k99_88_4	562	1394
k99_88_5	562	835
k99_88_6	562	187
k99_88_7	562	215
k99_1218_1	562	1551
k99_1218_2	543	233
k99_1218_3	562	475
k99_1218_4	561	399
k99_1218_5	562	115
k99_1470_1	207244	150
k99_1470_2	207244	116
k99_958_1	33035	297
k99_958_2	33035	316
k99_958_3	33035	132
k99_958_4	186803	189
k99_958_5	33035	203
k99_958_6	572511	854
k99_958_7	33035	524
k99_958_8	572511	246
k99_958_9	33035	1156
k99_958_10	572511	1040
k99_958_11	33035	381
k99_958_12	33035	288
k99_958_13	186803	671
k99_958_14	33035	545
k99_958_15	33035	363
k99_958_16	186803	647
k99_958_17	572511	320
k99_958_18	33035	204
k99_958_19	33035	261
k99_958_20	33035	576
k99_1903_1	572511	376
k99_1903_2	572511	938
k99_1903_3	572511	836
k99_1903_4	33035	238
k99_1903_5	572511	546
k99_1903_6	572511	459
k99_1903_7	572511	701
k99_1903_8	572511	676
k99_1903_9	572511	435
k99_1903_10	572511	565
k99_1903_11	572511	630
k99_1903_12	33035	320
k99_1903_13	1532	422
k99_1903_14	572511	1023
k99_1903_15	154046	73
k99_1903_16	186801	152
k99_1903_17	186801	263
k99_1903_18	33035	1476
k99_1903_19	33035	446
k99_1903_20	33035	795
k99_1903_21	33035	462
k99_1903_22	33035	131
k99_1903_23	33035	225
k99_1903_24	186803	577
k99_1903_25	186803	652
k99_1903_26	33035	1150
k99_1903_27	186803	1587
k99_1903_28	186803	196
k99_1903_29	33035	303
k99_1903_30	186803	352
k99_1903_31	33035	175
k99_1903_32	186801	137
k99_1903_33	33035	85
k99_1903_34	33035	828
k99_1903_35	33035	930
k99_1903_36	33035	142
k99_1903_37	186803	254
k99_1903_38	186801	205
k99_1903_39	186803	229
k99_1903_40	186803	400
k99_1903_41	2316020	2174
k99_1903_42	572511	829
k99_1903_43	33035	410
k99_1903_44	572511	449
k99_1903_45	572511	580
k99_1903_46	572511	432
k99_1903_47	33035	345
k99_1903_48	572511	793
k99_1905_1	562	1729
k99_1905_2	562	642
k99_1221_1	207244	197
k99_1221_2	105841	206
k99_1598_1	1547	190
k99_1598_2	1547	445
k99_1598_3	3025755	434
k99_1598_4	3025755	648
k99_1598_5	3025755	1255
k99_1598_6	1547	1119
k99_1598_7	1547	158
k99_1598_8	1547	137
k99_1598_9	1239	86
k99_1598_10	2678885	63
k99_2524_1	1547	677
k99_2524_2	1547	945
k99_2524_3	1547	1011
k99_2524_4	1547	271
k99_2524_5	3025755	710
k99_2524_6	1547	400
k99_2524_7	3025755	594
k99_2524_8	1547	533
k99_2524_9	1547	488
k99_2524_10	1547	867
k99_2524_11	1547	375
k99_2524_12	1547	539
k99_2524_13	1547	785
k99_2524_14	1547	882
k99_2538_1	562	652
k99_2538_2	562	44
k99_596_1	1547	630
k99_2540_1	2173034	63
k99_1608_1	1547	1244
k99_1608_2	1547	461
k99_1608_3	2810280	89
k99_1608_4	1547	141
k99_1608_5	1547	86
k99_1223_2	572511	425
k99_1223_3	33035	555
k99_1223_4	33035	390
k99_1223_5	572511	140
k99_1223_6	572511	379
k99_1223_7	33035	122
k99_1223_8	572511	979
k99_1223_9	1532	567
k99_1223_10	33035	126
k99_1223_11	572511	1071
k99_1223_12	572511	225
k99_1223_13	572511	333
k99_1223_14	33035	125
k99_1223_15	572511	736
k99_1223_16	572511	940
k99_1223_17	572511	964
k99_1223_18	33035	1209
k99_1223_19	33035	562
k99_1223_20	33035	510
k99_1223_21	572511	126
k99_1223_22	186803	1070
k99_1223_23	572511	326
k99_1223_25	572511	464
k99_1223_26	572511	427
k99_1223_28	33035	206
k99_1223_29	572511	571
k99_1223_30	572511	507
k99_1223_31	572511	374
k99_1223_32	572511	121
k99_1223_33	572511	207
k99_1223_34	572511	333
k99_1223_35	572511	970
k99_1223_36	572511	584
k99_1223_37	572511	897
k99_1223_38	572511	265
k99_2549_1	543	493
k99_2549_2	561	221
k99_2549_3	543	966
k99_962_1	572511	1151
k99_962_2	572511	254
k99_962_3	572511	511
k99_962_4	572511	1290
k99_962_5	572511	413
k99_962_6	572511	1274
k99_962_7	572511	1095
k99_962_8	33035	75
k99_962_9	572511	452
k99_962_10	33035	186
k99_962_11	33035	431
k99_962_12	33035	432
k99_962_13	572511	252
k99_962_14	572511	288
k99_962_15	572511	1185
k99_962_16	572511	247
k99_962_17	33035	284
k99_962_18	572511	636
k99_962_19	572511	556
k99_962_20	572511	381
k99_962_21	572511	1765
k99_962_22	572511	675
k99_962_23	33035	580
k99_962_24	572511	548
k99_962_25	572511	578
k99_962_26	572511	917
k99_962_27	1532	671
k99_962_28	33035	265
k99_962_29	572511	568
k99_962_30	33035	670
k99_962_31	572511	798
k99_962_32	572511	380
k99_962_33	572511	362
k99_962_34	572511	1169
k99_962_35	572511	818
k99_962_36	572511	632
k99_962_37	33035	530
k99_962_38	572511	353
k99_1613_1	562	700
k99_1613_2	562	551
k99_103_1	562	45
k99_103_2	562	378
k99_103_3	562	335
k99_103_4	562	426
k99_496_1	33035	460
k99_496_2	1496	458
k99_496_3	1496	478
k99_496_4	33035	243
k99_496_5	33035	433
k99_496_6	1496	887
k99_496_7	33035	231
k99_496_8	33035	537
k99_496_9	33035	442
k99_496_10	186803	154
k99_1229_1	207244	182
k99_1229_2	105841	82
k99_742_1	572511	153
k99_742_2	572511	670
k99_742_3	572511	320
k99_742_4	572511	794
k99_742_5	572511	933
k99_742_6	33035	352
k99_742_7	33035	489
k99_742_8	572511	1021
k99_742_9	572511	1037
k99_742_10	572511	498
k99_111_1	1547	528
k99_111_2	3025755	298
k99_111_3	3025755	251
k99_111_4	1547	664
k99_111_6	1547	737
k99_111_7	1547	170
k99_111_8	1547	733
k99_111_9	1547	607
k99_111_10	1547	162
k99_111_11	1547	321
k99_743_1	1547	50
k99_743_2	1547	647
k99_743_3	1547	501
k99_743_4	1547	387
k99_743_5	1547	784
k99_743_6	1547	502
k99_743_7	1547	84
k99_746_1	562	302
k99_746_2	562	182
k99_1921_1	207244	324
k99_747_1	562	154
k99_747_2	562	551
k99_747_3	562	1315
k99_747_4	562	277
k99_747_5	562	519
k99_602_1	572511	142
k99_602_2	186803	410
k99_2354_1	562	704
k99_2354_2	562	244
k99_2354_3	562	570
k99_2354_4	543	538
k99_607_1	186803	838
k99_607_2	572511	495
k99_607_3	572511	256
k99_607_4	186803	209
k99_607_5	572511	65
k99_118_1	1547	100
k99_118_2	1547	432
k99_118_3	1547	112
k99_118_4	1547	253
k99_118_5	1547	1292
k99_498_1	3025755	66
k99_498_2	1547	788
k99_498_3	1547	843
k99_498_4	1547	300
k99_498_5	3025755	854
k99_498_6	1547	504
k99_498_7	1547	752
k99_498_8	1547	546
k99_498_9	1547	989
k99_498_10	1547	1165
k99_498_11	1547	119
k99_498_12	1547	374
k99_498_13	1547	916
k99_498_14	1547	760
k99_498_15	1239	785
k99_498_16	1547	1027
k99_2082_2	562	265
k99_2082_3	562	247
k99_2082_4	562	118
k99_2355_1	572511	1543
k99_2355_2	572511	837
k99_2355_3	572511	882
k99_2355_4	572511	1585
k99_2355_5	572511	588
k99_2355_6	572511	326
k99_2355_7	572511	364
k99_499_1	33035	151
k99_499_2	33035	632
k99_499_3	33035	508
k99_499_4	186803	153
k99_967_1	562	176
k99_967_2	562	604
k99_1927_1	1547	560
k99_1927_2	1547	750
k99_1927_3	1547	290
k99_119_1	572511	991
k99_119_2	1532	522
k99_119_3	572511	718
k99_119_4	33035	249
k99_119_6	186803	741
k99_119_7	33035	430
k99_119_8	33035	155
k99_119_9	33035	268
k99_2364_1	562	255
k99_2364_2	562	408
k99_2364_3	562	311
k99_126_1	186803	350
k99_1337_1	1547	558
k99_1337_2	1547	490
k99_1337_3	1547	222
k99_1337_4	1547	405
k99_1337_5	1547	969
k99_1337_6	1547	1134
k99_1337_7	1547	250
k99_243_1	207244	161
k99_350_1	562	96
k99_350_2	562	473
k99_350_3	562	258
k99_350_4	562	219
k99_350_5	562	1089
k99_350_6	543	164
k99_350_7	543	1503
k99_350_8	543	833
k99_350_9	543	410
k99_350_10	543	805
k99_350_11	562	209
k99_350_12	562	362
k99_350_13	562	952
k99_350_14	561	629
k99_350_15	561	1337
k99_350_16	562	417
k99_350_17	562	213
k99_350_18	543	576
k99_350_19	562	859
k99_350_20	562	308
k99_350_21	562	616
k99_350_22	562	382
k99_350_23	562	951
k99_350_24	562	150
k99_350_25	562	577
k99_350_26	543	1241
k99_350_27	562	648
k99_350_28	562	373
k99_350_29	562	659
k99_350_30	543	269
k99_350_31	543	290
k99_350_32	562	739
k99_350_33	543	290
k99_350_34	562	334
k99_350_35	562	632
k99_350_36	543	246
k99_350_37	562	616
k99_350_38	543	1118
k99_350_39	543	208
k99_350_40	543	781
k99_350_41	561	707
k99_350_42	562	407
k99_350_43	562	1281
k99_350_44	543	895
k99_350_45	562	830
k99_350_46	562	867
k99_350_47	543	464
k99_350_48	562	520
k99_1339_1	562	57
k99_1339_2	543	173
k99_1339_3	562	850
k99_1339_4	562	679
k99_1339_5	543	699
k99_1339_6	562	566
k99_1627_1	572511	511
k99_1938_1	562	232
k99_1938_2	562	584
k99_1938_3	543	568
k99_1938_4	543	542
k99_1938_5	543	304
k99_1938_6	543	318
k99_1938_7	543	166
k99_1938_8	543	327
k99_1938_9	543	317
k99_1938_10	543	159
k99_1938_11	543	218
k99_1938_12	562	226
k99_1938_13	543	73
k99_1938_14	562	788
k99_1938_15	543	706
k99_1938_16	562	701
k99_1938_17	562	280
k99_1938_18	562	863
k99_1938_19	543	312
k99_1938_20	543	211
k99_2614_1	33035	301
k99_2614_2	33035	274
k99_2614_3	572511	130
k99_2614_4	33035	61
k99_2614_5	572511	153
k99_2614_6	33035	143
k99_2614_8	33035	149
k99_2614_9	572511	148
k99_2614_10	33035	202
k99_2614_11	572511	126
k99_2614_12	33035	450
k99_2614_13	33035	499
k99_2614_14	33035	626
k99_2614_15	33035	296
k99_2614_16	33035	488
k99_2614_17	572511	223
k99_2614_18	33035	581
k99_2614_19	572511	419
k99_2614_20	33035	123
k99_2614_21	33035	341
k99_2614_23	33035	112
k99_2614_24	33035	127
k99_2614_25	33035	144
k99_2614_26	33035	300
k99_2614_27	572511	294
k99_2614_28	572511	939
k99_2614_29	33035	128
k99_2614_30	572511	166
k99_2614_31	572511	1069
k99_2614_32	33035	1082
k99_2614_34	33035	147
k99_2614_35	33035	199
k99_2614_36	572511	342
k99_2614_37	572511	595
k99_2614_38	572511	176
k99_2614_39	572511	267
k99_2614_40	572511	229
k99_2614_41	572511	265
k99_2614_42	572511	262
k99_2614_43	572511	310
k99_2614_44	572511	191
k99_2614_45	33035	165
k99_2614_46	33035	1572
k99_2614_47	572511	238
k99_2614_48	572511	1297
k99_2614_49	572511	706
k99_1054_1	818	329
k99_1054_2	818	332
k99_1054_3	816	52
k99_1054_4	818	266
k99_1054_5	818	496
k99_1054_6	816	873
k99_1054_7	816	642
k99_1054_8	818	433
k99_1054_9	816	352
k99_1054_10	816	340
k99_1054_11	816	683
k99_1054_12	818	562
k99_1054_13	816	999
k99_1054_14	93974	137
k99_1054_15	816	1628
k99_1054_16	816	496
k99_1054_17	816	175
k99_1054_18	816	784
k99_1054_19	816	532
k99_1054_20	816	297
k99_1054_21	818	73
k99_1054_22	816	132
k99_1054_23	816	1170
k99_1054_24	816	761
k99_1054_25	818	820
k99_1054_26	818	244
k99_1054_27	818	1046
k99_1054_28	818	707
k99_1054_29	816	579
k99_1054_30	818	422
k99_1054_31	818	1124
k99_1054_32	818	287
k99_1054_33	816	609
k99_1054_34	816	918
k99_1054_35	816	1782
k99_1054_36	818	342
k99_1054_37	818	380
k99_1054_38	816	410
k99_1054_39	818	458
k99_1054_40	818	811
k99_1054_41	816	1170
k99_1054_42	816	494
k99_1054_43	818	410
k99_1054_44	818	132
k99_1054_45	818	1318
k99_1054_46	816	425
k99_1054_47	818	1137
k99_1054_48	818	1544
k99_1054_49	818	354
k99_1054_50	818	711
k99_1054_51	818	84
k99_1054_52	818	757
k99_1054_53	818	131
k99_1054_54	818	769
k99_1054_55	818	1159
k99_1054_56	818	291
k99_1054_57	818	765
k99_1054_58	818	426
k99_1054_59	818	773
k99_1054_60	818	508
k99_1054_61	818	1328
k99_1054_63	818	702
k99_1054_64	818	1951
k99_1054_65	818	966
k99_1054_66	818	2067
k99_1054_67	818	369
k99_1054_68	816	779
k99_1473_1	572511	109
k99_1473_2	572511	695
k99_1473_3	572511	689
k99_1473_4	572511	405
k99_1473_5	1532	547
k99_1473_6	572511	740
k99_1473_7	572511	539
k99_1473_8	572511	510
k99_1473_9	572511	550
k99_1473_10	572511	643
k99_1473_11	572511	397
k99_1473_12	572511	958
k99_1473_13	572511	1189
k99_1473_14	572511	1610
k99_1473_15	33035	158
k99_1475_1	562	258
k99_1475_2	562	157
k99_357_1	562	503
k99_357_2	562	355
k99_137_1	562	338
k99_137_2	562	584
k99_137_3	543	1163
k99_137_4	562	340
k99_137_5	562	519
k99_137_6	562	274
k99_137_7	562	322
k99_137_8	562	983
k99_137_9	562	894
k99_137_10	562	648
k99_137_11	562	364
k99_137_12	562	1459
k99_137_13	562	732
k99_137_14	562	785
k99_1631_1	1547	309
k99_1631_2	1547	324
k99_1631_3	1547	385
k99_1631_4	1547	175
k99_1631_5	1547	223
k99_1631_6	1547	147
k99_1631_7	1547	857
k99_1631_8	1547	376
k99_1631_9	1547	502
k99_1631_10	1547	390
k99_1631_11	1547	377
k99_1631_12	1547	967
k99_1631_13	1547	488
k99_1631_14	1547	313
k99_1631_15	1547	793
k99_1631_16	1547	434
k99_1631_17	1547	374
k99_1631_18	1547	761
k99_1631_19	1547	691
k99_364_1	562	290
k99_364_2	562	1355
k99_2366_1	572511	729
k99_2366_2	572511	380
k99_2366_3	572511	570
k99_2366_4	33035	137
k99_2366_5	572511	391
k99_2366_6	572511	1122
k99_2366_7	33035	160
k99_2366_8	572511	366
k99_2366_9	33035	80
k99_2366_10	572511	1141
k99_2366_11	572511	1012
k99_2366_12	572511	893
k99_2366_13	572511	571
k99_2366_14	572511	516
k99_2366_15	572511	1439
k99_2366_16	572511	492
k99_2366_17	572511	733
k99_2366_18	572511	457
k99_2366_19	572511	605
k99_2366_20	572511	952
k99_2366_21	572511	313
k99_2366_22	572511	590
k99_2366_23	572511	520
k99_2366_24	572511	281
k99_2366_25	186803	362
k99_2366_26	572511	365
k99_2366_27	572511	4845
k99_2366_28	572511	1743
k99_2366_29	33035	505
k99_2366_30	186803	749
k99_2366_31	572511	581
k99_2366_32	33035	577
k99_2366_33	33035	1128
k99_2366_34	33035	852
k99_2366_35	33035	367
k99_2366_36	572511	848
k99_2366_37	572511	769
k99_2366_38	572511	639
k99_2366_39	572511	1237
k99_2366_40	572511	437
k99_142_1	3025755	96
k99_142_2	1547	504
k99_142_3	1547	442
k99_142_4	1547	52
k99_142_5	1547	465
k99_142_6	1547	840
k99_142_7	1547	172
k99_142_8	3025755	217
k99_2096_1	572511	123
k99_2096_2	572511	1040
k99_1803_1	33035	487
k99_1803_2	572511	416
k99_1803_3	572511	455
k99_1803_4	572511	609
k99_1803_5	572511	204
k99_1803_6	572511	487
k99_1803_7	33035	307
k99_1803_8	572511	285
k99_1803_9	572511	382
k99_1803_10	572511	409
k99_1803_11	572511	545
k99_1803_12	572511	445
k99_1803_13	572511	334
k99_1803_14	572511	228
k99_1803_15	186801	1060
k99_1803_16	1239	87
k99_1803_17	1239	813
k99_1803_18	186803	546
k99_1803_19	33035	84
k99_1803_20	33035	288
k99_1803_21	572511	1120
k99_1803_22	572511	303
k99_1803_23	572511	940
k99_1803_24	572511	953
k99_1803_25	572511	649
k99_1803_26	572511	455
k99_1803_27	33035	221
k99_1803_28	33035	241
k99_1803_29	33035	306
k99_1803_30	33035	245
k99_1803_31	33035	371
k99_1803_32	33035	283
k99_1803_33	33035	469
k99_1803_34	33035	72
k99_1803_35	572511	663
k99_1803_36	186803	592
k99_1803_37	572511	949
k99_1803_38	572511	644
k99_1803_39	572511	839
k99_1803_40	572511	1432
k99_1803_41	572511	476
k99_1803_42	572511	906
k99_1803_43	572511	137
k99_619_1	33035	205
k99_1352_1	1239	244
k99_1352_2	1547	555
k99_1352_3	1547	551
k99_1352_4	1547	273
k99_1352_5	1547	486
k99_1352_6	1547	132
k99_1352_7	1547	976
k99_1352_8	1547	327
k99_620_1	562	689
k99_620_2	562	337
k99_620_3	562	626
k99_620_4	562	239
k99_992_1	105841	326
k99_1637_1	572511	897
k99_1637_2	572511	195
k99_1637_3	1532	929
k99_1637_4	572511	290
k99_1637_5	33035	375
k99_1637_6	572511	539
k99_1637_7	33035	342
k99_1637_8	33035	650
k99_1637_9	33035	586
k99_1637_10	572511	437
k99_1637_11	572511	1736
k99_1637_12	1532	780
k99_1637_13	572511	443
k99_1637_14	572511	129
k99_1637_15	572511	198
k99_1637_16	572511	1316
k99_1637_17	572511	442
k99_1637_18	572511	917
k99_1637_19	572511	168
k99_1637_20	572511	521
k99_1637_21	33035	462
k99_1637_22	33035	385
k99_1637_23	572511	553
k99_1637_24	1532	166
k99_1637_25	572511	484
k99_1637_26	572511	687
k99_1637_27	572511	268
k99_2102_1	2810280	536
k99_2102_2	1547	280
k99_2102_3	1547	1346
k99_2102_4	1547	521
k99_2102_5	1547	441
k99_2102_6	1547	789
k99_2102_7	1547	506
k99_2102_8	1547	1004
k99_2102_9	1547	521
k99_2102_10	1547	577
k99_2102_11	1547	858
k99_2105_1	1547	72
k99_2105_2	1547	63
k99_2209_1	105841	385
k99_2211_1	543	263
k99_1645_1	105841	276
k99_995_1	1547	615
k99_995_2	1547	562
k99_995_3	1547	2879
k99_995_4	1547	1367
k99_995_5	1547	150
k99_995_6	1547	2090
k99_1647_1	562	80
k99_1647_2	562	429
k99_1647_3	561	331
k99_1647_4	562	262
k99_1647_5	562	305
k99_1257_1	33035	253
k99_1257_2	572511	553
k99_1257_3	572511	543
k99_1257_4	572511	421
k99_1257_5	572511	370
k99_1257_6	572511	841
k99_1257_7	33035	138
k99_1257_8	572511	2992
k99_1257_9	572511	683
k99_1257_10	572511	698
k99_1257_11	572511	835
k99_1257_12	572511	695
k99_1259_1	1547	831
k99_1259_2	1547	520
k99_1259_3	1547	380
k99_1259_4	1547	281
k99_1259_5	1547	1543
k99_2115_1	562	921
k99_2115_2	562	805
k99_2115_3	543	214
k99_1059_1	572511	202
k99_1059_2	572511	448
k99_1059_3	572511	2055
k99_1059_4	33035	572
k99_1059_5	572511	472
k99_1059_6	572511	2132
k99_1059_7	33035	847
k99_1059_8	33035	760
k99_1059_9	572511	1085
k99_1059_10	572511	385
k99_1059_11	33035	369
k99_1059_12	33035	810
k99_1059_13	572511	1688
k99_1059_14	572511	425
k99_1059_16	572511	360
k99_1059_17	572511	470
k99_1059_18	572511	1235
k99_509_1	207244	394
k99_2639_1	818	435
k99_1955_1	1547	248
k99_1955_2	1547	1129
k99_1955_3	1547	418
k99_1955_4	1547	512
k99_1955_5	1547	68
k99_1955_6	1547	717
k99_257_1	562	480
k99_257_2	562	761
k99_257_3	562	405
k99_257_4	562	288
k99_257_5	562	313
k99_1962_1	3025755	65
k99_1279_1	543	320
k99_1279_2	543	414
k99_1279_3	543	142
k99_2396_1	562	841
k99_2396_2	562	796
k99_2396_3	562	930
k99_2396_4	562	580
k99_2396_5	562	723
k99_2131_1	1547	263
k99_2131_2	1547	145
k99_2131_3	1547	650
k99_2131_4	1547	1288
k99_2131_5	1547	1046
k99_2131_6	3025755	389
k99_2131_7	1547	283
k99_2131_8	1547	660
k99_2131_9	1547	657
k99_2131_10	1547	533
k99_1662_1	562	101
k99_1662_2	562	747
k99_1662_3	562	736
k99_1662_4	562	509
k99_1486_1	1547	936
k99_1486_2	1547	470
k99_1486_3	1547	914
k99_1486_4	1547	172
k99_1488_1	1547	461
k99_1488_2	69824	461
k99_757_1	562	244
k99_757_2	562	299
k99_757_3	562	634
k99_757_4	562	1072
k99_757_5	543	855
k99_757_6	562	1182
k99_757_7	562	847
k99_757_8	562	538
k99_757_9	543	1921
k99_1288_1	1547	516
k99_1288_2	1547	298
k99_1288_3	526525	652
k99_1288_4	1547	247
k99_1292_1	207244	452
k99_2566_1	543	384
k99_2566_2	562	602
k99_2566_3	543	114
k99_2566_4	562	286
k99_2566_5	543	89
k99_2408_1	562	289
k99_2408_2	543	790
k99_2408_3	562	726
k99_2408_4	543	939
k99_2408_5	562	811
k99_2408_6	562	535
k99_2410_1	1547	407
k99_258_1	818	1651
k99_258_2	816	1025
k99_258_3	818	1075
k99_258_4	818	809
k99_258_5	818	1817
k99_258_6	816	478
k99_258_7	818	1823
k99_258_8	818	1037
k99_258_9	818	123
k99_258_10	818	399
k99_258_11	818	179
k99_258_12	816	1293
k99_258_13	816	156
k99_258_14	816	493
k99_258_15	818	1164
k99_258_16	818	651
k99_258_17	818	861
k99_258_18	818	297
k99_258_19	818	1058
k99_258_20	818	283
k99_258_21	818	76
k99_258_22	818	1102
k99_258_23	818	811
k99_258_24	818	238
k99_258_25	818	1089
k99_258_26	818	87
k99_258_27	816	271
k99_258_28	816	801
k99_258_29	818	851
k99_258_30	818	493
k99_258_31	818	927
k99_258_32	818	94
k99_258_33	818	721
k99_258_34	818	820
k99_258_35	816	885
k99_258_36	818	96
k99_258_37	816	822
k99_258_38	816	944
k99_258_39	816	1388
k99_258_40	816	132
k99_258_41	816	600
k99_258_42	816	314
k99_258_43	816	334
k99_258_44	816	91
k99_258_45	816	559
k99_258_46	818	679
k99_258_47	818	879
k99_258_48	818	293
k99_258_49	818	1103
k99_258_50	818	350
k99_258_51	818	723
k99_258_52	818	2689
k99_258_53	818	786
k99_258_54	818	570
k99_258_55	818	942
k99_258_56	818	955
k99_258_57	816	147
k99_258_58	818	890
k99_258_59	818	673
k99_258_60	818	1406
k99_258_61	818	2112
k99_258_62	818	961
k99_258_63	818	329
k99_1502_1	562	295
k99_1502_2	562	159
k99_1502_3	562	460
k99_2579_1	105841	412
k99_2579_2	105841	55
k99_1503_2	572511	426
k99_1503_3	33035	608
k99_1503_4	33035	552
k99_1503_5	33035	287
k99_1503_6	1532	207
k99_1503_7	1898203	188
k99_1503_8	33035	248
k99_1503_9	572511	202
k99_1503_10	33035	468
k99_1503_11	572511	426
k99_1503_12	572511	494
k99_1503_13	572511	422
k99_1503_14	572511	467
k99_1503_15	33035	115
k99_2419_1	105841	483
k99_1670_1	818	387
k99_2230_1	105841	388
k99_267_1	1547	541
k99_267_2	1547	1210
k99_267_3	1547	562
k99_267_4	1547	503
k99_267_5	1547	443
k99_267_6	1547	395
k99_2232_1	562	167
k99_2232_2	562	885
k99_2232_3	562	1415
k99_1998_1	562	192
k99_1998_2	562	340
k99_1998_3	562	468
k99_1998_4	562	157
k99_1998_5	562	633
k99_1998_6	562	2290
k99_1998_7	562	660
k99_1998_8	562	730
k99_1998_9	562	452
k99_1998_10	562	630
k99_1083_1	186803	613
k99_1083_2	572511	632
k99_1999_1	572511	164
k99_1999_2	572511	531
k99_1999_3	572511	562
k99_1999_5	572511	1181
k99_1999_6	572511	487
k99_1999_7	572511	902
k99_1999_8	572511	1285
k99_1999_9	572511	218
k99_1999_10	572511	695
k99_1999_11	572511	1149
k99_1999_12	572511	875
k99_1999_13	572511	281
k99_1999_14	572511	317
k99_1999_15	572511	811
k99_1999_16	572511	462
k99_1999_17	572511	608
k99_1999_18	33035	148
k99_1999_19	572511	767
k99_1999_20	572511	1157
k99_1999_21	572511	350
k99_1999_22	33035	288
k99_1999_23	572511	476
k99_1517_1	207244	320
k99_1517_2	207244	229
k99_1517_3	207244	68
k99_2795_1	105841	257
k99_2795_2	105841	146
k99_1519_1	562	424
k99_2012_1	562	351
k99_2012_2	562	65
k99_2012_3	562	389
k99_2012_4	562	153
k99_2012_5	562	834
k99_1688_1	562	1217
k99_2658_1	105841	421
k99_2659_1	562	313
k99_2661_1	562	660
k99_2664_1	105841	377
k99_1392_1	1547	211
k99_1392_2	1547	575
k99_1392_3	1547	1739
k99_1392_4	1547	499
k99_1392_5	1547	468
k99_1392_6	1547	298
k99_1392_7	1547	265
k99_1392_8	1547	986
k99_1392_9	1547	1199
k99_1392_10	1547	585
k99_1392_11	1547	584
k99_1392_12	1547	274
k99_1392_13	1547	366
k99_1392_14	1547	267
k99_1392_15	1547	291
k99_1392_16	1547	412
k99_1392_17	1547	471
k99_1392_18	1547	685
k99_1392_19	1547	468
k99_545_1	186803	447
k99_545_2	572511	322
k99_545_3	186803	263
k99_545_4	186803	348
k99_545_5	33038	765
k99_545_6	186803	443
k99_545_7	186803	87
k99_545_8	2316020	579
k99_545_9	186802	533
k99_545_10	186803	375
k99_545_11	33035	576
k99_545_12	33035	115
k99_545_13	1532	842
k99_545_14	572511	258
k99_545_15	186803	661
k99_545_16	186803	167
k99_545_17	186803	116
k99_545_18	186803	212
k99_545_19	572511	278
k99_547_1	543	128
k99_547_2	562	374
k99_550_1	572511	276
k99_761_1	818	173
k99_761_2	818	391
k99_761_3	818	640
k99_761_4	818	261
k99_761_5	818	244
k99_761_6	818	513
k99_761_7	818	994
k99_761_8	816	1080
k99_761_9	818	1175
k99_761_10	816	862
k99_761_11	816	1432
k99_761_12	818	457
k99_761_13	818	355
k99_761_14	816	698
k99_761_15	818	660
k99_761_16	818	253
k99_761_17	818	350
k99_761_18	818	988
k99_761_19	816	324
k99_761_20	816	1863
k99_761_21	818	1161
k99_761_22	818	476
k99_761_23	818	278
k99_761_24	816	216
k99_761_25	816	523
k99_761_26	816	276
k99_761_27	816	878
k99_761_28	816	1311
k99_761_29	818	84
k99_761_30	818	472
k99_761_31	818	442
k99_761_32	818	420
k99_761_33	818	320
k99_761_34	818	269
k99_761_35	818	707
k99_761_36	818	657
k99_761_37	818	967
k99_761_38	818	576
k99_761_39	818	815
k99_761_40	818	583
k99_761_41	818	717
k99_761_42	816	2122
k99_761_43	818	800
k99_761_44	816	1256
k99_761_45	816	1198
k99_761_46	816	2978
k99_761_47	818	915
k99_761_48	816	1129
k99_761_49	818	485
k99_761_50	818	69
k99_761_51	818	203
k99_761_52	818	543
k99_761_53	816	850
k99_761_54	818	486
k99_761_55	816	226
k99_761_56	818	956
k99_761_57	816	1450
k99_761_58	818	368
k99_761_59	818	1402
k99_761_60	818	583
k99_761_61	816	1133
k99_761_62	818	1066
k99_761_63	818	759
k99_761_64	816	88
k99_761_65	816	793
k99_761_66	816	939
k99_761_67	816	379
k99_761_68	818	649
k99_761_69	818	494
k99_761_70	818	432
k99_761_71	818	514
k99_761_72	816	704
k99_761_73	818	1628
k99_761_74	816	92
k99_761_75	816	240
k99_761_76	818	680
k99_761_77	818	612
k99_761_78	818	415
k99_761_79	816	383
k99_761_80	816	471
k99_761_81	816	790
k99_761_82	818	346
k99_761_83	816	248
k99_761_84	818	678
k99_761_85	818	684
k99_761_86	818	280
k99_761_87	818	374
k99_761_88	818	303
k99_761_89	818	767
k99_761_90	818	1119
k99_761_91	818	1163
k99_761_92	818	399
k99_761_93	818	1571
k99_761_94	818	390
k99_761_95	818	1559
k99_761_96	818	214
k99_761_97	816	1564
k99_761_98	816	997
k99_761_99	818	576
k99_761_100	818	539
k99_761_101	818	448
k99_761_102	818	1442
k99_761_103	818	2822
k99_761_104	818	446
k99_761_105	818	384
k99_761_106	816	207
k99_761_107	818	161
k99_761_108	816	96
k99_761_109	816	457
k99_761_110	816	681
k99_761_111	816	710
k99_761_112	816	1010
k99_554_1	562	72
k99_554_2	562	729
k99_555_1	562	756
k99_555_2	562	728
k99_555_3	562	436
k99_555_4	562	120
k99_555_5	562	596
k99_555_6	543	189
k99_555_7	543	647
k99_555_8	562	598
k99_555_9	562	638
k99_2142_1	816	1372
k99_2142_2	818	622
k99_2142_3	818	1311
k99_2142_4	818	994
k99_2142_5	818	677
k99_2142_6	818	2260
k99_2142_7	818	1560
k99_2142_8	818	1724
k99_2142_9	818	1442
k99_2142_10	818	906
k99_2142_11	818	1387
k99_2142_12	818	2215
k99_2142_13	818	1183
k99_2142_14	818	2522
k99_2142_15	818	2102
k99_2142_16	818	1729
k99_2142_17	818	1123
k99_2142_18	818	1912
k99_2142_19	818	1496
k99_2142_20	818	565
k99_2142_21	818	1410
k99_2142_22	818	342
k99_2142_23	818	776
k99_2142_24	818	897
k99_2142_25	818	748
k99_2142_26	818	219
k99_2142_27	818	79
k99_2142_28	818	804
k99_2144_1	818	402
k99_1538_1	562	597
k99_1538_2	562	868
k99_1538_3	562	486
k99_1538_4	562	211
k99_1538_5	562	473
k99_1538_6	562	667
k99_2255_1	207244	108
k99_2255_2	207244	343
k99_2427_1	562	157
k99_2427_2	562	753
k99_2427_3	562	573
k99_2427_4	561	496
k99_2427_5	562	289
k99_2430_1	562	1220
k99_622_1	1547	461
k99_622_2	1547	232
k99_622_3	3025755	276
k99_622_4	1547	204
k99_622_5	1239	183
k99_622_6	1547	373
k99_622_7	1547	146
k99_419_1	186803	287
k99_419_2	572511	443
k99_419_3	572511	155
k99_419_4	572511	509
k99_419_5	572511	242
k99_419_6	572511	530
k99_419_7	572511	390
k99_419_8	572511	481
k99_419_9	572511	575
k99_419_10	572511	736
k99_419_11	572511	1408
k99_419_12	572511	951
k99_419_13	572511	414
k99_558_1	408170	43
k99_558_2	562	533
k99_1401_1	105841	276
k99_1401_2	105841	94
k99_277_1	3025755	192
k99_277_2	1547	976
k99_277_3	3025755	593
k99_277_4	1547	144
k99_277_5	1547	146
k99_277_6	1547	454
k99_277_7	1547	166
k99_277_8	1547	510
k99_277_9	1547	1158
k99_1542_1	207244	260
k99_1542_2	207244	82
k99_284_1	105841	288
k99_284_2	105841	164
k99_1407_1	562	531
k99_1407_2	543	416
k99_1547_1	1239	877
k99_1547_2	1547	850
k99_425_1	572511	1075
k99_425_2	572511	111
k99_425_3	572511	117
k99_425_4	572511	604
k99_425_5	572511	133
k99_425_6	33035	90
k99_425_7	572511	870
k99_773_1	562	308
k99_773_2	543	1322
k99_773_3	543	272
k99_773_4	543	130
k99_773_5	91347	216
k99_773_6	543	649
k99_773_7	562	1405
k99_1413_1	1547	806
k99_1413_2	1547	711
k99_1413_3	2810280	739
k99_1413_4	1547	691
k99_1413_5	1547	690
k99_2683_1	572511	114
k99_2683_2	572511	1161
k99_2683_3	572511	571
k99_2683_4	572511	816
k99_2683_5	572511	1538
k99_2683_6	572511	1460
k99_2683_7	572511	258
k99_2683_8	1532	645
k99_2683_9	572511	1152
k99_2683_10	33035	323
k99_2683_12	572511	447
k99_2683_13	572511	793
k99_2683_14	572511	834
k99_2683_15	572511	564
k99_2683_16	572511	546
k99_2683_17	572511	515
k99_2683_18	572511	223
k99_431_1	1547	571
k99_431_2	1547	1440
k99_2262_1	562	162
k99_629_1	1547	49
k99_629_2	1547	246
k99_629_3	1547	197
k99_629_4	1547	996
k99_629_5	1547	523
k99_629_6	1547	553
k99_629_7	1547	177
k99_2685_1	562	169
k99_2685_2	562	414
k99_2685_3	562	71
k99_1568_1	562	843
k99_1568_2	562	499
k99_1568_3	562	411
k99_2264_1	572511	485
k99_2264_2	572511	538
k99_2264_3	572511	594
k99_2264_4	572511	939
k99_2264_5	33035	1128
k99_2264_6	572511	1157
k99_2264_7	572511	807
k99_2264_8	572511	2269
k99_2264_9	572511	651
k99_2264_10	572511	951
k99_2267_1	562	763
k99_565_1	562	625
k99_565_2	543	704
k99_565_3	562	262
k99_565_4	562	530
k99_565_5	562	843
k99_565_6	562	56
k99_1570_1	562	240
k99_1570_2	562	627
k99_1712_1	1547	183
k99_1712_2	1547	1178
k99_1712_3	1547	219
k99_1432_1	543	357
k99_1714_1	207244	237
k99_2277_1	105841	86
k99_2277_2	207244	384
k99_566_1	818	176
k99_566_2	818	388
k99_566_3	818	608
k99_566_4	818	1041
k99_566_5	816	652
k99_566_6	818	750
k99_566_7	816	835
k99_566_8	816	779
k99_566_9	818	690
k99_566_10	818	1374
k99_566_11	818	1083
k99_566_12	818	2706
k99_566_13	818	1585
k99_566_14	818	2080
k99_566_15	818	1214
k99_566_16	818	2153
k99_566_17	818	1241
k99_566_18	818	1332
k99_2705_1	562	562
k99_2705_2	562	1617
k99_2705_3	562	1334
k99_2705_4	562	268
k99_2705_5	562	214
k99_2705_6	562	763
k99_2705_7	562	342
k99_2705_8	562	453
k99_2705_9	562	645
k99_2705_10	562	613
k99_2705_11	562	375
k99_2708_1	207244	341
k99_2708_2	207244	135
k99_2284_1	207244	268
k99_2285_1	186803	521
k99_2285_2	186803	234
k99_2285_3	186803	785
k99_2285_4	572511	671
k99_2285_5	186803	144
k99_2285_6	572511	236
k99_2285_7	572511	280
k99_2150_1	818	397
k99_2150_2	816	679
k99_2150_3	818	829
k99_2150_4	818	796
k99_2150_5	818	762
k99_2150_6	818	775
k99_2150_7	818	795
k99_2150_8	818	813
k99_2150_9	818	406
k99_2150_10	818	313
k99_2150_11	818	857
k99_2150_12	818	729
k99_2150_13	818	751
k99_2150_14	818	392
k99_2150_15	818	736
k99_2150_16	818	157
k99_2150_17	818	624
k99_2150_18	818	293
k99_2150_19	818	503
k99_2150_20	818	948
k99_2153_2	1547	356
k99_1109_1	562	367
k99_2715_1	207244	167
k99_2715_2	105841	219
k99_1436_1	207244	300
k99_1114_1	1547	475
k99_1114_2	1547	410
k99_1114_3	1547	423
k99_1114_4	1547	937
k99_1114_5	1547	165
k99_644_1	408170	189
k99_644_2	562	519
k99_644_3	562	577
k99_644_4	561	512
k99_644_5	562	410
k99_644_6	562	886
k99_644_7	562	520
k99_644_8	562	498
k99_644_9	562	330
k99_644_10	562	483
k99_644_11	562	511
k99_644_12	562	273
k99_644_13	562	216
k99_644_14	562	531
k99_644_15	543	311
k99_644_16	562	392
k99_1115_1	562	918
k99_1115_2	562	329
k99_2155_1	1547	151
k99_2155_2	1547	137
k99_2155_3	1239	608
k99_2155_4	1547	582
k99_2155_5	1547	644
k99_2155_6	1547	708
k99_2155_7	1547	602
k99_2155_8	1547	409
k99_2155_9	1547	725
k99_2155_10	1547	863
k99_2155_11	1547	640
k99_2155_12	1547	942
k99_2155_13	1547	578
k99_2155_14	1547	761
k99_2155_15	1547	702
k99_2155_16	1547	551
k99_2155_17	1547	705
k99_2155_18	1547	563
k99_2155_19	1547	597
k99_2155_20	1547	451
k99_2155_21	1547	344
k99_2155_22	1547	509
k99_2720_1	562	263
k99_2720_2	562	162
k99_2720_3	562	245
k99_2720_4	562	76
k99_2720_5	562	355
k99_570_1	572511	368
k99_570_2	572511	150
k99_570_3	33035	594
k99_570_4	572511	582
k99_570_5	572511	528
k99_570_6	572511	413
k99_570_7	572511	544
k99_570_8	572511	694
k99_570_9	572511	515
k99_570_10	572511	734
k99_570_11	572511	717
k99_570_12	33035	859
k99_570_13	33035	569
k99_570_14	33035	534
k99_570_15	33035	303
k99_570_16	33035	310
k99_570_17	33035	839
k99_570_18	33035	623
k99_570_19	572511	1018
k99_570_20	572511	1132
k99_570_21	33035	911
k99_570_22	572511	585
k99_570_23	572511	583
k99_570_24	572511	1380
k99_570_25	33035	142
k99_570_26	572511	398
k99_570_27	572511	403
k99_570_28	572511	721
k99_570_29	572511	854
k99_570_30	572511	431
k99_570_31	572511	1625
k99_570_32	572511	462
k99_570_33	33035	782
k99_570_34	572511	144
k99_570_35	572511	778
k99_570_36	572511	1038
k99_570_37	572511	641
k99_570_38	572511	331
k99_575_1	207244	315
k99_2721_1	562	951
k99_2721_2	562	172
k99_2721_3	562	226
k99_654_1	543	689
k99_1809_1	1547	454
k99_1809_2	3025755	1151
k99_1809_3	1547	570
k99_1809_4	1547	385
k99_1809_5	1547	640
k99_1809_6	1547	455
k99_1809_7	1547	94
k99_1809_8	1547	753
k99_1809_9	1547	183
k99_1809_10	1547	70
k99_782_1	1547	67
k99_782_2	1547	190
k99_782_3	3025755	664
k99_782_4	1547	226
k99_2803_1	572511	330
k99_2803_2	1532	588
k99_2803_3	33035	195
k99_2803_4	572511	906
k99_2803_5	572511	530
k99_2803_6	33035	397
k99_2803_7	572511	921
k99_2803_8	572511	1711
k99_2803_9	572511	156
k99_2803_10	572511	429
k99_2803_11	572511	819
k99_2803_12	572511	865
k99_2803_13	572511	799
k99_2803_14	572511	610
k99_2803_15	572511	1513
k99_2803_16	572511	1498
k99_2803_17	572511	271
k99_2803_18	572511	1033
k99_2803_19	33035	436
k99_2803_20	572511	716
k99_2803_21	572511	700
k99_2803_22	572511	618
k99_2803_23	572511	527
k99_2803_24	572511	582
k99_2803_25	33035	901
k99_2803_26	33035	336
k99_1122_2	1547	718
k99_1122_3	1547	578
k99_1122_4	1547	254
k99_1812_1	562	445
k99_1812_2	562	196
k99_1812_3	562	81
k99_1817_1	69824	117
k99_1817_2	1547	291
k99_1817_3	1547	101
k99_2288_1	562	566
k99_2288_2	562	193
k99_2288_3	562	811
k99_2288_4	543	179
k99_2288_5	562	192
k99_2288_6	562	411
k99_2288_7	562	357
k99_2288_8	543	486
k99_2288_9	562	530
k99_2288_10	562	598
k99_2288_11	562	643
k99_2288_12	562	369
k99_2288_13	562	370
k99_2288_14	562	359
k99_2288_15	543	467
k99_2288_16	562	810
k99_2288_17	562	188
k99_2288_18	562	312
k99_2288_19	543	564
k99_2288_20	543	171
k99_2288_21	562	429
k99_2288_22	562	479
k99_2288_23	562	418
k99_2288_24	562	83
k99_1128_1	562	399
k99_1128_2	562	642
k99_1128_3	573	50
k99_2292_1	562	113
k99_2292_2	562	266
k99_2292_3	562	328
k99_2292_4	562	204
k99_2292_5	562	400
k99_2292_6	562	300
k99_2292_7	562	195
k99_2292_8	562	183
k99_2292_9	562	837
k99_2292_10	562	602
k99_2809_1	1547	608
k99_2809_2	1547	499
k99_2809_3	1547	483
k99_2809_4	1547	557
k99_2809_5	1547	529
k99_2809_6	3025755	230
k99_2809_7	3025755	599
k99_2809_8	3025755	251
k99_2809_9	3025755	226
k99_2809_10	1239	77
k99_2809_11	526525	147
k99_2809_12	3025755	508
k99_2809_13	3025755	436
k99_2809_14	3025755	829
k99_2809_15	1547	276
k99_2809_16	1547	115
k99_2809_17	3025755	328
k99_2809_18	3025755	221
k99_2809_19	1547	346
k99_2809_20	3025755	260
k99_2809_21	526525	129
k99_2809_22	3025755	344
k99_2809_23	3025755	206
k99_2809_24	3025755	237
k99_2809_25	3025755	166
k99_2809_26	3025755	115
k99_2809_27	3025755	271
k99_2809_28	2810280	423
k99_2809_29	29348	208
k99_2809_30	3025755	191
k99_2809_31	3025755	542
k99_2809_32	1547	186
k99_2809_33	3025755	399
k99_2809_34	3025755	464
k99_2809_35	2810280	198
k99_2809_36	1547	403
k99_2809_37	1547	420
k99_2295_1	105841	372
k99_2295_2	105841	126
k99_1828_1	1547	2219
k99_2811_1	1547	58
k99_2811_2	1547	272
k99_2811_3	1547	113
k99_2811_4	1547	307
k99_2811_6	1547	96
k99_2811_8	1547	456
k99_2811_10	1547	515
k99_2811_11	1547	409
k99_2811_12	1547	227
k99_2811_13	3025755	358
k99_2811_14	1547	598
k99_2811_15	1547	284
k99_2811_16	1547	569
k99_2811_17	1547	226
k99_2811_18	1547	411
k99_2811_19	1547	694
k99_2811_20	1547	1014
k99_2811_21	1547	1009
k99_2811_22	1547	743
k99_2811_23	1547	89
k99_1834_1	562	148
k99_1834_2	562	531
k99_1834_3	562	316
k99_1834_4	562	116
k99_1834_5	562	74
k99_671_1	572511	321
k99_671_2	572511	707
k99_671_3	572511	837
k99_671_4	572511	550
k99_671_5	33035	83
k99_671_6	572511	424
k99_671_7	33035	600
k99_2822_1	1532	402
k99_2822_2	572511	833
k99_2431_1	816	772
k99_2431_2	816	783
k99_2431_3	818	251
k99_2431_4	818	792
k99_2431_5	818	710
k99_2431_6	816	1978
k99_2431_7	818	835
k99_2431_8	818	453
k99_2431_9	818	1405
k99_2431_10	818	1147
k99_2431_11	816	907
k99_2431_12	816	747
k99_2431_13	816	1085
k99_2431_14	818	427
k99_2431_15	818	862
k99_2431_16	818	863
k99_2431_17	818	499
k99_2431_18	818	558
k99_2431_19	818	1549
k99_2431_20	816	439
k99_2431_21	818	1510
k99_2431_22	818	877
k99_2431_23	818	431
k99_2431_24	816	535
k99_2431_25	818	715
k99_2431_26	816	1450
k99_2431_27	816	1015
k99_2431_28	818	432
k99_2431_29	818	846
k99_2431_30	816	770
k99_2431_31	818	639
k99_2431_32	818	345
k99_2431_33	818	298
k99_2431_34	816	168
k99_2431_35	818	1560
k99_2431_36	818	284
k99_2431_37	816	976
k99_2431_38	818	161
k99_2431_39	818	244
k99_2431_40	818	727
k99_2431_41	816	135
k99_2431_42	818	274
k99_2431_43	818	363
k99_2431_44	816	1014
k99_2431_45	818	556
k99_2431_46	818	1341
k99_2431_47	818	1617
k99_2431_48	816	393
k99_2431_49	816	171
k99_2431_50	816	142
k99_2431_51	818	618
k99_2431_52	816	979
k99_2431_53	818	581
k99_2431_54	818	605
k99_2431_55	818	686
k99_2431_56	818	343
k99_2431_57	818	454
k99_2431_58	818	970
k99_2431_59	818	1401
k99_2431_60	818	1092
k99_2431_61	818	1091
k99_2431_62	816	1086
k99_2431_63	816	848
k99_2431_64	818	497
k99_2431_65	816	382
k99_2431_66	816	313
k99_2431_67	816	617
k99_2431_68	818	1564
k99_2431_69	818	242
k99_2431_70	816	506
k99_2431_71	818	848
k99_2431_72	818	148
k99_2431_73	816	604
k99_2431_74	818	2852
k99_2431_75	816	472
k99_2431_76	816	946
k99_2431_77	818	381
k99_2431_78	818	666
k99_2431_79	818	2278
k99_2431_80	818	1258
k99_2431_81	818	1000
k99_2431_82	818	1426
k99_2431_83	818	384
k99_2431_84	818	120
k99_2431_85	818	1109
k99_2431_86	818	137
k99_2431_87	818	1252
k99_2431_88	816	62
k99_2431_89	818	1059
k99_2431_90	818	845
k99_2431_91	818	729
k99_2431_92	816	519
k99_2431_93	818	658
k99_2431_94	818	407
k99_2431_95	818	468
k99_2431_96	816	292
k99_2431_97	816	1414
k99_2431_98	818	322
k99_2431_99	818	1185
k99_2431_100	816	546
k99_2431_101	818	1043
k99_2431_102	816	630
k99_2431_103	818	320
k99_2431_104	818	594
k99_2431_105	818	189
k99_2431_107	818	352
k99_2431_108	818	495
k99_2431_109	818	134
k99_2431_110	818	160
k99_2431_111	818	1015
k99_2431_112	816	104
k99_2431_113	818	484
k99_2431_114	818	552
k99_2431_115	818	727
k99_2431_116	816	579
k99_2431_117	818	549
k99_2431_118	818	492
k99_2431_119	816	1001
k99_2431_120	816	890
k99_2431_121	816	935
k99_2431_122	816	414
k99_2431_123	818	879
k99_2431_124	816	218
k99_2431_125	818	146
k99_2431_126	818	294
k99_2431_127	818	438
k99_2431_128	816	224
k99_2431_129	818	1100
k99_2431_130	818	664
k99_2431_131	816	1049
k99_2431_132	818	666
k99_2431_133	816	2368
k99_2431_134	816	238
k99_2431_135	816	438
k99_2431_136	818	647
k99_2431_137	818	257
k99_2431_138	818	503
k99_2431_139	816	235
k99_2431_140	818	865
k99_2431_141	818	1562
k99_2431_142	816	357
k99_2431_143	818	282
k99_2431_144	818	281
k99_2431_145	818	1802
k99_2431_146	818	172
k99_2431_147	818	285
k99_2431_148	816	890
k99_2431_149	816	541
k99_2431_150	816	976
k99_2431_151	818	711
k99_2431_152	816	965
k99_2431_153	816	357
k99_2431_154	818	687
k99_2431_155	818	366
k99_2431_156	818	860
k99_2431_157	818	524
k99_2431_158	818	780
k99_2431_159	816	787
k99_2431_160	816	333
k99_2431_161	816	682
k99_2431_162	816	768
k99_2431_163	816	1587
k99_2431_164	818	481
k99_2431_165	818	94
k99_2431_166	816	173
k99_2431_167	816	479
k99_2431_168	818	507
k99_2431_169	816	129
k99_2431_170	818	224
k99_2431_171	818	259
k99_2431_172	818	335
k99_2431_173	818	249
k99_2431_174	818	141
k99_2431_175	816	192
k99_2431_176	818	359
k99_2431_177	816	187
k99_2431_178	818	199
k99_2431_179	818	521
k99_2431_180	818	121
k99_2431_181	818	812
k99_2431_182	818	881
k99_2431_183	818	940
k99_2431_184	818	779
k99_2431_185	818	1511
k99_2431_186	816	436
k99_2431_187	818	1501
k99_2431_188	818	1489
k99_2431_189	818	1539
k99_2431_190	818	1503
k99_2431_191	818	882
k99_2431_192	818	1273
k99_2431_193	818	2134
k99_2431_194	818	243
k99_2431_195	818	224
k99_2431_196	816	784
k99_2431_197	816	668
k99_2431_198	816	1176
k99_2431_199	818	1295
k99_2431_200	818	255
k99_2431_201	816	607
k99_2431_202	818	766
k99_2431_203	818	353
k99_2431_204	818	402
k99_2431_205	816	491
k99_2431_206	818	190
k99_2431_207	818	274
k99_2431_208	818	725
k99_2431_209	816	441
k99_2431_210	818	890
k99_2431_211	818	707
k99_2431_212	818	1952
k99_2431_213	816	306
k99_2431_214	816	529
k99_2431_215	816	659
k99_2431_216	818	57
k99_2431_217	818	305
k99_2431_218	816	520
k99_2431_219	816	588
k99_2431_221	816	452
k99_2431_222	816	1323
k99_2431_223	816	582
k99_2431_224	818	1539
k99_2431_225	816	1334
k99_2431_226	816	1544
k99_2431_227	816	1660
k99_2431_228	818	788
k99_2431_229	816	733
k99_2431_230	816	192
k99_2431_231	816	151
k99_2431_232	818	528
k99_2431_233	818	1157
k99_2431_234	818	368
k99_2431_235	816	651
k99_2431_236	816	631
k99_2431_237	818	684
k99_2431_238	816	574
k99_2431_239	816	632
k99_2431_240	818	770
k99_2431_241	816	172
k99_2431_242	818	863
k99_2431_243	816	610
k99_2431_244	816	102
k99_2431_245	171549	121
k99_2431_246	816	177
k99_2431_247	818	786
k99_2433_1	543	341
k99_2433_2	562	1183
k99_2433_3	562	450
k99_2433_4	562	342
k99_1867_1	3025755	367
k99_1439_1	818	203
k99_1439_2	818	276
k99_1439_3	818	1172
k99_1439_4	816	699
k99_1439_5	818	627
k99_1439_6	818	566
k99_1439_7	818	609
k99_1439_8	818	679
k99_1439_9	816	273
k99_1439_10	816	137
k99_1439_11	818	413
k99_1439_12	818	504
k99_1439_13	818	49
k99_1439_14	818	84
k99_1439_15	818	625
k99_1439_16	818	425
k99_1439_17	816	1724
k99_1439_18	818	800
k99_1439_19	816	125
k99_1439_20	818	311
k99_1439_21	818	253
k99_1439_22	818	309
k99_1439_23	818	218
k99_1439_24	818	410
k99_1439_25	818	595
k99_1439_26	818	1388
k99_1439_27	818	2088
k99_1439_28	818	900
k99_1439_29	818	733
k99_1439_30	816	1060
k99_1439_31	816	1126
k99_1439_32	818	285
k99_1439_33	818	932
k99_1439_34	818	1838
k99_1439_35	818	2315
k99_1439_36	816	933
k99_1439_37	818	919
k99_1439_38	818	421
k99_1439_39	816	256
k99_1439_40	816	307
k99_1439_41	816	1223
k99_1439_42	818	459
k99_1439_43	818	959
k99_1439_44	818	1244
k99_1439_45	818	285
k99_1439_46	816	664
k99_1439_47	818	618
k99_1439_48	818	349
k99_1439_49	818	494
k99_1439_50	818	330
k99_1439_51	818	71
k99_1439_52	818	561
k99_1439_53	818	456
k99_1439_54	818	654
k99_1439_55	818	446
k99_1439_56	818	1280
k99_1439_57	818	353
k99_1439_58	818	706
k99_1439_59	818	838
k99_1439_60	818	674
k99_1439_61	818	810
k99_1439_62	818	827
k99_1439_63	816	469
k99_1439_64	816	637
k99_1439_65	818	315
k99_1439_66	818	379
k99_1439_67	816	227
k99_1439_68	818	635
k99_1439_69	818	1958
k99_1439_70	818	718
k99_1439_71	818	518
k99_1439_72	47678	118
k99_1439_73	816	255
k99_1439_74	816	248
k99_1439_75	816	931
k99_1439_76	816	744
k99_1439_77	816	988
k99_1439_78	816	796
k99_1439_79	816	492
k99_1439_80	816	783
k99_1439_81	816	1371
k99_1439_82	818	1436
k99_1439_83	816	102
k99_1439_84	816	139
k99_1439_85	816	195
k99_1439_86	816	125
k99_1439_87	47678	77
k99_1439_88	818	258
k99_1439_89	816	126
k99_1439_90	816	621
k99_1439_91	816	112
k99_1439_92	816	371
k99_1439_93	816	636
k99_1439_94	816	2246
k99_1439_95	816	1166
k99_1439_96	816	1335
k99_1439_97	816	1273
k99_1439_98	816	795
k99_1439_99	816	320
k99_1439_100	816	330
k99_1439_101	816	174
k99_1439_102	816	261
k99_1439_103	816	874
k99_1439_104	816	560
k99_1439_105	47678	82
k99_1439_106	816	197
k99_1439_107	816	794
k99_1439_108	816	805
k99_1439_109	818	271
k99_1439_110	818	874
k99_1439_111	818	921
k99_1439_112	818	726
k99_1439_113	818	523
k99_1439_114	818	600
k99_1439_115	818	1952
k99_1439_116	816	434
k99_1439_117	818	409
k99_1439_118	818	919
k99_1439_119	816	229
k99_1439_120	818	1627
k99_1439_121	816	915
k99_1439_122	818	2024
k99_1439_123	818	1038
k99_1439_124	818	806
k99_1439_125	818	336
k99_2835_1	1547	3332
k99_797_1	572511	352
k99_1151_1	572511	361
k99_1151_2	572511	279
k99_1151_3	572511	504
k99_1151_4	572511	369
k99_1151_5	572511	237
k99_1151_6	572511	167
k99_1151_7	572511	1356
k99_1151_8	572511	1363
k99_1151_9	572511	817
k99_1151_10	572511	1005
k99_1151_11	572511	1849
k99_1151_12	572511	1173
k99_1151_13	572511	1061
k99_1151_14	572511	884
k99_1151_15	572511	562
k99_1151_16	572511	536
k99_1151_17	572511	1001
k99_1151_18	572511	538
k99_1151_19	33035	262
k99_1151_20	572511	740
k99_1151_21	572511	674
k99_1151_22	572511	561
k99_1151_23	572511	406
k99_1151_24	572511	1069
k99_1151_25	572511	1174
k99_1151_26	572511	631
k99_1151_27	572511	1854
k99_1151_28	572511	788
k99_1151_29	572511	535
k99_1151_30	572511	483
k99_1151_31	572511	132
k99_1151_32	572511	191
k99_1151_33	572511	304
k99_1151_34	572511	178
k99_1151_35	572511	457
k99_1151_36	1532	1060
k99_1151_37	572511	1298
k99_1151_38	572511	277
k99_1151_39	572511	840
k99_1151_40	33035	128
k99_1151_41	572511	380
k99_1151_42	33035	136
k99_1151_43	1532	70
k99_1151_44	33035	206
k99_1151_45	572511	120
k99_2437_1	1547	616
k99_2437_2	1547	761
k99_2437_3	1547	189
k99_2437_4	1547	215
k99_2854_1	1547	205
k99_2854_2	1547	874
k99_2854_3	1547	1494
k99_678_1	207244	54
k99_678_2	207244	185
k99_693_1	1547	652
k99_693_2	1547	84
k99_693_3	1547	312
k99_693_4	1547	631
k99_693_5	1547	173
k99_827_1	562	122
k99_827_2	562	487
k99_827_3	562	652
k99_827_4	562	610
k99_827_5	562	556
k99_827_6	562	701
k99_827_7	562	870
k99_827_8	562	731
k99_696_1	207244	378
k99_712_1	572511	786
k99_712_2	572511	491
k99_712_3	572511	862
k99_712_5	33035	1154
k99_844_1	207244	284
k99_715_1	1547	173
k99_715_2	1547	660
k99_715_3	1547	424
k99_715_4	1547	696
k99_715_5	1547	590
k99_715_6	1239	163
k99_715_7	1547	558
k99_715_8	1547	697
k99_715_9	1547	900
k99_715_10	1547	782
k99_715_11	1547	864
k99_715_13	1547	330
k99_846_1	562	587
k99_846_2	543	416
k99_846_3	562	205
k99_719_1	562	221
k99_719_2	562	481
k99_719_3	543	432
k99_719_4	543	1068
k99_719_5	543	192
k99_719_6	562	1552
k99_719_7	543	393
k99_855_1	572511	271
k99_855_2	572511	535
k99_855_3	186803	448
k99_855_4	186803	292
k99_855_5	572511	191
k99_855_6	572511	224
k99_855_7	572511	104
k99_855_8	572511	110
k99_855_9	1532	241
k99_855_10	33035	320
k99_855_11	572511	372
k99_855_12	572511	988
k99_855_13	572511	262
k99_855_14	572511	137
k99_863_1	207244	201
sp|ALBU_BOVIN|	9903	1241
sp|AMYS_HUMAN|	9604	1095
sp|CAS1_BOVIN|	9903	416
sp|CAS2_BOVIN|	9903	417
sp|CASB_BOVIN|	9903	414
sp|CASK_BOVIN|	9903	367
sp|CTRA_BOVIN|	9895	489
sp|CTRB_BOVIN|	9895	502
sp|K1C10_HUMAN|	9527	621
sp|K1C15_SHEEP|	9895	706
sp|K1C9_HUMAN|	9604	671
sp|K1H1_HUMAN|	9527	761
sp|K1H2_HUMAN|	9527	753
sp|K1H4_HUMAN|	9527	737
sp|K1H5_HUMAN|	9527	812
sp|K1H6_HUMAN|	9527	860
sp|K1H7_HUMAN|	9604	864
sp|K1H8_HUMAN|	9527	832
sp|K1HA_HUMAN|	9443	770
sp|K1HB_HUMAN|	9443	777
sp|K1M1_SHEEP|	9895	790
sp|K1M2_SHEEP|	9895	781
sp|K22E_HUMAN|	9606	842
sp|K2C1_HUMAN|	9443	706
sp|K2M1_SHEEP|	9895	142
sp|K2M2_SHEEP|	9895	947
sp|K2M3_SHEEP|	9895	944
sp|KRA33_SHEEP|	9940	217
sp|KRA34_SHEEP|	9940	219
sp|KRA3A_SHEEP|	9940	206
sp|KRA3_SHEEP|	9940	175
sp|KRA61_SHEEP|	9940	78
sp|KRB2A_SHEEP|	9940	148
sp|KRB2B_SHEEP|	9940	144
sp|KRB2C_SHEEP|	9935	139
sp|KRB2D_SHEEP|	9940	142
sp|KRHB1_HUMAN|	9443	918
sp|KRHB2_HUMAN|	9527	915
sp|KRHB3_HUMAN|	9443	932
sp|KRHB4_HUMAN|	9604	1046
sp|KRHB5_HUMAN|	40674	927
sp|KRHB6_HUMAN|	9443	864
sp|LALBA_BOVIN|	9895	298
sp|LYSC_LYSEN|	68	544
sp|PEPA_BOVIN|	9895	735
sp|PEPA_PIG|	9823	758
sp|PEPB_PIG|	9823	135
sp|PEPC_PIG|	9823	143
sp|SSPA_STAAU|	1280	550
sp|TRY1_BOVIN|	9895	492
sp|TRY2_BOVIN|	9895	518
sp|TRYP_PIG|	9823	477
sp|ALBU_HUMAN|	9604	1227
sp|ANT3_HUMAN|	9443	920
sp|ANXA5_HUMAN|	40674	612
sp|B2MG_HUMAN|	9604	244
sp|BID_HUMAN|	9604	382
sp|CAH1_HUMAN|	9443	530
sp|CAH2_HUMAN|	9443	545
sp|CATA_HUMAN|	9443	1095
sp|CATD_HUMAN|	9443	825
sp|CATG_HUMAN|	9606	508
sp|CO5_HUMAN|	9604	3327
sp|CRP_HUMAN|	9604	457
sp|CYB5_HUMAN|	9443	273
sp|CYC_HUMAN|	9527	216
sp|EGF_HUMAN|	9598	1808
sp|FABPH_HUMAN|	9443	262
sp|GELS_HUMAN|	9443	1568
sp|GSTA1_HUMAN|	9443	433
sp|GSTP1_HUMAN|	9527	425
sp|HBA_HUMAN|	9443	283
sp|HBB_HUMAN|	9443	302
sp|IGF2_HUMAN|	9527	366
sp|IL8_HUMAN|	9443	195
sp|KCRM_HUMAN|	40674	780
sp|LALBA_HUMAN|	9527	293
sp|LEP_HUMAN|	9604	338
sp|LYSC_HUMAN|	9604	308
sp|MYG_HUMAN|	9443	309
sp|NEDD8_HUMAN|	40674	152
sp|NQO1_HUMAN|	9527	557
sp|NQO2_HUMAN|	9604	481
sp|PDGFB_HUMAN|	9443	482
sp|PPIA_HUMAN|	9443	345
sp|PRDX1_HUMAN|	40674	411
sp|RASH_HUMAN|	7711	383
sp|RETBP_HUMAN|	9443	425
sp|SODC_HUMAN|	9604	315
sp|SUMO1_HUMAN|	40674	199
sp|SYH_HUMAN|	40674	978
sp|TAU_HUMAN|	9604	1088
sp|THIO_HUMAN|	40674	214
sp|TNFA_HUMAN|	9527	463
sp|TRFE_HUMAN|	9604	1474
sp|TRFL_HUMAN|	9606	1466
sp|UB2E1_HUMAN|	7711	358
sp|UBE2C_HUMAN|	40674	360
sp|UBE2I_HUMAN|	186623	333
sp|RS27A_HUMAN|	40674	308
sp|GAG_SCVLA|	3432942	1387
sp|CYC_HORSE|	40674	219
sp|CAH2_BOVIN|	9903	546
sp|ADH1_YEAST|	4932	702
sp|ALDOA_RABIT|	40674	717
sp|LYSC_CHICK|	9005	310
sp|MYG_HORSE|	9789	309
sp|OVAL_CHICK|	9031	744
sp|BGAL_ECOLI|	562	2155
sp|DHE3_BOVIN|	40674	1119
sp|SRPP_HEVBR|	3981	389
sp|REF_HEVBR|	3981	261
sp|PLMP_GRIFR|	5627	670
KKA1_ECOLX	543	570
